2 - complete comparative genomics; 1 - certain comparative genomics; 0 - no comparative genomics	host	ncbi taxonomy id	refseq id	gcf id	img genome id	strain/species reference	reference category	ecotype	specific ecosystem	cultured	diseases	ecosystem	ecosystem category	ecosystem subtype	ecosystem type	gram staining	oxygen requirement	metabolism	motility	sample body site	sample body subsite	genome size   * assembled	gene count   * assembled	gc count   * assembled	gc   * assembled	cds count   * assembled	cds %   * assembled	genome link	file	ncbi_taxid	kingdom	phylum	class	order	family	genus	species	habitat	pubseedid	annotation version id	cell shape	id	summary_rank
0.0	Human	329726.0	GCF_000018105.1	GCF_000018105.1	641228474.0	PMID:31092280	DAR genome selection	0.0	0.0	Yes	0.0	Host-associated	Animal	Unclassified	Unclassified	Gram-	Aerobe	0.0	Nonmotile	0.0	0.0	8361599.0	8488.0	3926263.0	47.0	8409.0	99.07	ftp://ftp.ncbi.nlm.nih.gov/genomes/all/GCF/000/018/105/GCF_000018105.1_ASM1810v1	s__Acaryochloris_marina.json	329726.0	d__Bacteria	p__Cyanobacteriota	c__Cyanobacteriia	o__Thermosynechococcales	f__Thermosynechococcaceae	g__Acaryochloris	s__Acaryochloris marina					s__Acaryochloris_marina	species
0.0	Human	258515.0		GCF_900103835.1	2667527408.0	https://www.biorxiv.org/content/10.1101/691030v1	Literature research	0.0	0.0	Yes	0.0	0	0	0	0	Gram+	Anaerobe	0.0	Motile	0.0	0.0	2916215.0	2842.0	1429234.0	49.0	2773.0	97.57	ftp://ftp.ncbi.nlm.nih.gov/genomes/all/GCF/900/103/835/GCF_900103835.1_IMG-taxon_2667527408_annotated_assembly	s__Acetanaerobacterium_elongatum.json	258515.0	d__Bacteria	p__Bacillota	c__Clostridia	o__Oscillospirales	f__Ruminococcaceae	g__Acetanaerobacterium	s__Acetanaerobacterium elongatum	0.0				s__Acetanaerobacterium_elongatum	species
1.0	Human	509191.0		GCF_000179595.2	2510461053.0	https://www.biorxiv.org/content/10.1101/691030v1	Literature research	0.0	0.0	Yes	0.0	Engineered	Wastewater	Unclassified	Unclassified	Gram+	Anaerobe		Motile	0.0	0.0	6156735.0	5163.0	2184827.0	36.0	5094.0	98.66	ftp://ftp.ncbi.nlm.nih.gov/genomes/all/GCF/000/179/595/GCF_000179595.2_ASM17959v2	s__Acetivibrio_cellulolyticus.json	509191.0	d__Bacteria	p__Bacillota	c__Clostridia	o__Acetivibrionales	f__Acetivibrionaceae	g__Acetivibrio	s__Acetivibrio cellulolyticus		Acetivibrio cellulolyticus CD2 (509191.4)	509191.4		s__Acetivibrio_cellulolyticus	species
2.0	Human	720554.0		GCF_000237085.1	2507262051.0	PMID:20203603; PMID:24861948	AGORA 1.03	0.0	0.0	Yes	0.0	Engineered	Wastewater	Unclassified	Unclassified	Gram+	Anaerobe		Nonmotile	0.0	0.0	4897678.0	4229.0	1749312.0	36.0	4131.0	97.68	ftp://ftp.ncbi.nlm.nih.gov/genomes/all/GCF/000/237/085/GCF_000237085.1_ASM23708v1	s__Acetivibrio_clariflavus.json	720554.0	d__Bacteria	p__Bacillota	c__Clostridia	o__Acetivibrionales	f__Acetivibrionaceae	g__Acetivibrio	s__Acetivibrio clariflavus		Clostridium clariflavum DSM 19732 (720554.3)	720554.3		s__Acetivibrio_clariflavus	species
1.0	Human	1009370.0		GCF_000219125.1	651324002.0	https://www.biorxiv.org/content/10.1101/691030v1	Literature research	0.0	0.0	Yes	0.0	Host-associated	Insecta	Unclassified	Digestive system	Gram-	Anaerobe	0.0	0	0.0	0.0	4323011.0	4347.0	2177104.0	50.0	4284.0	98.55	ftp://ftp.ncbi.nlm.nih.gov/genomes/all/GCF/000/219/125/GCF_000219125.1_ASM21912v1	s__Acetonema_longum.json	1009370.0	d__Bacteria	p__Bacillota	c__Negativicutes	o__Sporomusales	f__Acetonemataceae	g__Acetonema	s__Acetonema longum		Acetonema longum DSM 6540 (1009370.3)	1009370.3		s__Acetonema_longum	species
2.0	Human	1003200.0		GCF_000219745.1	2529293051.0	Strains of species found in the human gut (PMID:24861948) present in PubSEED	Initial strain selection	0.0	0.0	Yes		Host-associated	Unclassified	Unclassified	Unclassified	Gram-	Aerobe	0.0	Motile	0.0	0.0	6707795.0	6220.0	4574268.0	68.0	6161.0	99.05	https://www.ncbi.nlm.nih.gov/assembly/GCF_000219745.1/	s__Achromobacter_insuavis_A.json	1003200.0	d__Bacteria	p__Pseudomonadota	c__Gammaproteobacteria	o__Burkholderiales	f__Burkholderiaceae_B	g__Achromobacter	s__Achromobacter insuavis_A		Achromobacter xylosoxidans AXX-A (1003200.3)	1003200.3		s__Achromobacter_insuavis_A	species
0.0	Human	1216976.0		GCF_001598595.1		PMID:20203603; PMID:24861948	AGORA 1.03	0.0	0.0							Gram-	Aerobe	0.0	Motile	0.0	0.0							ftp://ftp.ncbi.nlm.nih.gov/genomes/all/GCF/001/598/595/GCF_001598595.1_ASM159859v1	s__Achromobacter_xylosoxidans.json	1216976.0	d__Bacteria	p__Pseudomonadota	c__Gammaproteobacteria	o__Burkholderiales	f__Burkholderiaceae_B	g__Achromobacter	s__Achromobacter xylosoxidans	0.0				s__Achromobacter_xylosoxidans	species
1.0	Human	762376.0		GCF_000165835.1	649633001.0	PMID:20203603; PMID:24861948	AGORA 1.03	0.0	0.0	Yes		Environmental	Terrestrial	Unclassified	Soil	Gram-	Aerobe	0.0	Motile	0.0	0.0	7359146.0	6885.0	4840772.0	66.0	6815.0	98.98	ftp://ftp.ncbi.nlm.nih.gov/genomes/all/GCF/000/165/835/GCF_000165835.1_ASM16583v1	s__Achromobacter_xylosoxidans_B.json	762376.0	d__Bacteria	p__Pseudomonadota	c__Gammaproteobacteria	o__Burkholderiales	f__Burkholderiaceae_B	g__Achromobacter	s__Achromobacter xylosoxidans_B		Achromobacter xylosoxidans A8 (762376.5)	762376.5		s__Achromobacter_xylosoxidans_B	species
0.0	Human	1120920.0		GCF_900103005.1	2599185234.0	https://www.biorxiv.org/content/10.1101/691030v1	Literature research	0.0	0.0	Yes	0.0	0	0	0	0	Gram-	Anaerobe	0.0	Nonmotile	0.0	0.0	3615609.0	3376.0	1762943.0	49.0	3280.0	97.16	ftp://ftp.ncbi.nlm.nih.gov/genomes/all/GCF/900/103/005/GCF_900103005.1_IMG-taxon_2599185234_annotated_assembly	s__Acidaminobacter_hydrogenoformans.json	1120920.0	d__Bacteria	p__Bacillota	c__Clostridia	o__Peptostreptococcales	f__Acidaminobacteraceae	g__Acidaminobacter	s__Acidaminobacter hydrogenoformans					s__Acidaminobacter_hydrogenoformans	species
2.0	Human	591001.0		GCF_000025305.1		PMID:20203603; PMID:24861948	AGORA 1.03	0.0	0.0							Gram-	Anaerobe	0.0	0	0.0	0.0							ftp://ftp.ncbi.nlm.nih.gov/genomes/all/GCF/000/025/305/GCF_000025305.1_ASM2530v1	s__Acidaminococcus_fermentans.json	591001.0	d__Bacteria	p__Bacillota	c__Negativicutes	o__Acidaminococcales	f__Acidaminococcaceae	g__Acidaminococcus	s__Acidaminococcus fermentans	0.0	Acidaminococcus fermentans DSM 20731 (591001.3)	591001.3	0.0	s__Acidaminococcus_fermentans	species
	Human							0.0	0.0	Yes		Host-associated		Unclassified		Gram-	Anaerobe	0.0	0		0.0				50.0				s__Acidaminococcus_intestini.json		d__Bacteria	p__Bacillota	c__Negativicutes	o__Acidaminococcales	f__Acidaminococcaceae	g__Acidaminococcus	s__Acidaminococcus intestini					s__Acidaminococcus_intestini	species
0.0	Human	1852375.0	GCF_900095825.1	GCF_900095825.1		PMID:30745586	Literature research									Gram-												ftp.ncbi.nlm.nih.gov/genomes/all/GCF/900/095/825/GCF_900095825.1_PRJEB15304	s__Acidaminococcus_massiliensis.json	1852375.0	d__Bacteria	p__Bacillota	c__Negativicutes	o__Acidaminococcales	f__Acidaminococcaceae	g__Acidaminococcus	s__Acidaminococcus massiliensis					s__Acidaminococcus_massiliensis	species
2.0	Human	1171373.0	GCF_000162935.1	GCF_000310065.1	2521172602.0	PMID:20203603; PMID:24861948	AGORA 1.03	0.0	0.0	Yes	0.0	Engineered	Food production	Unclassified	Dairy products	Gram+	Anaerobe	0.0	Nonmotile	0.0	0.0	3656170.0	3401.0	2514482.0	69.0	3336.0	98.09	ftp://ftp.ncbi.nlm.nih.gov/genomes/all/GCF/000/310/065/GCF_000310065.1_ASM31006v1	s__Acidipropionibacterium_acidipropionici.json	1171373.0	d__Bacteria	p__Actinomycetota	c__Actinomycetes	o__Propionibacteriales	f__Propionibacteriaceae	g__Acidipropionibacterium	s__Acidipropionibacterium acidipropionici		Propionibacterium acidipropionici ATCC 4875 (1171373.8)	1171373.8		s__Acidipropionibacterium_acidipropionici	species
0.0	Human	1122997.0		GCF_000425285.1	2523533551.0	PMID:20203603; PMID:24861948	AGORA 1.03	0.0	0.0	Yes	0.0	Engineered	Food production	Unclassified	Dairy products	Gram+	Anaerobe	0.0	0	0.0	0.0	3028354.0	2781.0	2079158.0	69.0	2719.0	97.77	ftp://ftp.ncbi.nlm.nih.gov/genomes/all/GCF/000/425/285/GCF_000425285.1_ASM42528v1	s__Acidipropionibacterium_jensenii.json	1122997.0	d__Bacteria	p__Actinomycetota	c__Actinomycetes	o__Propionibacteriales	f__Propionibacteriaceae	g__Acidipropionibacterium	s__Acidipropionibacterium jensenii				0.0	s__Acidipropionibacterium_jensenii	species
1.0	Mouse	240015.0		GCF_000022565.1	643692001.0	Personal communication, Dr. Jan Krumsiek	Personal communication	0.0	0.0	Yes	0.0	Environmental	Terrestrial	Mine	Geologic	Gram-	Obligate aerobe	0.0	Nonmotile	0.0	0.0	4127356.0	3425.0	2496927.0	60.0	3377.0	98.6	ftp://ftp.ncbi.nlm.nih.gov/genomes/all/GCF/000/022/565/GCF_000022565.1_ASM2256v1	s__Acidobacterium_capsulatum.json	240015.0	d__Bacteria	p__Acidobacteriota	c__Terriglobia	o__Terriglobales	f__Acidobacteriaceae	g__Acidobacterium	s__Acidobacterium capsulatum		Acidobacterium capsulatum ATCC 51196 (240015.3)	240015.3		s__Acidobacterium_capsulatum	species
	Human							0.0	0.0	Yes						Gram-	Aerobe	0.0	Nonmotile	0.0	0.0								s__Acinetobacter_baumannii.json		d__Bacteria	p__Pseudomonadota	c__Gammaproteobacteria	o__Pseudomonadales	f__Moraxellaceae	g__Acinetobacter	s__Acinetobacter baumannii					s__Acinetobacter_baumannii	species
	Human							0.0	0.0	Yes	0.0					Gram-	Aerobe	0.0	Nonmotile	0.0	0.0				39.0				s__Acinetobacter_calcoaceticus.json		d__Bacteria	p__Pseudomonadota	c__Gammaproteobacteria	o__Pseudomonadales	f__Moraxellaceae	g__Acinetobacter	s__Acinetobacter calcoaceticus	0.0			0.0	s__Acinetobacter_calcoaceticus	species
2.0	Human	1217690.0	GCF_000368945.1	GCF_000399665.1	2531839648.0	Strains of species found in the human gut (PMID:24861948) present in PubSEED	Initial strain selection	0.0	0.0	Yes	0.0	0	0	0	0	Gram-	Aerobe	0.0	Nonmotile	0.0	0.0	3824391.0	3627.0	1475116.0	39.0	3534.0	97.44	ftp://ftp.ncbi.nlm.nih.gov/genomes/all/GCF/000/399/665/GCF_000399665.1_Acin_calc_ANC_3811_V1	s__Acinetobacter_calcoaceticus_B.json	1217690.0	d__Bacteria	p__Pseudomonadota	c__Gammaproteobacteria	o__Pseudomonadales	f__Moraxellaceae	g__Acinetobacter	s__Acinetobacter calcoaceticus_B	0.0	Acinetobacter calcoaceticus ANC 3811 (1217690.3)	1217690.3	0.0	s__Acinetobacter_calcoaceticus_B	species
2.0	Human	903918.0		GCF_000314615.1	2531839355.0	Strains of species found in the human gut (PMID:24861948) present in PubSEED	Initial strain selection	0.0	0.0	Yes		Engineered	Built environment	Unclassified	Unclassified	Gram-	Aerobe	0.0	Nonmotile	0.0	0.0	4047401.0	3967.0	1725120.0	43.0	3887.0	97.98	ftp://ftp.ncbi.nlm.nih.gov/genomes/all/GCF/000/314/615/GCF_000314615.1_gacin30v1.0	s__Acinetobacter_courvalinii.json	903918.0	d__Bacteria	p__Pseudomonadota	c__Gammaproteobacteria	o__Pseudomonadales	f__Moraxellaceae	g__Acinetobacter	s__Acinetobacter courvalinii		Acinetobacter baumannii WC-323 (903918.3)	903918.3		s__Acinetobacter_courvalinii	species
2.0	Human					Strains of species found in the human gut (PMID:24861948) present in PubSEED	Initial strain selection	0.0	0.0	Yes	0.0					Gram-	Aerobe	0.0		0.0	0.0				43.0				s__Acinetobacter_fasciculus.json		d__Bacteria	p__Pseudomonadota	c__Gammaproteobacteria	o__Pseudomonadales	f__Moraxellaceae	g__Acinetobacter	s__Acinetobacter fasciculus	0.0			0.0	s__Acinetobacter_fasciculus	species
	Human					https://www.biorxiv.org/content/10.1101/691030v1	Literature research	0.0	0.0	Yes	0.0					Gram-	Aerobe	0.0	Nonmotile	0.0	0.0				38.0				s__Acinetobacter_guillouiae.json		d__Bacteria	p__Pseudomonadota	c__Gammaproteobacteria	o__Pseudomonadales	f__Moraxellaceae	g__Acinetobacter	s__Acinetobacter guillouiae	0.0			0.0	s__Acinetobacter_guillouiae	species
	Human							0.0	0.0	Yes	0.0					Gram-	Aerobe	0.0	Nonmotile										s__Acinetobacter_haemolyticus.json		d__Bacteria	p__Pseudomonadota	c__Gammaproteobacteria	o__Pseudomonadales	f__Moraxellaceae	g__Acinetobacter	s__Acinetobacter haemolyticus					s__Acinetobacter_haemolyticus	species
2.0	Human							0.0	0.0	Yes	0.0					Gram-	Aerobe	0.0		0.0	0.0								s__Acinetobacter_johnsonii.json		d__Bacteria	p__Pseudomonadota	c__Gammaproteobacteria	o__Pseudomonadales	f__Moraxellaceae	g__Acinetobacter	s__Acinetobacter johnsonii	0.0			0.0	s__Acinetobacter_johnsonii	species
2.0	Human							0.0	0.0	Yes	0.0					Gram-	Aerobe	0.0	Nonmotile	0.0	0.0								s__Acinetobacter_junii.json		d__Bacteria	p__Pseudomonadota	c__Gammaproteobacteria	o__Pseudomonadales	f__Moraxellaceae	g__Acinetobacter	s__Acinetobacter junii	0.0			0.0	s__Acinetobacter_junii	species
	Human							0.0	0.0	Yes	0.0					Gram-	Aerobe	0.0	Nonmotile	0.0	0.0				39.0				s__Acinetobacter_nosocomialis.json		d__Bacteria	p__Pseudomonadota	c__Gammaproteobacteria	o__Pseudomonadales	f__Moraxellaceae	g__Acinetobacter	s__Acinetobacter nosocomialis	0.0			0.0	s__Acinetobacter_nosocomialis	species
	Human							0.0	0.0	Yes						Gram-	Aerobe	0.0		0.0	0.0				39.0				s__Acinetobacter_pittii.json		d__Bacteria	p__Pseudomonadota	c__Gammaproteobacteria	o__Pseudomonadales	f__Moraxellaceae	g__Acinetobacter	s__Acinetobacter pittii					s__Acinetobacter_pittii	species
2.0	Human	1217691.0	GCF_000369025.1	GCF_000399685.1	2531839649.0	Strains of species found in the human gut (PMID:24861948) present in PubSEED	Initial strain selection	0.0	0.0	Yes	0.0	0	0	0	0	Gram-	Aerobe	0.0	0	0.0	0.0	3830551.0	3606.0	1486381.0	39.0	3520.0	97.62	ftp://ftp.ncbi.nlm.nih.gov/genomes/all/GCF/000/399/685/GCF_000399685.1_Acin_pitt_ANC_4050_V1	s__Acinetobacter_pittii_E.json	1217691.0	d__Bacteria	p__Pseudomonadota	c__Gammaproteobacteria	o__Pseudomonadales	f__Moraxellaceae	g__Acinetobacter	s__Acinetobacter pittii_E	0.0	Acinetobacter pittii ANC 4050 (1217691.3)	1217691.3	0.0	s__Acinetobacter_pittii_E	species
2.0	Human							0.0	0.0	Yes		Host-associated		Unclassified		Gram-	Aerobe	0.0		0.0	0.0								s__Acinetobacter_radioresistens.json		d__Bacteria	p__Pseudomonadota	c__Gammaproteobacteria	o__Pseudomonadales	f__Moraxellaceae	g__Acinetobacter	s__Acinetobacter radioresistens					s__Acinetobacter_radioresistens	species
2.0	Human	903915.0		GCF_000313935.1	2531839352.0	Strains of species found in the human gut (PMID:24861948) present in PubSEED	Initial strain selection	0.0	0.0	Yes		Host-associated	Human	Unclassified	Unclassified	Gram-	Aerobe	0.0	Nonmotile	0.0	0.0	3932253.0	3886.0	1527729.0	39.0	3812.0	98.1	ftp://ftp.ncbi.nlm.nih.gov/genomes/all/GCF/000/313/935/GCF_000313935.1_gacin27v1.0	s__Acinetobacter_sp000313935.json	903915.0	d__Bacteria	p__Pseudomonadota	c__Gammaproteobacteria	o__Pseudomonadales	f__Moraxellaceae	g__Acinetobacter	s__Acinetobacter sp000313935		Acinetobacter baumannii WC-141 (903915.3)	903915.3		s__Acinetobacter_sp000313935	species
2.0	Human	1217668.0	GCF_000487975.1	GCF_000369145.1	2534682026.0	Strains of species found in the human gut (PMID:24861948) present in PubSEED	Initial strain selection	0.0	0.0	Yes	0.0	0	0	0	0	Gram-	Aerobe	0.0	0	0.0	0.0	3276129.0	3166.0	1404927.0	43.0	3088.0	97.54	ftp://ftp.ncbi.nlm.nih.gov/genomes/all/GCF/000/369/145/GCF_000369145.1_Acin_lwof_NIPH_478_V1	s__Acinetobacter_sp049896445.json	1217668.0	d__Bacteria	p__Pseudomonadota	c__Gammaproteobacteria	o__Pseudomonadales	f__Moraxellaceae	g__Acinetobacter	s__Acinetobacter sp049896445	0.0	Acinetobacter lwoffii NIPH 478 (1217668.3)	1217668.3	0.0	s__Acinetobacter_sp049896445	species
	Human							0.0	0.0	Yes						Gram-	Aerobe		Nonmotile										s__Actinobacillus_lignieresii.json		d__Bacteria	p__Pseudomonadota	c__Gammaproteobacteria	o__Enterobacterales	f__Pasteurellaceae	g__Actinobacillus	s__Actinobacillus lignieresii					s__Actinobacillus_lignieresii	species
0.0	Human	1120943.0	GCF_000429265.1	GCF_000429265.1	2524023137.0	https://www.biorxiv.org/content/10.1101/691030v1	Literature research	0.0	0.0	Yes	0.0	Host-associated	Human	Unclassified	Skin	Gram+	Facultative anaerobe	0.0	Nonmotile	0.0	0.0	3420019.0	2893.0	2418367.0	71.0	2826.0	97.68	ftp://ftp.ncbi.nlm.nih.gov/genomes/all/GCF/000/429/265/GCF_000429265.1_ASM42926v1	s__Actinomyces_gerencseriae.json	1120943.0	d__Bacteria	p__Actinomycetota	c__Actinomycetes	o__Actinomycetales	f__Actinomycetaceae	g__Actinomyces	s__Actinomyces gerencseriae				0.0	s__Actinomyces_gerencseriae	species
2.0	Human	435830.0		GCF_000239695.1	2513237375.0	PMID:20203603; PMID:24861948	AGORA 1.03	0.0	0.0	Yes		Host-associated	Human	Unclassified	Respiratory system	Gram+	Facultative anaerobe	0.0	Nonmotile			2196917.0	1910.0	1269862.0	58.0	1853.0	97.02	ftp://ftp.ncbi.nlm.nih.gov/genomes/all/GCF/000/239/695/GCF_000239695.1_Acti_grae_C83_V1	s__Actinomyces_graevenitzii.json	435830.0	d__Bacteria	p__Actinomycetota	c__Actinomycetes	o__Actinomycetales	f__Actinomycetaceae	g__Actinomyces	s__Actinomyces graevenitzii		Actinomyces graevenitzii C83 (435830.3)	435830.3		s__Actinomyces_graevenitzii	species
0.0	Human	1120944.0	GCF_000711965.1	GCF_000711965.1	2565956542.0	https://www.biorxiv.org/content/10.1101/691030v1	Literature research	0.0	0.0	Yes		Host-associated	Human	Unclassified	Skin	Gram+	Facultative anaerobe	0.0	0		0.0	4027570.0	3411.0	2875784.0	71.0	3346.0	98.09	ftp://ftp.ncbi.nlm.nih.gov/genomes/all/GCF/000/711/965/GCF_000711965.1_ASM71196v1	s__Actinomyces_israelii.json	1120944.0	d__Bacteria	p__Actinomycetota	c__Actinomycetes	o__Actinomycetales	f__Actinomycetaceae	g__Actinomyces	s__Actinomyces israelii					s__Actinomyces_israelii	species
0.0	Human					PMID:31171880	Literature research	0.0	0.0	Yes	0.0	Host-associated	Human	Oral	Digestive system	Gram+	Facultative anaerobe	0.0	0						67.0		98.52		s__Actinomyces_johnsonii.json		d__Bacteria	p__Actinomycetota	c__Actinomycetes	o__Actinomycetales	f__Actinomycetaceae	g__Actinomyces	s__Actinomyces johnsonii				0.0	s__Actinomyces_johnsonii	species
1.0	Human					PMID:31171880	Literature research	0.0	0.0	Yes	0.0	Host-associated	Human			Gram+	Facultative anaerobe	0.0	Nonmotile		0.0				68.0				s__Actinomyces_massiliensis.json		d__Bacteria	p__Actinomycetota	c__Actinomycetes	o__Actinomycetales	f__Actinomycetaceae	g__Actinomyces	s__Actinomyces massiliensis					s__Actinomyces_massiliensis	species
2.0	Human	1115803.0		GCF_000285995.1	2531839542.0	PMID:20203603; PMID:24861948	AGORA 1.03	0.0	0.0	Yes	0.0	Host-associated	Human	Nasopharyngeal	Respiratory system	Gram+	Facultative anaerobe	0.0	0			3114341.0	2987.0	2113169.0	68.0	2930.0	98.09	ftp://ftp.ncbi.nlm.nih.gov/genomes/all/GCF/000/285/995/GCF_000285995.1_AneasH279v1.0	s__Actinomyces_naeslundii.json	1115803.0	d__Bacteria	p__Actinomycetota	c__Actinomycetes	o__Actinomycetales	f__Actinomycetaceae	g__Actinomyces	s__Actinomyces naeslundii		Actinomyces naeslundii str. Howell 279 (1115803.3)	1115803.3	0.0	s__Actinomyces_naeslundii	species
2.0	Human	562973.0		GCF_000175315.3	2562617184.0	PMID:20203603; PMID:24861948	AGORA 1.03	0.0	0.0	Yes		Host-associated	Human	Unclassified	Unclassified	Gram+	Facultative anaerobe	0.0	Nonmotile			3126396.0	2643.0	2144572.0	69.0	2587.0	97.88	ftp://ftp.ncbi.nlm.nih.gov/genomes/all/GCF/000/175/315/GCF_000175315.3_Acti_vis_C505_V3	s__Actinomyces_oris.json	562973.0	d__Bacteria	p__Actinomycetota	c__Actinomycetes	o__Actinomycetales	f__Actinomycetaceae	g__Actinomyces	s__Actinomyces oris		Actinomyces viscosus C505 (562973.4)	562973.4		s__Actinomyces_oris	species
2.0	Human	871541.0	GCF_000163415.1	GCF_000180155.1	649989901.0	PMID:20203603; PMID:24861948	AGORA 1.03	0.0	0.0	Yes		0	0	0	0	Gram+	Facultative anaerobe	0.0	0	0.0	0.0	2872429.0	2992.0	1947547.0	68.0	2939.0	98.23	ftp://ftp.ncbi.nlm.nih.gov/genomes/all/GCF/000/180/155/GCF_000180155.1_ASM18015v1	s__Actinomyces_oris_A.json	871541.0	d__Bacteria	p__Actinomycetota	c__Actinomycetes	o__Actinomycetales	f__Actinomycetaceae	g__Actinomyces	s__Actinomyces oris_A		Actinomyces oris K20 (871541.3)	871541.3		s__Actinomyces_oris_A	species
0.0	Human	521393.0	GCF_000295095.1	GCF_000295095.1	2548877015.0	PMID:31171880	Literature research	0.0	0.0	Yes	0.0	Host-associated	Unclassified	Unclassified	Unclassified	Gram+	Facultative anaerobe	0.0	0	0.0	0.0	2913054.0	2551.0	2074049.0	71.0	2488.0	97.53	ftp://ftp.ncbi.nlm.nih.gov/genomes/all/GCF/000/295/095/GCF_000295095.1_ASM29509v1	s__Actinomyces_timonensis.json	521393.0	d__Bacteria	p__Actinomycetota	c__Actinomycetes	o__Actinomycetales	f__Actinomycetaceae	g__Actinomyces	s__Actinomyces timonensis				0.0	s__Actinomyces_timonensis	species
2.0	Human	525246.0		GCF_000159035.1	643886015.0	PMID:20203603; PMID:24861948	AGORA 1.03	0.0	0.0	Yes	0.0	Host-associated	Human	Vagina	Reproductive system	Gram+	Facultative anaerobe	0.0	Nonmotile			2614023.0	2453.0	1796580.0	69.0	2403.0	97.96	ftp://ftp.ncbi.nlm.nih.gov/genomes/all/GCF/000/159/035/GCF_000159035.1_ASM15903v1	s__Actinomyces_urogenitalis.json	525246.0	d__Bacteria	p__Actinomycetota	c__Actinomycetes	o__Actinomycetales	f__Actinomycetaceae	g__Actinomyces	s__Actinomyces urogenitalis		Actinomyces urogenitalis DSM 15434 (525246.3)	525246.3		s__Actinomyces_urogenitalis	species
0.0	Human	1834198.0	GCF_001688705.2	GCF_001688705.2	2721755613.0	PMID:31275260	Literature research	0.0	0.0	Yes	0.0	Host-associated	Mammals	Unclassified	Unclassified	Gram+	0	0.0	0	0.0	0.0	3802817.0	3877.0	2077942.0	55.0	3813.0	98.35	ftp://ftp.ncbi.nlm.nih.gov/genomes/all/GCF/001/688/705/GCF_001688705.2_ASM168870v2	s__Acutalibacter_muris.json	1834198.0	d__Bacteria	p__Bacillota	c__Clostridia	o__Oscillospirales	f__Acutalibacteraceae	g__Acutalibacter	s__Acutalibacter muris	0.0			0.0	s__Acutalibacter_muris	species
0.0	Human	1776382.0	GCF_900048895.1	GCF_900048895.1		PMID:30745586	Literature research									Gram+												ftp.ncbi.nlm.nih.gov/genomes/all/GCF/900/048/895/GCF_900048895.1_PRJEB12697	s__Acutalibacter_timonensis.json	1776382.0	d__Bacteria	p__Bacillota	c__Clostridia	o__Oscillospirales	f__Acutalibacteraceae	g__Acutalibacter	s__Acutalibacter timonensis					s__Acutalibacter_timonensis	species
1.0	Mouse	1235794.0		GCF_000403355.2	2563367219.0	PMID:27670113	Literature research	0.0	0.0	Yes		0	0	0	0	Gram+	Anaerobe	0.0	0	0.0	0.0	2943296.0	2513.0	1887437.0	64.0	2455.0	97.69	ftp://ftp.ncbi.nlm.nih.gov/genomes/all/GCF/000/403/355/GCF_000403355.2_Ente_caec_B7_V1	s__Adlercreutzia_caecimuris.json	1235794.0	d__Bacteria	p__Actinomycetota	c__Coriobacteriia	o__Coriobacteriales	f__Eggerthellaceae	g__Adlercreutzia	s__Adlercreutzia caecimuris		Enterorhabdus caecimuris B7 (1235794.3)	1235794.3		s__Adlercreutzia_caecimuris	species
0.0	Human	1384484.0		GCF_000478885.1	2597489914.0	PMID:20203603; PMID:24861948	AGORA 1.03	0.0	0.0	Yes	0.0	Host-associated	Human	Large intestine	Digestive system	Gram+	0	0.0	0	0.0	0.0	2862526.0	2321.0	1816538.0	63.0	2264.0	97.54	ftp://ftp.ncbi.nlm.nih.gov/genomes/all/GCF/000/478/885/GCF_000478885.1_ASM47888v1	s__Adlercreutzia_equolifaciens.json	1384484.0	d__Bacteria	p__Actinomycetota	c__Coriobacteriia	o__Coriobacteriales	f__Eggerthellaceae	g__Adlercreutzia	s__Adlercreutzia equolifaciens				0.0	s__Adlercreutzia_equolifaciens	species
0.0	Mouse	1121866.0		GCF_000422625.1	2524023091.0	PMID:27670113	Literature research	0.0	0.0	Yes	0.0	Host-associated	Mammals	Unclassified	Unclassified	Gram+	Anaerobe	0.0	Nonmotile		0.0	3013434.0	2502.0	1937896.0	64.0	2436.0	97.36	ftp://ftp.ncbi.nlm.nih.gov/genomes/all/GCF/000/422/625/GCF_000422625.1_ASM42262v1	s__Adlercreutzia_mucosicola.json	1121866.0	d__Bacteria	p__Actinomycetota	c__Coriobacteriia	o__Coriobacteriales	f__Eggerthellaceae	g__Adlercreutzia	s__Adlercreutzia mucosicola					s__Adlercreutzia_mucosicola	species
0.0	Mouse	1796610.0	GCF_008831045.1			PMID:27670113	Literature research									Gram+	0											https://www.ncbi.nlm.nih.gov/assembly/GCF_008831045.1/	s__Adlercreutzia_muris.json	1796610.0	d__Bacteria	p__Actinomycetota	c__Coriobacteriia	o__Coriobacteriales	f__Eggerthellaceae	g__Adlercreutzia	s__Adlercreutzia muris					s__Adlercreutzia_muris	species
0.0	Human	1247726.0	GCF_000521505.1	GCF_000521505.1	2548877156.0	https://www.biorxiv.org/content/10.1101/691030v1	Literature research	0.0	0.0	Yes	0.0	Engineered	Solid waste	Composting	Unknown material	Gram-	Obligate aerobe		Motile	0.0	0.0	4764126.0	4129.0	2583218.0	54.0	4084.0	98.91	ftp://ftp.ncbi.nlm.nih.gov/genomes/all/GCF/000/521/505/GCF_000521505.1_ASM52150v1	s__Advenella_mimigardefordensis.json	1247726.0	d__Bacteria	p__Pseudomonadota	c__Gammaproteobacteria	o__Burkholderiales	f__Burkholderiaceae_B	g__Advenella	s__Advenella mimigardefordensis					s__Advenella_mimigardefordensis	species
0.0	Human	755172.0	GCF_001553115.1	GCF_001553115.1	2775506924.0	https://www.biorxiv.org/content/10.1101/691030v1	Literature research	0.0	0.0	Yes	0.0	0	0	0	0	Gram+	0	0.0	0	0.0	0.0	1832036.0	1769.0	817576.0	45.0	1728.0	97.68	ftp://ftp.ncbi.nlm.nih.gov/genomes/all/GCF/001/553/115/GCF_001553115.1_ASM155311v1	s__Aedoeadaptatus_coxii.json	755172.0	d__Bacteria	p__Bacillota	c__Clostridia	o__Tissierellales	f__Peptoniphilaceae	g__Aedoeadaptatus	s__Aedoeadaptatus coxii	0.0			0.0	s__Aedoeadaptatus_coxii	species
0.0	Human	525247.0	GCF_001466745.1	GCF_001466745.1	2687453475.0	https://www.biorxiv.org/content/10.1101/691030v1	Literature research	0.0	0.0	Yes	0.0	0	0	0	0	Gram+	Microaerophile	0.0	0	0.0	0.0	1634920.0	1578.0	640670.0	39.0	1502.0	95.18	ftp://ftp.ncbi.nlm.nih.gov/genomes/all/GCF/001/466/745/GCF_001466745.1_DSM15819v1.0	s__Aerococcus_christensenii.json	525247.0	d__Bacteria	p__Bacillota	c__Bacilli	o__Lactobacillales	f__Aerococcaceae	g__Aerococcus	s__Aerococcus christensenii	0.0			0.0	s__Aerococcus_christensenii	species
2.0	Human	1175629.0	GCF_000178435.1	GCF_000262085.1	2548877014.0	Strains of species found in the human gut (PMID:24861948) present in PubSEED	Initial strain selection	0.0	0.0	Yes	0.0	Host-associated	Human	Unclassified	Unclassified	Gram+	Microaerophile	0.0	0	0.0	0.0	1994039.0	1856.0	785950.0	39.0	1799.0	96.93	ftp://ftp.ncbi.nlm.nih.gov/genomes/all/GCF/000/262/085/GCF_000262085.1_AeroviriLL11.0	s__Aerococcus_urinaeequi.json	1175629.0	d__Bacteria	p__Bacillota	c__Bacilli	o__Lactobacillales	f__Aerococcaceae	g__Aerococcus	s__Aerococcus urinaeequi	0.0	Aerococcus viridans LL1 (1175629.3)	1175629.3	0.0	s__Aerococcus_urinaeequi	species
2.0	Human	655812.0		GCF_000178435.1	647000207.0	PMID:20203603; PMID:24861948	AGORA 1.03	0.0	0.0	Yes	0.0	Environmental	Air	Unclassified	Unclassified	Gram+	Microaerophile	0.0	Nonmotile	0.0	0.0	2005853.0	1976.0	791381.0	39.0	1929.0	97.62	ftp://ftp.ncbi.nlm.nih.gov/genomes/all/GCF/000/178/435/GCF_000178435.1_ASM17843v1	s__Aerococcus_viridans.json	655812.0	d__Bacteria	p__Bacillota	c__Bacilli	o__Lactobacillales	f__Aerococcaceae	g__Aerococcus	s__Aerococcus viridans		Aerococcus viridans ATCC 11563 (655812.3)	655812.3		s__Aerococcus_viridans	species
1.0	Human	1033730.0	GCF_000312105.1	GCF_000312105.1	2636416159.0	PMID:31275260	Literature research	0.0	0.0	Yes	0.0	Host-associated	Human	Large intestine	Digestive system	Gram+	Aerobe	0.0	Motile			6757104.0	7156.0	4426853.0	66.0	7042.0	98.41	ftp://ftp.ncbi.nlm.nih.gov/genomes/all/GCF/000/312/105/GCF_000312105.1_ASM31210v1	s__Aeromicrobium_massiliense.json	1033730.0	d__Bacteria	p__Actinomycetota	c__Actinomycetes	o__Propionibacteriales	f__Nocardioidaceae	g__Aeromicrobium	s__Aeromicrobium massiliense		Aeromicrobium sp. JC14 (1033730.3)	1033730.3		s__Aeromicrobium_massiliense	species
2.0	Human	878320.0	GCF_000262085.1	GCF_000208825.1	651324007.0	PMID:20203603; PMID:24861948	AGORA 1.03	0.0	0.0	Yes	0.0	Host-associated	Human	Unclassified	Unclassified	Gram-	Facultative anaerobe	0.0	Motile	0.0	0.0	4439218.0	4182.0	2727168.0	61.0	4103.0	98.11	ftp://ftp.ncbi.nlm.nih.gov/genomes/all/GCF/000/208/825/GCF_000208825.1_ASM20882v1	s__Aeromonas_caviae.json	878320.0	d__Bacteria	p__Pseudomonadota	c__Gammaproteobacteria	o__Enterobacterales	f__Aeromonadaceae	g__Aeromonas	s__Aeromonas caviae		Aeromonas caviae Ae398 (878320.4)	878320.4		s__Aeromonas_caviae	species
2.0	Human						Initial strain selection	0.0	0.0	Yes	0.0	Host-associated	Animal	Unclassified		Gram-	Facultative anaerobe	0.0	0	0.0	0.0				62.0				s__Aeromonas_dhakensis.json		d__Bacteria	p__Pseudomonadota	c__Gammaproteobacteria	o__Enterobacterales	f__Aeromonadaceae	g__Aeromonas	s__Aeromonas dhakensis	0.0			0.0	s__Aeromonas_dhakensis	species
2.0	Human							0.0	0.0	Yes	0.0					Gram-	Facultative anaerobe	0.0		0.0	0.0								s__Aeromonas_hydrophila.json		d__Bacteria	p__Pseudomonadota	c__Gammaproteobacteria	o__Enterobacterales	f__Aeromonadaceae	g__Aeromonas	s__Aeromonas hydrophila	0.0				s__Aeromonas_hydrophila	species
0.0	Human	1458276.0	GCF_000014805.1	GCF_000708125.1	2609460199.0	PMID:20203603; PMID:24861948	AGORA 1.03	0.0	0.0	Yes	0.0	0	0	0	0	Gram-	Facultative anaerobe	0.0	0	0.0	0.0	4478089.0	4118.0	2643974.0	59.0	4035.0	97.98	ftp://ftp.ncbi.nlm.nih.gov/genomes/all/GCF/000/708/125/GCF_000708125.1_RIV2	s__Aeromonas_jandaei.json	1458276.0	d__Bacteria	p__Pseudomonadota	c__Gammaproteobacteria	o__Enterobacterales	f__Aeromonadaceae	g__Aeromonas	s__Aeromonas jandaei	0.0			0.0	s__Aeromonas_jandaei	species
2.0	Human	1208104.0		GCF_000287215.2	2519899598.0	PMID:20203603; PMID:24861948	AGORA 1.03	0.0	0.0	Yes	0.0	Environmental	Aquatic	Unclassified	Unclassified	Gram-	Facultative anaerobe	0.0	0	0.0	0.0	4319238.0	4098.0	2651250.0	61.0	4020.0	98.1	ftp://ftp.ncbi.nlm.nih.gov/genomes/all/GCF/000/287/215/GCF_000287215.2_ASM28721v3	s__Aeromonas_media.json	1208104.0	d__Bacteria	p__Pseudomonadota	c__Gammaproteobacteria	o__Enterobacterales	f__Aeromonadaceae	g__Aeromonas	s__Aeromonas media	0.0	Aeromonas media WS (1208104.3)	1208104.3	0.0	s__Aeromonas_media	species
2.0	Human							0.0	0.0	Yes	0.0					Gram-	Facultative anaerobe	0.0			0.0				59.0				s__Aeromonas_veronii.json		d__Bacteria	p__Pseudomonadota	c__Gammaproteobacteria	o__Enterobacterales	f__Aeromonadaceae	g__Aeromonas	s__Aeromonas veronii				0.0	s__Aeromonas_veronii	species
2.0	Human	1073383.0	GCF_000297995.1	GCF_000298015.1	2529292915.0	Strains of species found in the human gut (PMID:24861948) present in PubSEED	Initial strain selection	0.0	0.0	Yes	0.0	Host-associated	Human	Large intestine	Digestive system	Gram-	Facultative anaerobe	0.0	0			4542842.0	4208.0	2657187.0	58.0	4117.0	97.84	ftp://ftp.ncbi.nlm.nih.gov/genomes/all/GCF/000/298/015/GCF_000298015.1_Aero_vero_AMC34_V1	s__Aeromonas_veronii_A.json	1073383.0	d__Bacteria	p__Pseudomonadota	c__Gammaproteobacteria	o__Enterobacterales	f__Aeromonadaceae	g__Aeromonas	s__Aeromonas veronii_A		Aeromonas veronii AMC34 (1073383.3)	1073383.3	0.0	s__Aeromonas_veronii_A	species
2.0	Human	1197906.0	GCF_000204115.1	GCF_000308295.2	2551306146.0	PMID:20203603; PMID:24861948	AGORA 1.03	0.0	0.0	Yes	0.0	Environmental	Aquatic	Drinking water	Freshwater	Gram-	0	0.0	0	0.0	0.0	5245459.0	5198.0	3191067.0	61.0	5125.0	98.6	ftp://ftp.ncbi.nlm.nih.gov/genomes/all/GCF/000/308/295/GCF_000308295.2_Ab_34632	s__Afipia_birgiae.json	1197906.0	d__Bacteria	p__Pseudomonadota	c__Alphaproteobacteria	o__Rhizobiales	f__Xanthobacteraceae	g__Afipia	s__Afipia birgiae		Afipia birgiae 34632 (1197906.5)	1197906.5	0.0	s__Afipia_birgiae	species
0.0	Human	1408437.0		GCF_000701665.1	2561511082.0	PMID:20203603; PMID:24861948	AGORA 1.03	0.0	0.0	Yes	0.0	Host-associated	Animal	Intestine	Digestive system	Gram+	0	0.0	0	0.0	0.0	2652605.0	2763.0	1434154.0	54.0	2695.0	97.54	ftp://ftp.ncbi.nlm.nih.gov/genomes/all/GCF/000/701/665/GCF_000701665.1_ASM70166v1	s__Agathobaculum_desmolans.json	1408437.0	d__Bacteria	p__Bacillota	c__Clostridia	o__Oscillospirales	f__Butyricicoccaceae	g__Agathobaculum	s__Agathobaculum desmolans				0.0	s__Agathobaculum_desmolans	species
	Human							0.0	0.0	Yes	0.0	Host-associated	Human			Gram-	Facultative anaerobic	0.0	Nonmotile		0.0				42.0				s__Aggregatibacter_aphrophilus.json		d__Bacteria	p__Pseudomonadota	c__Gammaproteobacteria	o__Enterobacterales	f__Pasteurellaceae	g__Aggregatibacter	s__Aggregatibacter aphrophilus					s__Aggregatibacter_aphrophilus	species
1.0	Human	888057.0		GCF_000185305.1	649989906.0	PMID:31171880	Literature research	0.0	0.0	Yes	0.0	Host-associated	Animal	Unclassified	Digestive system	Gram-	Facultative anaerobic	0.0	Nonmotile		0.0	1992124.0	2014.0	846173.0	42.0	1956.0	97.12	ftp://ftp.ncbi.nlm.nih.gov/genomes/all/GCF/000/185/305/GCF_000185305.1_ASM18530v1	s__Aggregatibacter_segnis.json	888057.0	d__Bacteria	p__Pseudomonadota	c__Gammaproteobacteria	o__Enterobacterales	f__Pasteurellaceae	g__Aggregatibacter	s__Aggregatibacter segnis		Aggregatibacter segnis ATCC 33393 (888057.3)	888057.3		s__Aggregatibacter_segnis	species
2.0	Human	1281779.0		GCF_000349865.1	2537561587.0	Strains of species found in the human gut (PMID:24861948) present in PubSEED	Initial strain selection	0.0	0.0	Yes	0.0	Host-associated	Plants	Unclassified	Rhizoplane	Gram-	0	0.0	0	0.0	0.0	5425293.0	5090.0	3249240.0	60.0	5045.0	99.12	ftp://ftp.ncbi.nlm.nih.gov/genomes/all/GCF/000/349/865/GCF_000349865.1_Cherry1.0	s__Agrobacterium_leguminum.json	1281779.0	d__Bacteria	p__Pseudomonadota	c__Alphaproteobacteria	o__Rhizobiales	f__Rhizobiaceae	g__Agrobacterium	s__Agrobacterium leguminum	0.0	Agrobacterium tumefaciens str. Cherry 2E-2-2 (1281779.3)	1281779.3	0.0	s__Agrobacterium_leguminum	species
1.0	Human	1050720.0		GCF_000219665.1	2841398872.0	PMID:20203603; PMID:24861948	AGORA 1.03	0.0	0.0	Yes	0.0	Environmental	Terrestrial	Unclassified	Soil	Gram-	0	0.0	0	0.0	0.0	5465705.0	5294.0	3250686.0	59.0	5171.0	97.68	ftp://ftp.ncbi.nlm.nih.gov/genomes/all/GCF/000/219/665/GCF_000219665.1_ASM21966v2	s__Agrobacterium_oryzihabitans.json	1050720.0	d__Bacteria	p__Pseudomonadota	c__Alphaproteobacteria	o__Rhizobiales	f__Rhizobiaceae	g__Agrobacterium	s__Agrobacterium oryzihabitans		Agrobacterium tumefaciens F2 (1050720.3)	1050720.3		s__Agrobacterium_oryzihabitans	species
2.0	Human	1082932.0	GCF_001188835.1	GCF_000233975.1	2519899809.0	Strains of species found in the human gut (PMID:24861948) present in PubSEED	Initial strain selection	0.0	0.0	Yes	0.0	Environmental	Terrestrial	Mine	Geologic	Gram-	0	0.0	Motile	0.0	0.0	5214870.0	5032.0	3104235.0	60.0	4982.0	99.01	ftp://ftp.ncbi.nlm.nih.gov/genomes/all/GCF/000/233/975/GCF_000233975.1_ASM23397v2	s__Agrobacterium_radiobacter.json	1082932.0	d__Bacteria	p__Pseudomonadota	c__Alphaproteobacteria	o__Rhizobiales	f__Rhizobiaceae	g__Agrobacterium	s__Agrobacterium radiobacter	0.0	Agrobacterium tumefaciens CCNWGS0286 (1082932.3)	1082932.3		s__Agrobacterium_radiobacter	species
0.0	Human					PMID:31275260	Literature research	0.0	0.0	Yes	0.0	0	0	0	0	Gram-	0	0.0	0	0.0	0.0				57.0				s__Akkermansia_biwaensis.json		d__Bacteria	p__Verrucomicrobiota	c__Verrucomicrobiia	o__Verrucomicrobiales	f__Akkermansiaceae	g__Akkermansia	s__Akkermansia biwaensis	0.0			0.0	s__Akkermansia_biwaensis	species
2.0	Human	349741.0		GCF_000020225.1	642555104.0	PMID:20203603; PMID:24861948	AGORA 1.03	0.0	0.0	Yes	0.0	Host-associated	Human	Large intestine	Digestive system	Gram-	Obligate anaerobe	0.0	Nonmotile		0.0	2664102.0	2238.0	1485566.0	56.0	2176.0	97.23	ftp://ftp.ncbi.nlm.nih.gov/genomes/all/GCF/000/020/225/GCF_000020225.1_ASM2022v1	s__Akkermansia_muciniphila.json	349741.0	d__Bacteria	p__Verrucomicrobiota	c__Verrucomicrobiia	o__Verrucomicrobiales	f__Akkermansiaceae	g__Akkermansia	s__Akkermansia muciniphila		Akkermansia muciniphila ATCC BAA-835 (349741.6)	349741.6		s__Akkermansia_muciniphila	species
2.0	Human	1156918.0		GCF_000275465.1	2537562045.0	PMID:20203603; PMID:24861948	AGORA 1.03	0.0	0.0	Yes		Engineered	Industrial production	Unclassified	Engineered product	Gram-	Aerobe		Nonmotile	0.0	0.0	3899625.0	3743.0	2229384.0	57.0	3681.0	98.34	ftp://ftp.ncbi.nlm.nih.gov/genomes/all/GCF/000/275/465/GCF_000275465.1_Gretchen3	s__Alcaligenes_ammonioxydans.json	1156918.0	d__Bacteria	p__Pseudomonadota	c__Gammaproteobacteria	o__Burkholderiales	f__Burkholderiaceae_B	g__Alcaligenes	s__Alcaligenes ammonioxydans		Alcaligenes faecalis subsp. faecalis NCIB 8687 (1156918.4)	1156918.4		s__Alcaligenes_ammonioxydans	species
0.0	Human	1218102.0		GCF_001748345.1	2600255060.0	PMID:20203603; PMID:24861948	AGORA 1.03	0.0	0.0	Yes	0.0	0	0	0	0	Gram-	Aerobe	0.0	0	0.0	0.0	4033686.0	3775.0	2285258.0	57.0	3709.0	98.25	ftp://ftp.ncbi.nlm.nih.gov/genomes/all/GCF/001/748/345/GCF_001748345.1_Afaecalis_assembly01	s__Alcaligenes_faecalis.json	1218102.0	d__Bacteria	p__Pseudomonadota	c__Gammaproteobacteria	o__Burkholderiales	f__Burkholderiaceae_B	g__Alcaligenes	s__Alcaligenes faecalis	0.0			0.0	s__Alcaligenes_faecalis	species
	Human							0.0	0.0	Yes	0.0					Gram-	Aerobe	0.0	Motile						27.0				s__Aliarcobacter_butzleri.json		d__Bacteria	p__Campylobacterota	c__Campylobacteria	o__Campylobacterales	f__Arcobacteraceae	g__Aliarcobacter	s__Aliarcobacter butzleri					s__Aliarcobacter_butzleri	species
1.0	Human	388396.0	GCF_000020845.1	GCF_000020845.1	642555167.0	PMID:31092280	DAR genome selection	0.0	0.0	Yes	0.0	Host-associated	Mollusca	Unclassified	Unclassified	Gram-	Facultative	0.0	Motile	0.0	0.0	4503336.0	4175.0	1720248.0	38.0	4039.0	96.74	ftp://ftp.ncbi.nlm.nih.gov/genomes/all/GCF/000/020/845/GCF_000020845.1_ASM2084v1	s__Aliivibrio_fischeri.json	388396.0	d__Bacteria	p__Pseudomonadota	c__Gammaproteobacteria	o__Enterobacterales	f__Vibrionaceae	g__Aliivibrio	s__Aliivibrio fischeri		Vibrio fischeri MJ11 (388396.11)	388396.11		s__Aliivibrio_fischeri	species
1.0	Human	312309.0	GCF_000011805.1	GCF_000011805.1	637000334.0	PMID:31092280	DAR genome selection	0.0	0.0	Yes	0.0	Host-associated	Mollusca	Unclassified	Unclassified	Gram-	Facultative	0.0	Motile	0.0	0.0	4284050.0	3984.0	1643110.0	38.0	3802.0	95.43	ftp://ftp.ncbi.nlm.nih.gov/genomes/all/GCF/000/011/805/GCF_000011805.1_ASM1180v1	s__Aliivibrio_fischeri_B.json	312309.0	d__Bacteria	p__Pseudomonadota	c__Gammaproteobacteria	o__Enterobacterales	f__Vibrionaceae	g__Aliivibrio	s__Aliivibrio fischeri_B		Vibrio fischeri ES114 (312309.11)	312309.11		s__Aliivibrio_fischeri_B	species
1.0	Human	316275.0	GCF_000196495.1	GCF_000196495.1	643348506.0	PMID:31092280	DAR genome selection	0.0	0.0	Yes		Host-associated	Fish	Unclassified	Unclassified	Gram-	Facultative	0.0	Motile	0.0	0.0	4655660.0	4075.0	1814275.0	39.0	3911.0	95.98	ftp://ftp.ncbi.nlm.nih.gov/genomes/all/GCF/000/196/495/GCF_000196495.1_ASM19649v1	s__Aliivibrio_salmonicida.json	316275.0	d__Bacteria	p__Pseudomonadota	c__Gammaproteobacteria	o__Enterobacterales	f__Vibrionaceae	g__Aliivibrio	s__Aliivibrio salmonicida		Aliivibrio salmonicida LFI1238 (316275.15)	316275.15		s__Aliivibrio_salmonicida	species
	Human							0.0	0.0	Yes	0.0	Host-associated	Human	Unclassified		Gram-	Obligate anaerobe	0.0	Nonmotile										s__Alistipes_finegoldii.json		d__Bacteria	p__Bacteroidota	c__Bacteroidia	o__Bacteroidales	f__Rikenellaceae	g__Alistipes	s__Alistipes finegoldii					s__Alistipes_finegoldii	species
2.0	Human	1203611.0		GCF_000374505.1	2517572213.0	PMID:20203603; PMID:24861948	AGORA 1.03	0.0	0.0	Yes	0.0	Host-associated	Human	Unclassified	Skin	Gram-	Obligate anaerobe	0.0	Nonmotile		0.0	3865648.0	3225.0	2235550.0	58.0	3160.0	97.98	ftp://ftp.ncbi.nlm.nih.gov/genomes/all/GCF/000/374/505/GCF_000374505.1_ASM37450v1	s__Alistipes_onderdonkii.json	1203611.0	d__Bacteria	p__Bacteroidota	c__Bacteroidia	o__Bacteroidales	f__Rikenellaceae	g__Alistipes	s__Alistipes onderdonkii		Alistipes onderdonkii DSM 19147 (1120974.3)	1120974.3		s__Alistipes_onderdonkii	species
0.0	Human	1816676.0	GCF_900083545.1	GCF_900083545.1		PMID:30745586	Literature research									Gram-												ftp://ftp.ncbi.nlm.nih.gov/genomes/all/GCF/900/083/545/GCF_900083545.1_PRJEB13794	s__Alistipes_provencensis.json	1816676.0	d__Bacteria	p__Bacteroidota	c__Bacteroidia	o__Bacteroidales	f__Rikenellaceae	g__Alistipes	s__Alistipes provencensis					s__Alistipes_provencensis	species
2.0	Human	445970.0		GCF_000154465.1	641736205.0	PMID:20203603; PMID:24861948	AGORA 1.03	0.0	0.0	Yes		Host-associated	Human	Large intestine	Digestive system	Gram-	Obligate anaerobe	0.0	Nonmotile		0.0	2549878.0	2799.0	1358268.0	53.0	2742.0	97.96	ftp://ftp.ncbi.nlm.nih.gov/genomes/all/GCF/000/154/465/GCF_000154465.1_ASM15446v1	s__Alistipes_putredinis.json	445970.0	d__Bacteria	p__Bacteroidota	c__Bacteroidia	o__Bacteroidales	f__Rikenellaceae	g__Alistipes	s__Alistipes putredinis		Alistipes putredinis DSM 17216 (445970.5)	445970.5		s__Alistipes_putredinis	species
1.0	Mouse	1033732.0		GCF_000312145.1	2547132124.0	Personal communication, Dr. Jan Krumsiek	Personal communication	0.0	0.0	Yes	0.0	Host-associated	Human	Large intestine	Digestive system	Gram-	Obligate anaerobe		Nonmotile			3985109.0	3212.0	2327189.0	58.0	3156.0	98.26	ftp://ftp.ncbi.nlm.nih.gov/genomes/all/GCF/000/312/145/GCF_000312145.1_ASM31214v1	s__Alistipes_senegalensis.json	1033732.0	d__Bacteria	p__Bacteroidota	c__Bacteroidia	o__Bacteroidales	f__Rikenellaceae	g__Alistipes	s__Alistipes senegalensis		Alistipes sp. JC50 (1033732.3)	1033732.3		s__Alistipes_senegalensis	species
2.0	Human	717959.0		GCF_000210575.1	650377904.0	PMID:20203603; PMID:24861948	AGORA 1.03	0.0	0.0	Yes	0.0	Host-associated	Human	Unclassified	Digestive system	Gram-	Obligate anaerobe	0.0	Nonmotile			3763317.0	2616.0	2100660.0	58.0	2563.0	97.97	ftp://ftp.ncbi.nlm.nih.gov/genomes/all/GCF/000/210/575/GCF_000210575.1_ASM21057v1	s__Alistipes_shahii.json	717959.0	d__Bacteria	p__Bacteroidota	c__Bacteroidia	o__Bacteroidales	f__Rikenellaceae	g__Alistipes	s__Alistipes shahii		Alistipes shahii WAL 8301 (717959.3)	717959.3		s__Alistipes_shahii	species
0.0	Human	1033731.0	NZ_FNRI01000021	GCF_000285455.1	2547132133.0	PMID:31275260	Literature research	0.0	0.0	Yes	0.0	Host-associated	Human	Large intestine	Digestive system	Gram-	Obligate anaerobe	0.0	Nonmotile	0.0	0.0	3489612.0	2772.0	2053514.0	59.0	2717.0	98.02	ftp://ftp.ncbi.nlm.nih.gov/genomes/all/GCF/000/285/455/GCF_000285455.1_ASM28545v1	s__Alistipes_timonensis.json	1033731.0	d__Bacteria	p__Bacteroidota	c__Bacteroidia	o__Bacteroidales	f__Rikenellaceae	g__Alistipes	s__Alistipes timonensis				0.0	s__Alistipes_timonensis	species
1.0	Human	1211813.0		GCF_000321205.1	2551306355.0	PMID:25567229	Literature research	0.0	0.0	Yes	0.0	Host-associated	Human	Unclassified	Unclassified	Gram-	Obligate anaerobe	0.0	Nonmotile	0.0	0.0	2772824.0	2346.0	1605644.0	58.0	2291.0	97.66	ftp://ftp.ncbi.nlm.nih.gov/genomes/all/GCF/000/321/205/GCF_000321205.1_ASM32120v1	s__Alistipes_A_ihumii.json	1211813.0	d__Bacteria	p__Bacteroidota	c__Bacteroidia	o__Bacteroidales	f__Rikenellaceae	g__Alistipes_A	s__Alistipes_A ihumii	0.0	Alistipes sp. AP11 (1211813.3)	1211813.3	0.0	s__Alistipes_A_ihumii	species
2.0	Human	742725.0		GCF_000231275.1	2513237277.0	PMID:20203603; PMID:24861948	AGORA 1.03	0.0	0.0	Yes	0.0	Host-associated	Human	Large intestine	Digestive system	Gram-	Obligate anaerobe	0.0	Nonmotile			2850978.0	2394.0	1561046.0	55.0	2348.0	98.08	ftp://ftp.ncbi.nlm.nih.gov/genomes/all/GCF/000/231/275/GCF_000231275.1_Alis_indi_YIT_V1	s__Alistipes_A_indistinctus.json	742725.0	d__Bacteria	p__Bacteroidota	c__Bacteroidia	o__Bacteroidales	f__Rikenellaceae	g__Alistipes_A	s__Alistipes_A indistinctus		Alistipes indistinctus YIT 12060 (742725.3)	742725.3		s__Alistipes_A_indistinctus	species
2.0	Human	398511.0		GCF_000005825.2	646311908.0	PMID:20203603; PMID:24861948	AGORA 1.03	0.0	0.0	Yes	0.0	Environmental	Terrestrial	Unclassified	Soil	Gram+	Facultative anaerobe	0.0	Motile	0.0	0.0	4249248.0	4434.0	1693774.0	40.0	4335.0	97.77	ftp://ftp.ncbi.nlm.nih.gov/genomes/all/GCF/000/005/825/GCF_000005825.2_ASM582v2	s__Alkalihalophilus_pseudofirmus.json	398511.0	d__Bacteria	p__Bacillota	c__Bacilli	o__Bacillales	f__Bacillaceae_D	g__Alkalihalophilus	s__Alkalihalophilus pseudofirmus		Bacillus pseudofirmus OF4 (398511.4)	398511.4		s__Alkalihalophilus_pseudofirmus	species
0.0	Mouse	1408422.0		GCF_000621485.1	2558309003.0	Personal communication, Dr. Jan Krumsiek	Personal communication	0.0	0.0	Yes	0.0	Engineered	Wastewater	Mine water	Industrial wastewater	Gram+	0	0.0	0	0.0	0.0	4024838.0	3800.0	1366246.0	34.0	3729.0	98.13	ftp://ftp.ncbi.nlm.nih.gov/genomes/all/GCF/000/621/485/GCF_000621485.1_ASM62148v1	s__Alkaliphilus_transvaalensis.json	1408422.0	d__Bacteria	p__Bacillota	c__Clostridia	o__Peptostreptococcales	f__Natronincolaceae	g__Alkaliphilus	s__Alkaliphilus transvaalensis				0.0	s__Alkaliphilus_transvaalensis	species
0.0	Human	39950.0	GCF_001717505.1	GCF_001717505.1	2718217754.0	https://www.biorxiv.org/content/10.1101/691030v1	Literature research	0.0	0.0	Yes	0.0	Host-associated	Human	Oral	Digestive system	Gram-	0	0.0	0	0.0	0.0	1274073.0	1272.0	448350.0	35.0	1198.0	94.18	ftp://ftp.ncbi.nlm.nih.gov/genomes/all/GCF/001/717/505/GCF_001717505.1_ASM171750v1	s__Allisonella_pneumosinta.json	39950.0	d__Bacteria	p__Bacillota	c__Negativicutes	o__Veillonellales	f__Dialisteraceae	g__Allisonella	s__Allisonella pneumosinta	0.0			0.0	s__Allisonella_pneumosinta	species
1.0	Mouse	1050201.0		GCF_000384195.1	2516493028.0	Personal communication, Dr. Jan Krumsiek	Personal communication	0.0	0.0	Yes	0.0	Host-associated	Mammals	Large intestine	Digestive system	Gram+	Anaerobe	0.0	0			2052877.0	1853.0	776526.0	38.0	1748.0	94.33	ftp://ftp.ncbi.nlm.nih.gov/genomes/all/GCF/000/384/195/GCF_000384195.1_ASM38419v1	s__Allobaculum_stercoricanis.json	1050201.0	d__Bacteria	p__Bacillota_I	c__Bacilli_A	o__Erysipelotrichales	f__Erysipelotrichaceae	g__Allobaculum	s__Allobaculum stercoricanis		Allobaculum stercoricanis DSM 13633 (1050201.3)	1050201.3		s__Allobaculum_stercoricanis	species
2.0	Human	470146.0		GCF_000155875.1	643886116.0	PMID:20203603; PMID:24861948	AGORA 1.03	0.0	0.0	Yes	0.0	Host-associated	Human	Large intestine	Digestive system	Gram+	Anaerobe	0.0	Nonmotile		0.0	3238915.0	3974.0	1376195.0	42.0	3913.0	98.47	ftp://ftp.ncbi.nlm.nih.gov/genomes/all/GCF/000/155/875/GCF_000155875.1_ASM15587v1	s__Allocoprococcus_comes.json	470146.0	d__Bacteria	p__Bacillota	c__Clostridia	o__Lachnospirales	f__Lachnospiraceae	g__Allocoprococcus	s__Allocoprococcus comes		Coprococcus comes ATCC 27758 (470146.3)	470146.3		s__Allocoprococcus_comes	species
1.0	Human	883081.0		GCF_000315445.1	2537561904.0	https://www.biorxiv.org/content/10.1101/691030v1	Literature research	0.0	0.0	Yes	0.0	Host-associated	Human	Unclassified	Skin	Gram+	0	0.0	0		0.0	1784056.0	1691.0	795717.0	45.0	1630.0	96.39	ftp://ftp.ncbi.nlm.nih.gov/genomes/all/GCF/000/315/445/GCF_000315445.1_Allo_otit_ATCC_51267_V1	s__Alloiococcus_otitis.json	883081.0	d__Bacteria	p__Bacillota	c__Bacilli	o__Lactobacillales	f__Carnobacteriaceae_A	g__Alloiococcus	s__Alloiococcus otitis		Alloiococcus otitis ATCC 51267 (883081.3)	883081.3	0.0	s__Alloiococcus_otitis	species
1.0	Human	526227.0		GCF_000092125.1	646564546.0	PMID:31171880	Literature research	0.0	0.0	Yes	0.0	Environmental	Aquatic	Unclassified	Thermal springs	Gram-	Aerobe	0.0	Nonmotile	0.0	0.0	3721669.0	3720.0	2334056.0	63.0	3665.0	98.52	ftp://ftp.ncbi.nlm.nih.gov/genomes/all/GCF/000/092/125/GCF_000092125.1_ASM9212v1	s__Allomeiothermus_silvanus.json	526227.0	d__Bacteria	p__Deinococcota	c__Deinococci	o__Deinococcales	f__Thermaceae	g__Allomeiothermus	s__Allomeiothermus silvanus		Meiothermus silvanus DSM 9946 (526227.6)	526227.6		s__Allomeiothermus_silvanus	species
0.0	Human	1852368.0	GCF_900095835.1	GCF_900095835.1		PMID:30745586	Literature research									Gram-												ftp.ncbi.nlm.nih.gov/genomes/all/GCA/900/095/835/GCA_900095835.1_PRJEB15302	s__Alloprevotella_massiliensis.json	1852368.0	d__Bacteria	p__Bacteroidota	c__Bacteroidia	o__Bacteroidales	f__Bacteroidaceae	g__Alloprevotella	s__Alloprevotella massiliensis					s__Alloprevotella_massiliensis	species
0.0	Human	679199.0		GCF_000234115.1	2513237313.0	PMID:31171880	Literature research	0.0	0.0	Yes	0.0	Host-associated	Human	Oral	Digestive system	Gram-	Anaerobe	0.0	Nonmotile		0.0	2588570.0	2075.0	1177557.0	45.0	2012.0	96.96	ftp://ftp.ncbi.nlm.nih.gov/genomes/all/GCF/000/234/115/GCF_000234115.1_Prevotella_sp_F0323_V1	s__Alloprevotella_rava.json	679199.0	d__Bacteria	p__Bacteroidota	c__Bacteroidia	o__Bacteroidales	f__Bacteroidaceae	g__Alloprevotella	s__Alloprevotella rava					s__Alloprevotella_rava	species
1.0	Human	1035197.0		GCF_000318095.2	2537561949.0	PMID:31171880	Literature research	0.0	0.0	Yes	0.0	Host-associated	Animal	Unclassified	Digestive system	Gram-	Anaerobe	0.0	0			2552288.0	2366.0	1177408.0	46.0	2317.0	97.93	ftp://ftp.ncbi.nlm.nih.gov/genomes/all/GCF/000/318/095/GCF_000318095.2_ASM31809v2	s__Alloprevotella_sp000318095.json	1035197.0	d__Bacteria	p__Bacteroidota	c__Bacteroidia	o__Bacteroidales	f__Bacteroidaceae	g__Alloprevotella	s__Alloprevotella sp000318095	0.0	Prevotella sp. oral taxon 473 str. F0040 (1035197.3)	1035197.3	0.0	s__Alloprevotella_sp000318095	species
0.0	Human	626522.0		GCF_000159995.1	645951840.0	PMID:20203603; PMID:24861948	AGORA 1.03	0.0	0.0	Yes		Host-associated	Animal	Unclassified	Digestive system	Gram-	Anaerobe	0.0	Nonmotile			2582919.0	2864.0	1202556.0	47.0	2811.0	98.15	ftp://ftp.ncbi.nlm.nih.gov/genomes/all/GCF/000/159/995/GCF_000159995.1_ASM15999v1	s__Alloprevotella_tannerae.json	626522.0	d__Bacteria	p__Bacteroidota	c__Bacteroidia	o__Bacteroidales	f__Bacteroidaceae	g__Alloprevotella	s__Alloprevotella tannerae					s__Alloprevotella_tannerae	species
0.0	Human					PMID:31171880	Literature research	0.0	0.0	Yes	0.0	Host-associated	Human	Oral	Digestive system	Gram+	Anaerobe	0.0	Nonmotile	0.0	0.0				47.0				s__Alloscardovia_omnicolens.json		d__Bacteria	p__Actinomycetota	c__Actinomycetes	o__Actinomycetales	f__Bifidobacteriaceae	g__Alloscardovia	s__Alloscardovia omnicolens				0.0	s__Alloscardovia_omnicolens	species
2.0	Human	428127.0		GCF_000154285.1	641380446.0	PMID:20203603; PMID:24861948	AGORA 1.03	0.0	0.0	Yes	0.0	Host-associated	Human	Large intestine	Digestive system	Gram+	Anaerobe	0.0	0		0.0	2190453.0	2398.0	834744.0	38.0	2350.0	98.0	ftp://ftp.ncbi.nlm.nih.gov/genomes/all/GCF/000/154/285/GCF_000154285.1_ASM15428v1	s__Amedibacillus_dolichus.json	428127.0	d__Bacteria	p__Bacillota_I	c__Bacilli_A	o__Erysipelotrichales	f__Erysipelotrichaceae	g__Amedibacillus	s__Amedibacillus dolichus		Eubacterium dolichum DSM 3991 (428127.7)	428127.7		s__Amedibacillus_dolichus	species
0.0	Human	155865.0		GCF_900102225.1	2654588172.0	https://www.biorxiv.org/content/10.1101/691030v1	Literature research	0.0	0.0	Yes	0.0	0	0	0	0	Gram+	Obligate anaerobe	0.0	0	0.0	0.0	2275694.0	2076.0	1238330.0	54.0	2007.0	96.68	ftp://ftp.ncbi.nlm.nih.gov/genomes/all/GCF/900/102/225/GCF_900102225.1_IMG-taxon_2623620515_annotated_assembly	s__Aminicella_pyruvativorans.json	155865.0	d__Bacteria	p__Bacillota	c__Clostridia	o__Peptostreptococcales	f__Anaerovoracaceae	g__Aminicella	s__Aminicella pyruvativorans	0.0			0.0	s__Aminicella_pyruvativorans	species
0.0	Human	1005740.0	GCF_004366815.1	GCF_004366815.1	2756170234.0	https://www.biorxiv.org/content/10.1101/691030v1	Literature research	0.0	0.0	Yes	0.0	Environmental	Terrestrial	Unclassified	Soil	Gram-	Anaerobe	0.0	0	0.0	0.0	3347494.0	3061.0	1996312.0	60.0	3005.0	98.17	ftp://ftp.ncbi.nlm.nih.gov/genomes/all/GCF/004/366/815/GCF_004366815.1_ASM436681v1	s__Aminivibrio_pyruvatiphilus.json	1005740.0	d__Bacteria	p__Synergistota	c__Synergistia	o__Synergistales	f__Aminobacteriaceae	g__Aminivibrio	s__Aminivibrio pyruvatiphilus	0.0			0.0	s__Aminivibrio_pyruvatiphilus	species
0.0	Human	1120988.0		GCF_000482845.1	2528768184.0	PMID:20203603; PMID:24861948	AGORA 1.03	0.0	0.0	Yes	0.0	Host-associated	Animal	Unclassified	Respiratory system	Gram-	Anaerobe		Motile			3806682.0	2345.0	1655154.0	44.0	2267.0	96.67	ftp://ftp.ncbi.nlm.nih.gov/genomes/all/GCF/000/482/845/GCF_000482845.1_ASM48284v1	s__Anaerobiospirillum_succiniciproducens.json	1120988.0	d__Bacteria	p__Pseudomonadota	c__Gammaproteobacteria	o__Enterobacterales	f__Succinivibrionaceae	g__Anaerobiospirillum	s__Anaerobiospirillum succiniciproducens					s__Anaerobiospirillum_succiniciproducens	species
2.0	Human	411469.0		GCF_000173975.1	643886203.0	PMID:20203603; PMID:24861948	AGORA 1.03	0.0	0.0	Yes	0.0	Host-associated	Human	Large intestine	Digestive system	Gram+	Anaerobe	0.0	0		0.0	3290996.0	3297.0	1256957.0	38.0	3233.0	98.06	ftp://ftp.ncbi.nlm.nih.gov/genomes/all/GCF/000/173/975/GCF_000173975.1_ASM17397v1	s__Anaerobutyricum_hallii.json	411469.0	d__Bacteria	p__Bacillota	c__Clostridia	o__Lachnospirales	f__Lachnospiraceae	g__Anaerobutyricum	s__Anaerobutyricum hallii		Eubacterium hallii DSM 3353 (411469.3)	411469.3		s__Anaerobutyricum_hallii	species
1.0	Human							0.0	0.0	Yes	0.0	Host-associated	Human			Gram+	Anaerobe	0.0	Nonmotile						30.0				s__Anaerococcus_hydrogenalis.json		d__Bacteria	p__Bacillota	c__Clostridia	o__Tissierellales	f__Peptoniphilaceae	g__Anaerococcus	s__Anaerococcus hydrogenalis					s__Anaerococcus_hydrogenalis	species
0.0	Human	1673719.0	GCF_001182725.1	GCF_001182725.1		PMID:30745586	Literature research									Gram+												ftp://ftp.ncbi.nlm.nih.gov/genomes/all/GCF/001/182/725/GCF_001182725.1_Anaerococcus_jeddahense	s__Anaerococcus_jeddahensis.json	1673719.0	d__Bacteria	p__Bacillota	c__Clostridia	o__Tissierellales	f__Peptoniphilaceae	g__Anaerococcus	s__Anaerococcus jeddahensis					s__Anaerococcus_jeddahensis	species
	Human					PMID:31171880	Literature research	0.0	0.0	Yes	0.0	Host-associated			Reproductive system	Gram+	Anaerobe	0.0							35.0				s__Anaerococcus_lactolyticus.json		d__Bacteria	p__Bacillota	c__Clostridia	o__Tissierellales	f__Peptoniphilaceae	g__Anaerococcus	s__Anaerococcus lactolyticus		Anaerococcus lactolyticus ATCC 51172 (525254.4)	525254.4		s__Anaerococcus_lactolyticus	species
2.0	Human	525919.0	GCF_000191725.1	GCF_000024105.1	644736326.0	PMID:20203603; PMID:24861948	AGORA 1.03	0.0	0.0	Yes		Host-associated	Human	Unclassified	Unclassified	Gram+	Anaerobe	0.0	Nonmotile			1998633.0	1913.0	712291.0	36.0	1852.0	96.81	ftp://ftp.ncbi.nlm.nih.gov/genomes/all/GCF/000/024/105/GCF_000024105.1_ASM2410v1	s__Anaerococcus_prevotii.json	525919.0	d__Bacteria	p__Bacillota	c__Clostridia	o__Tissierellales	f__Peptoniphilaceae	g__Anaerococcus	s__Anaerococcus prevotii		Anaerococcus prevotii DSM 20548 (525919.6)	525919.6		s__Anaerococcus_prevotii	species
0.0	Human	1720199.0	GCF_001487145.1	GCF_001487145.1		PMID:30745586	Literature research									Gram+												ftp.ncbi.nlm.nih.gov/genomes/all/GCF/001/487/145/GCF_001487145.1_Anaerococcus_rubiinfantis	s__Anaerococcus_rubeinfantis.json	1720199.0	d__Bacteria	p__Bacillota	c__Clostridia	o__Tissierellales	f__Peptoniphilaceae	g__Anaerococcus	s__Anaerococcus rubeinfantis					s__Anaerococcus_rubeinfantis	species
0.0	Human	1033733.0	GCF_000321005.1	GCF_000321005.1	2547132134.0	https://www.biorxiv.org/content/10.1101/691030v1	Literature research	0.0	0.0	Yes	0.0	Host-associated	Human	Large intestine	Digestive system	Gram+	Anaerobe	0.0	Nonmotile			1780308.0	1798.0	505407.0	28.0	1734.0	96.44	ftp://ftp.ncbi.nlm.nih.gov/genomes/all/GCF/000/321/005/GCF_000321005.1_ASM32100v2	s__Anaerococcus_senegalensis.json	1033733.0	d__Bacteria	p__Bacillota	c__Clostridia	o__Tissierellales	f__Peptoniphilaceae	g__Anaerococcus	s__Anaerococcus senegalensis					s__Anaerococcus_senegalensis	species
	Human					PMID:31171880	Literature research	0.0	0.0	Yes	0.0	Host-associated	Human			Gram+	Anaerobe	0.0							34.0				s__Anaerococcus_tetradius.json		d__Bacteria	p__Bacillota	c__Clostridia	o__Tissierellales	f__Peptoniphilaceae	g__Anaerococcus	s__Anaerococcus tetradius		Anaerococcus tetradius ATCC 35098 (525255.3)	525255.3		s__Anaerococcus_tetradius	species
	Human							0.0	0.0	Yes	0.0					Gram+		0.0		0.0	0.0				29.0				s__Anaerococcus_vaginalis.json		d__Bacteria	p__Bacillota	c__Clostridia	o__Tissierellales	f__Peptoniphilaceae	g__Anaerococcus	s__Anaerococcus vaginalis	0.0			0.0	s__Anaerococcus_vaginalis	species
2.0	Human	879305.0		GCF_000191725.1	2529292727.0	Strains of species found in the human gut (PMID:24861948) present in PubSEED	Initial strain selection	0.0	0.0	Yes	0.0	Host-associated	Human	Vagina	Reproductive system	Gram+	Anaerobe	0.0	Nonmotile			1697099.0	1688.0	559377.0	33.0	1635.0	96.86	ftp://ftp.ncbi.nlm.nih.gov/genomes/all/GCF/000/191/725/GCF_000191725.1_ASM19172v2	s__Anaerococcus_vaginimassiliensis.json	879305.0	d__Bacteria	p__Bacillota	c__Clostridia	o__Tissierellales	f__Peptoniphilaceae	g__Anaerococcus	s__Anaerococcus vaginimassiliensis		Anaerococcus prevotii ACS-065-V-Col13 (879305.3)	879305.3		s__Anaerococcus_vaginimassiliensis	species
2.0	Human	445971.0		GCF_000154825.1	641736193.0	PMID:20203603; PMID:24861948	AGORA 1.03	0.0	0.0	Yes	0.0	Host-associated	Human	Large intestine	Digestive system	Gram+	Anaerobe	0.0	0		0.0	2284603.0	2381.0	761765.0	33.0	2331.0	97.9	ftp://ftp.ncbi.nlm.nih.gov/genomes/all/GCF/000/154/825/GCF_000154825.1_ASM15482v1	s__Anaerofustis_stercorihominis.json	445971.0	d__Bacteria	p__Bacillota	c__Clostridia	o__Eubacteriales	f__Anaerofustaceae	g__Anaerofustis	s__Anaerofustis stercorihominis		Anaerofustis stercorihominis DSM 17244 (445971.6)	445971.6		s__Anaerofustis_stercorihominis	species
0.0	Mouse	932217.0	GCF_009696605.1			PMID:27670113	Literature research									Gram+												https://www.ncbi.nlm.nih.gov/assembly/GCF_009696605.1/	s__Anaerosalibacter_bizertensis.json	932217.0	d__Bacteria	p__Bacillota	c__Clostridia	o__Tissierellales	f__Sporanaerobacteraceae	g__Anaerosalibacter	s__Anaerosalibacter bizertensis					s__Anaerosalibacter_bizertensis	species
0.0	Human	1347392.0		GCF_000751555.1	2617271274.0	PMID:25567229	Literature research	0.0	0.0	Yes	0.0	0	0	0	0	Gram+	0	0.0	0	0.0	0.0	3189543.0	3306.0	945804.0	30.0	3237.0	97.91	ftp://ftp.ncbi.nlm.nih.gov/genomes/all/GCF/000/751/555/GCF_000751555.1_Anaerosalibacter_massiliensis_ND1	s__Anaerosalibacter_massiliensis.json	1347392.0	d__Bacteria	p__Bacillota	c__Clostridia	o__Tissierellales	f__Sporanaerobacteraceae	g__Anaerosalibacter	s__Anaerosalibacter massiliensis	0.0			0.0	s__Anaerosalibacter_massiliensis	species
0.0	Human	1120996.0		GCF_900142955.1	2588253509.0	https://www.biorxiv.org/content/10.1101/691030v1	Literature research	0.0	0.0	Yes	0.0	Environmental	Terrestrial	Unclassified	Soil	Gram+	Anaerobe	0.0	Motile	0.0	0.0	5217774.0	4645.0	1822850.0	35.0	4551.0	97.98	ftp://ftp.ncbi.nlm.nih.gov/genomes/all/GCF/900/142/955/GCF_900142955.1_IMG-taxon_2588253509_annotated_assembly	s__Anaerosporobacter_mobilis.json	1120996.0	d__Bacteria	p__Bacillota	c__Clostridia	o__Lachnospirales	f__Lachnospiraceae	g__Anaerosporobacter	s__Anaerosporobacter mobilis					s__Anaerosporobacter_mobilis	species
	Human			GCF_900624715.1	641736227.0			0.0	0.0	Yes	0.0	Host-associated	Human	Large intestine	Digestive system	Gram+	Anaerobe	0.0	0		0.0	3605636.0	3845.0	1598255.0	44.0	3748.0	97.48		s__Anaerostipes_caccae.json		d__Bacteria	p__Bacillota	c__Clostridia	o__Lachnospirales	f__Lachnospiraceae	g__Anaerostipes	s__Anaerostipes caccae		Anaerostipes caccae DSM 14662 (411490.6)	411490.6		s__Anaerostipes_caccae	species
2.0	Human					PMID:20203603; PMID:24861948	AGORA 1.03	0.0	0.0	Yes	0.0	Host-associated	Human	Large intestine	Digestive system	Gram+		0.0			0.0				37.0				s__Anaerostipes_hadrus.json		d__Bacteria	p__Bacillota	c__Clostridia	o__Lachnospirales	f__Lachnospiraceae	g__Anaerostipes	s__Anaerostipes hadrus					s__Anaerostipes_hadrus	species
0.0	Mouse	1121323.0		GCF_900142265.1	2585428190.0	Personal communication, Dr. Jan Krumsiek	Personal communication	0.0	0.0	Yes	0.0	Host-associated	Birds	Unclassified	Digestive system	Gram+	Anaerobe	0.0	Nonmotile			3546077.0	3621.0	1603877.0	45.0	3532.0	97.54	ftp://ftp.ncbi.nlm.nih.gov/genomes/all/GCF/900/142/265/GCF_900142265.1_IMG-taxon_2585428190_annotated_assembly	s__Anaerotignum_lactatifermentans.json	1121323.0	d__Bacteria	p__Bacillota	c__Clostridia	o__Lachnospirales	f__Anaerotignaceae	g__Anaerotignum	s__Anaerotignum lactatifermentans					s__Anaerotignum_lactatifermentans	species
2.0	Human	445972.0		GCF_000154565.1	641736271.0	PMID:20203603; PMID:24861948	AGORA 1.03	0.0	0.0	Yes	0.0	Host-associated	Human	Large intestine	Digestive system	Gram+	Anaerobe	0.0	Nonmotile		0.0	3718888.0	4506.0	2014830.0	54.0	4427.0	98.25	ftp://ftp.ncbi.nlm.nih.gov/genomes/all/GCF/000/154/565/GCF_000154565.1_ASM15456v1	s__Anaerotruncus_colihominis.json	445972.0	d__Bacteria	p__Bacillota	c__Clostridia	o__Oscillospirales	f__Ruminococcaceae	g__Anaerotruncus	s__Anaerotruncus colihominis		Anaerotruncus colihominis DSM 17241 (445972.6)	445972.6		s__Anaerotruncus_colihominis	species
1.0	Human	1235835.0	GCF_000403395.2	GCF_000403395.2	2563367172.0	PMID:31275260	Literature research	0.0	0.0	Yes	0.0	Host-associated	Mammals	Unclassified	Unclassified	Gram+	Anaerobe	0.0	0	0.0	0.0	3513927.0	3519.0	1921190.0	55.0	3455.0	98.18	ftp://ftp.ncbi.nlm.nih.gov/genomes/all/GCF/000/403/395/GCF_000403395.2_Anae_bact_G3_V1	s__Anaerotruncus_sp000403395.json	1235835.0	d__Bacteria	p__Bacillota	c__Clostridia	o__Oscillospirales	f__Ruminococcaceae	g__Anaerotruncus	s__Anaerotruncus sp000403395	0.0	Anaerotruncus sp. G3(2012) (1235835.3)	2012.0	0.0	s__Anaerotruncus_sp000403395	species
0.0	Mouse	1120998.0		GCF_000426305.1	2524614531.0	Personal communication, Dr. Jan Krumsiek	Personal communication	0.0	0.0	Yes	0.0	Environmental	Aquatic	Saline	Non-marine Saline and Alkaline	Gram+	Anaerobe	0.0	Motile	0.0	0.0	3265560.0	3015.0	1028561.0	32.0	2944.0	97.65	ftp://ftp.ncbi.nlm.nih.gov/genomes/all/GCF/000/426/305/GCF_000426305.1_ASM42630v1	s__Anaerovorax_odorimutans.json	1120998.0	d__Bacteria	p__Bacillota	c__Clostridia	o__Peptostreptococcales	f__Anaerovoracaceae	g__Anaerovorax	s__Anaerovorax odorimutans					s__Anaerovorax_odorimutans	species
0.0	Human	649747.0		GCF_000466385.1	2563366762.0	PMID:20203603; PMID:24861948	AGORA 1.03	0.0	0.0	Yes	0.0	Host-associated	Human	Large intestine	Digestive system	Gram+	Obligate aerobe	0.0	0			5302959.0	6261.0	2293199.0	43.0	6214.0	99.25	ftp://ftp.ncbi.nlm.nih.gov/genomes/all/GCF/000/466/385/GCF_000466385.1_ASM46638v1	s__Aneurinibacillus_aneurinilyticus.json	649747.0	d__Bacteria	p__Bacillota	c__Bacilli	o__Aneurinibacillales	f__Aneurinibacillaceae	g__Aneurinibacillus	s__Aneurinibacillus aneurinilyticus				0.0	s__Aneurinibacillus_aneurinilyticus	species
0.0	Mouse	1423768.0		GCF_001433825.1	2660237901.0	Personal communication, Dr. Jan Krumsiek	Personal communication	0.0	0.0	Yes	0.0	Engineered	Food production	Unclassified	Unclassified	Gram+	Facultative anaerobe	0.0	0	0.0	0.0	1511737.0	1404.0	550203.0	36.0	1358.0	96.72	ftp://ftp.ncbi.nlm.nih.gov/genomes/all/GCF/001/433/825/GCF_001433825.1_ASM143382v1	s__Apilactobacillus_kunkeei.json	1423768.0	d__Bacteria	p__Bacillota	c__Bacilli	o__Lactobacillales	f__Lactobacillaceae	g__Apilactobacillus	s__Apilactobacillus kunkeei	0.0			0.0	s__Apilactobacillus_kunkeei	species
0.0	Mouse	1419324.0		GCF_000687335.1	2558860143.0	Personal communication, Dr. Jan Krumsiek	Personal communication	0.0	0.0	Yes	0.0	Host-associated	Insecta	Unclassified	Unclassified	Gram+	Facultative anaerobe	0.0	Nonmotile		0.0	1567924.0	1455.0	578798.0	37.0	1417.0	97.39	ftp://ftp.ncbi.nlm.nih.gov/genomes/all/GCF/000/687/335/GCF_000687335.1_LKU1	s__Apilactobacillus_kunkeei_F.json	1419324.0	d__Bacteria	p__Bacillota	c__Bacilli	o__Lactobacillales	f__Lactobacillaceae	g__Apilactobacillus	s__Apilactobacillus kunkeei_F					s__Apilactobacillus_kunkeei_F	species
2.0	Human					Strains of species found in the human gut (PMID:24861948) present in PubSEED	Initial strain selection	0.0	0.0	Yes	0.0					Gram-	Aerobe	0.0		0.0	0.0								s__Aquipseudomonas_alloputida.json		d__Bacteria	p__Pseudomonadota	c__Gammaproteobacteria	o__Pseudomonadales	f__Pseudomonadaceae	g__Aquipseudomonas	s__Aquipseudomonas alloputida					s__Aquipseudomonas_alloputida	species
2.0	Human					Strains of species found in the human gut (PMID:24861948) present in PubSEED	Initial strain selection	0.0	0.0	Yes	0.0					Gram-	Aerobe	0.0			0.0						98.32		s__Aquipseudomonas_asiatica.json		d__Bacteria	p__Pseudomonadota	c__Gammaproteobacteria	o__Pseudomonadales	f__Pseudomonadaceae	g__Aquipseudomonas	s__Aquipseudomonas asiatica	0.0			0.0	s__Aquipseudomonas_asiatica	species
2.0	Human	1324332.0		GCF_000411675.1	2554235131.0	Strains of species found in the human gut (PMID:24861948) present in PubSEED	Initial strain selection	0.0	0.0	Yes	0.0	0	0	0	0	Gram-	Aerobe	0.0	0	0.0	0.0	6870021.0	6442.0	4155173.0	60.0	6313.0	98.0	ftp://ftp.ncbi.nlm.nih.gov/genomes/all/GCF/000/411/675/GCF_000411675.1_Pse.Fluo1.0	s__Aquipseudomonas_azotoformans_A.json	1324332.0	d__Bacteria	p__Pseudomonadota	c__Gammaproteobacteria	o__Pseudomonadales	f__Pseudomonadaceae	g__Aquipseudomonas	s__Aquipseudomonas azotoformans_A	0.0	Pseudomonas fluorescens LMG 5329 (1324332.3)	1324332.3	0.0	s__Aquipseudomonas_azotoformans_A	species
2.0	Human	1038923.0		GCF_000263695.1	2597489890.0	Strains of species found in the human gut (PMID:24861948) present in PubSEED	Initial strain selection	0.0	0.0	Yes	0.0	Host-associated	Plants	Unclassified	Unclassified	Gram-	Aerobe		0	0.0	0.0	6602611.0	6027.0	4024318.0	61.0	5748.0	95.37	ftp://ftp.ncbi.nlm.nih.gov/genomes/all/GCF/000/263/695/GCF_000263695.1_ASM26369v2	s__Aquipseudomonas_brassicacearum.json	1038923.0	d__Bacteria	p__Pseudomonadota	c__Gammaproteobacteria	o__Pseudomonadales	f__Pseudomonadaceae	g__Aquipseudomonas	s__Aquipseudomonas brassicacearum		Pseudomonas fluorescens Q8r1-96 (1038923.3)	1038923.3		s__Aquipseudomonas_brassicacearum	species
2.0	Human	1221522.0		GCF_000293885.2	2667527484.0	Strains of species found in the human gut (PMID:24861948) present in PubSEED	Initial strain selection	0.0	0.0	Yes	0.0	Environmental	Aquatic	Lotic	Freshwater	Gram-	Aerobe	0.0	0	0.0	0.0	6998154.0	6542.0	4129413.0	59.0	6335.0	96.84	ftp://ftp.ncbi.nlm.nih.gov/genomes/all/GCF/000/293/885/GCF_000293885.2_ASM29388v3	s__Aquipseudomonas_fluorescens_B.json	1221522.0	d__Bacteria	p__Pseudomonadota	c__Gammaproteobacteria	o__Pseudomonadales	f__Pseudomonadaceae	g__Aquipseudomonas	s__Aquipseudomonas fluorescens_B	0.0	Pseudomonas fluorescens NCIMB 11764 (1221522.3)	1221522.3	0.0	s__Aquipseudomonas_fluorescens_B	species
2.0	Human	743713.0		GCF_000292795.1	2503538034.0	Strains of species found in the human gut (PMID:24861948) present in PubSEED	Initial strain selection	0.0	0.0	Yes	0.0	Environmental	Terrestrial	Unclassified	Geologic	Gram-	Aerobe	0.0	Motile	0.0	0.0	6299732.0	5572.0	3779275.0	60.0	5570.0	99.96	ftp://ftp.ncbi.nlm.nih.gov/genomes/all/GCF/000/292/795/GCF_000292795.1_PF-R124.01	s__Aquipseudomonas_fluorescens_H.json	743713.0	d__Bacteria	p__Pseudomonadota	c__Gammaproteobacteria	o__Pseudomonadales	f__Pseudomonadaceae	g__Aquipseudomonas	s__Aquipseudomonas fluorescens_H		Pseudomonas fluorescens R124 (743713.3)	743713.3		s__Aquipseudomonas_fluorescens_H	species
2.0	Human	1038922.0		GCF_000281895.1	2597489886.0	Strains of species found in the human gut (PMID:24861948) present in PubSEED	Initial strain selection	0.0	0.0	Yes	0.0	Host-associated	Plants	Unclassified	Unclassified	Gram-	Aerobe		0	0.0	0.0	6368168.0	5866.0	3860802.0	61.0	5625.0	95.89	ftp://ftp.ncbi.nlm.nih.gov/genomes/all/GCF/000/281/895/GCF_000281895.1_ASM28189v1	s__Aquipseudomonas_fluorescens_S.json	1038922.0	d__Bacteria	p__Pseudomonadota	c__Gammaproteobacteria	o__Pseudomonadales	f__Pseudomonadaceae	g__Aquipseudomonas	s__Aquipseudomonas fluorescens_S		Pseudomonas fluorescens Q2-87 (1038922.3)	1038922.3		s__Aquipseudomonas_fluorescens_S	species
2.0	Human	1331671.0		GCF_000410575.1	2563366586.0	Strains of species found in the human gut (PMID:24861948) present in PubSEED	Initial strain selection	0.0	0.0	Yes	0.0	Engineered	Built environment	Unclassified	Unclassified	Gram-	Aerobe	0.0	0	0.0	0.0	6870827.0	6444.0	4232285.0	62.0	6357.0	98.65	ftp://ftp.ncbi.nlm.nih.gov/genomes/all/GCF/000/410/575/GCF_000410575.1_ASM41057v1	s__Aquipseudomonas_fortuita.json	1331671.0	d__Bacteria	p__Pseudomonadota	c__Gammaproteobacteria	o__Pseudomonadales	f__Pseudomonadaceae	g__Aquipseudomonas	s__Aquipseudomonas fortuita	0.0	Pseudomonas putida H8234 (1331671.3)	1331671.3	0.0	s__Aquipseudomonas_fortuita	species
	Human				2548876816.0	PMID:31171880	Literature research	0.0	0.0	Yes	0.0	Environmental	Terrestrial	Unclassified	Soil	Gram-	Aerobe	0.0		0.0	0.0	5000569.0	4774.0	2968870.0	59.0	4661.0	97.63		s__Aquipseudomonas_fragi.json		d__Bacteria	p__Pseudomonadota	c__Gammaproteobacteria	o__Pseudomonadales	f__Pseudomonadaceae	g__Aquipseudomonas	s__Aquipseudomonas fragi	0.0	Pseudomonas fragi B25 (1136138.3)	1136138.3		s__Aquipseudomonas_fragi	species
2.0	Human	205922.0		GCF_000012445.1	2600255294.0	PMID:20203603; PMID:24861948	AGORA 1.03	0.0	0.0	Yes	0.0	Environmental	Aquatic	Groundwater	Freshwater	Gram-	Aerobe	0.0	0	0.0	0.0	6462908.0	5953.0	3856185.0	60.0	5885.0	98.86	ftp://ftp.ncbi.nlm.nih.gov/genomes/all/GCF/000/012/445/GCF_000012445.1_ASM1244v1	s__Aquipseudomonas_glycinae.json	205922.0	d__Bacteria	p__Pseudomonadota	c__Gammaproteobacteria	o__Pseudomonadales	f__Pseudomonadaceae	g__Aquipseudomonas	s__Aquipseudomonas glycinae	0.0	Pseudomonas fluorescens Pf0-1 (205922.5)	205922.5	0.0	s__Aquipseudomonas_glycinae	species
1.0	Human	1197721.0		GCF_000287395.1	2519899600.0	https://www.biorxiv.org/content/10.1101/691030v1	Literature research	0.0	0.0	Yes	0.0	Engineered	Biotransformation	Unclassified	Unclassified	Gram-	Aerobe	0.0	0	0.0	0.0	5072093.0	4677.0	3282149.0	65.0	4621.0	98.8	ftp://ftp.ncbi.nlm.nih.gov/genomes/all/GCF/000/287/395/GCF_000287395.1_Pmen01	s__Aquipseudomonas_hydrolytica.json	1197721.0	d__Bacteria	p__Pseudomonadota	c__Gammaproteobacteria	o__Pseudomonadales	f__Pseudomonadaceae	g__Aquipseudomonas	s__Aquipseudomonas hydrolytica	0.0	Pseudomonas mendocina DLHK (1197721.3)	1197721.3	0.0	s__Aquipseudomonas_hydrolytica	species
2.0	Human	1114970.0		GCF_000237065.1	2511231156.0	Strains of species found in the human gut (PMID:24861948) present in PubSEED	Initial strain selection	0.0	0.0	Yes	0.0	Host-associated	Plants	Unclassified	Rhizoplane	Gram-	Aerobe	0.0	Motile	0.0	0.0	6845832.0	5952.0	4161170.0	61.0	5862.0	98.49	ftp://ftp.ncbi.nlm.nih.gov/genomes/all/GCF/000/237/065/GCF_000237065.1_ASM23706v1	s__Aquipseudomonas_kilonensis.json	1114970.0	d__Bacteria	p__Pseudomonadota	c__Gammaproteobacteria	o__Pseudomonadales	f__Pseudomonadaceae	g__Aquipseudomonas	s__Aquipseudomonas kilonensis		Pseudomonas fluorescens F113 (1114970.3)	1114970.3		s__Aquipseudomonas_kilonensis	species
1.0	Human	746360.0	NZ_CM001025	GCF_000166515.1	649989991.0	PMID:31275260	Literature research	0.0	0.0	Yes	0.0	Host-associated	Plants	Unclassified	Unclassified	Gram-	Aerobe	0.0	Motile	0.0	0.0	6265667.0	5916.0	3794849.0	61.0	5861.0	99.07	ftp://ftp.ncbi.nlm.nih.gov/genomes/all/GCF/000/166/515/GCF_000166515.1_WH6_v1	s__Aquipseudomonas_lactucae.json	746360.0	d__Bacteria	p__Pseudomonadota	c__Gammaproteobacteria	o__Pseudomonadales	f__Pseudomonadaceae	g__Aquipseudomonas	s__Aquipseudomonas lactucae		Pseudomonas fluorescens WH6 (746360.3)	746360.3		s__Aquipseudomonas_lactucae	species
0.0	Human	522492.0	GCF_000826105.1	GCF_000826105.1		PMID:30745586	Literature research									Gram-												ftp.ncbi.nlm.nih.gov/genomes/all/GCF/000/826/105/GCF_000826105.1_Pseudomonas_massiliensis_CB1	s__Aquipseudomonas_massiliensis.json	522492.0	d__Bacteria	p__Pseudomonadota	c__Gammaproteobacteria	o__Pseudomonadales	f__Pseudomonadaceae	g__Aquipseudomonas	s__Aquipseudomonas massiliensis					s__Aquipseudomonas_massiliensis	species
0.0	Human	1215108.0		GCF_000813265.1	2627854063.0	https://www.biorxiv.org/content/10.1101/691030v1	Literature research	0.0	0.0	Yes	0.0	Environmental	Terrestrial	Unclassified	Soil	Gram-	Aerobe	0.0	0	0.0	0.0	5124692.0	4823.0	3219894.0	63.0	4717.0	97.8	ftp://ftp.ncbi.nlm.nih.gov/genomes/all/GCF/000/813/265/GCF_000813265.1_ASM81326v1	s__Aquipseudomonas_mendocina.json	1215108.0	d__Bacteria	p__Pseudomonadota	c__Gammaproteobacteria	o__Pseudomonadales	f__Pseudomonadaceae	g__Aquipseudomonas	s__Aquipseudomonas mendocina				0.0	s__Aquipseudomonas_mendocina	species
	Human							0.0	0.0	Yes	0.0					Gram-	Aerobe	0.0		0.0	0.0								s__Aquipseudomonas_monteilii.json		d__Bacteria	p__Pseudomonadota	c__Gammaproteobacteria	o__Pseudomonadales	f__Pseudomonadaceae	g__Aquipseudomonas	s__Aquipseudomonas monteilii				0.0	s__Aquipseudomonas_monteilii	species
1.0	Human	1037911.0	NC_017911	GCF_000262325.2	2561511156.0	PMID:31275260	Literature research	0.0	0.0	Yes	0.0	Host-associated	Plants	Unclassified	Unclassified	Gram-	Aerobe		0	0.0	0.0	6019547.0	5437.0	3609012.0	60.0	5334.0	98.11	ftp://ftp.ncbi.nlm.nih.gov/genomes/all/GCF/000/262/325/GCF_000262325.2_ASM26232v2	s__Aquipseudomonas_paracarnis.json	1037911.0	d__Bacteria	p__Pseudomonadota	c__Gammaproteobacteria	o__Pseudomonadales	f__Pseudomonadaceae	g__Aquipseudomonas	s__Aquipseudomonas paracarnis		Pseudomonas fluorescens A506 (1037911.3)	1037911.3		s__Aquipseudomonas_paracarnis	species
1.0	Human	1134475.0		GCF_000250595.1	2548876817.0	PMID:31171880	Literature research	0.0	0.0	Yes	0.0	Environmental	Terrestrial	Unclassified	Soil	Gram-	Aerobe	0.0	Motile	0.0	0.0	5061208.0	4733.0	2967762.0	59.0	4625.0	97.72	ftp://ftp.ncbi.nlm.nih.gov/genomes/all/GCF/000/250/595/GCF_000250595.1_ASM25059v1	s__Aquipseudomonas_paraversuta.json	1134475.0	d__Bacteria	p__Pseudomonadota	c__Gammaproteobacteria	o__Pseudomonadales	f__Pseudomonadaceae	g__Aquipseudomonas	s__Aquipseudomonas paraversuta	0.0	Pseudomonas fragi A22 (1134475.3)	1134475.3		s__Aquipseudomonas_paraversuta	species
2.0	Human	216595.0		GCF_000009225.2	649633086.0	Strains of species found in the human gut (PMID:24861948) present in PubSEED	Initial strain selection	0.0	0.0	Yes	0.0	Host-associated	Plants	Unclassified	Phylloplane	Gram-	Aerobe	0.0	Motile	0.0	0.0	7147633.0	6492.0	4293390.0	60.0	6395.0	98.51	ftp://ftp.ncbi.nlm.nih.gov/genomes/all/GCF/000/009/225/GCF_000009225.2_ASM922v1	s__Aquipseudomonas_petroselini.json	216595.0	d__Bacteria	p__Pseudomonadota	c__Gammaproteobacteria	o__Pseudomonadales	f__Pseudomonadaceae	g__Aquipseudomonas	s__Aquipseudomonas petroselini		Pseudomonas fluorescens SBW25 (216595.4)	216595.4		s__Aquipseudomonas_petroselini	species
2.0	Human	1330531.0		GCF_000412715.1	2545824760.0	Strains of species found in the human gut (PMID:24861948) present in PubSEED	Initial strain selection	0.0	0.0	Yes	0.0	Host-associated	Fish	Unclassified	Unclassified	Gram-	Aerobe	0.0	0	0.0	0.0	5413273.0	4952.0	3399549.0	63.0	4883.0	98.61	ftp://ftp.ncbi.nlm.nih.gov/genomes/all/GCF/000/412/715/GCF_000412715.1_ASM41271v1	s__Aquipseudomonas_plecoglossicida.json	1330531.0	d__Bacteria	p__Pseudomonadota	c__Gammaproteobacteria	o__Pseudomonadales	f__Pseudomonadaceae	g__Aquipseudomonas	s__Aquipseudomonas plecoglossicida	0.0	Pseudomonas putida NB2011 (1330531.3)	1330531.3	0.0	s__Aquipseudomonas_plecoglossicida	species
2.0	Human	220664.0		GCF_000012265.1	637000220.0	Strains of species found in the human gut (PMID:24861948) present in PubSEED	Initial strain selection	0.0	0.0	Yes	0.0	Host-associated	Plants	Unclassified	Rhizoplane	Gram-	Aerobe	0.0	Motile	0.0	0.0	7074893.0	6257.0	4478756.0	63.0	6142.0	98.16	ftp://ftp.ncbi.nlm.nih.gov/genomes/all/GCF/000/012/265/GCF_000012265.1_ASM1226v1	s__Aquipseudomonas_protegens.json	220664.0	d__Bacteria	p__Pseudomonadota	c__Gammaproteobacteria	o__Pseudomonadales	f__Pseudomonadaceae	g__Aquipseudomonas	s__Aquipseudomonas protegens		Pseudomonas fluorescens Pf-5 (220664.5)	220664.5		s__Aquipseudomonas_protegens	species
1.0	Human	1211112.0	GCF_000282975.1	GCF_000282975.1	2517487005.0	https://www.biorxiv.org/content/10.1101/691030v1	Literature research	0.0	0.0	Yes	0.0	Engineered	Wastewater	Unclassified	Activated Sludge	Gram-	Aerobe	0.0	0	0.0	0.0	5235696.0	4936.0	2953121.0	56.0	4818.0	97.61	ftp://ftp.ncbi.nlm.nih.gov/genomes/all/GCF/000/282/975/GCF_000282975.1_ASM28297v1	s__Aquipseudomonas_psychrophila_A.json	1211112.0	d__Bacteria	p__Pseudomonadota	c__Gammaproteobacteria	o__Pseudomonadales	f__Pseudomonadaceae	g__Aquipseudomonas	s__Aquipseudomonas psychrophila_A		Pseudomonas psychrophila HA-4 (1211112.3)	1211112.3	0.0	s__Aquipseudomonas_psychrophila_A	species
1.0	Human	1211579.0	NC_021505	GCF_000412675.1	2554235365.0	PMID:31275260	Literature research	0.0	0.0	Yes	0.0	0	0	0	0	Gram-	Aerobe	0.0	0	0.0	0.0	6156701.0	5544.0	3837520.0	62.0	5449.0	98.29	ftp://ftp.ncbi.nlm.nih.gov/genomes/all/GCF/000/412/675/GCF_000412675.1_ASM41267v1	s__Aquipseudomonas_putida.json	1211579.0	d__Bacteria	p__Pseudomonadota	c__Gammaproteobacteria	o__Pseudomonadales	f__Pseudomonadaceae	g__Aquipseudomonas	s__Aquipseudomonas putida	0.0	Pseudomonas putida NBRC 14164 (1211579.3)	1211579.3	0.0	s__Aquipseudomonas_putida	species
2.0	Human	76869.0		GCF_000019125.1	641522645.0	Strains of species found in the human gut (PMID:24861948) present in PubSEED	Initial strain selection	0.0	0.0	Yes	0.0	Environmental	Aquatic	Unclassified	Freshwater	Gram-	Aerobe		Motile	0.0	0.0	6078430.0	5515.0	3765116.0	62.0	5417.0	98.22	ftp://ftp.ncbi.nlm.nih.gov/genomes/all/GCF/000/019/125/GCF_000019125.1_ASM1912v1	s__Aquipseudomonas_putida_P.json	76869.0	d__Bacteria	p__Pseudomonadota	c__Gammaproteobacteria	o__Pseudomonadales	f__Pseudomonadaceae	g__Aquipseudomonas	s__Aquipseudomonas putida_P		Pseudomonas putida GB-1 (76869.5)	76869.5		s__Aquipseudomonas_putida_P	species
0.0	Human	59196.0		GCF_000168295.1	2562617066.0	https://www.biorxiv.org/content/10.1101/691030v1	Literature research	0.0	0.0	Yes	0.0	Host-associated	Insecta	Unclassified	Unclassified	Gram-	Facultative	0.0	Nonmotile	0.0	0.0	1581239.0	1460.0	598773.0	38.0	1410.0	96.58	ftp://ftp.ncbi.nlm.nih.gov/genomes/all/GCF/000/168/295/GCF_000168295.1_ASM16829v1	s__Aquirickettsiella_grylli.json	59196.0	d__Bacteria	p__Pseudomonadota	c__Gammaproteobacteria	o__Diplorickettsiales	f__Diplorickettsiaceae	g__Aquirickettsiella	s__Aquirickettsiella grylli		Does not have a strain ID			s__Aquirickettsiella_grylli	species
0.0	Human	1522311.0		GCF_000826065.2	2636415402.0	PMID:25567229	Literature research	0.0	0.0	Yes	0.0	0	0	0	0	Gram+	Facultative	0.0	0	0.0	0.0	3211248.0	3119.0	2177721.0	68.0	3057.0	98.01	ftp://ftp.ncbi.nlm.nih.gov/genomes/all/GCF/000/826/065/GCF_000826065.2_Tessaracoccus_massiliensis_SIT6	s__Arachnia_massiliensis_A.json	1522311.0	d__Bacteria	p__Actinomycetota	c__Actinomycetes	o__Propionibacteriales	f__Propionibacteriaceae	g__Arachnia	s__Arachnia massiliensis_A	0.0			0.0	s__Arachnia_massiliensis_A	species
2.0	Human	767029.0		GCF_000277715.1	2836836789.0	PMID:20203603; PMID:24861948	AGORA 1.03	0.0	0.0	Yes		Host-associated	Human	Oral	Digestive system	Gram+	Anaerobe	0.0	Nonmotile		0.0	3449360.0	3175.0	2278669.0	66.0	3099.0	97.61	ftp://ftp.ncbi.nlm.nih.gov/genomes/all/GCF/000/277/715/GCF_000277715.1_ASM27771v1	s__Arachnia_propionica.json	767029.0	d__Bacteria	p__Actinomycetota	c__Actinomycetes	o__Propionibacteriales	f__Propionibacteriaceae	g__Arachnia	s__Arachnia propionica		Propionibacterium propionicum F0230a (767029.3)	767029.3		s__Arachnia_propionica	species
2.0	Human	644284.0		GCF_000092365.1	646564505.0	PMID:20203603; PMID:24861948	AGORA 1.03	0.0	0.0	Yes		Host-associated	Human	Unclassified	Unclassified	Gram+	Facultative anaerobe	0.0	Nonmotile			1986154.0	1885.0	1055308.0	53.0	1821.0	96.6	ftp://ftp.ncbi.nlm.nih.gov/genomes/all/GCF/000/092/365/GCF_000092365.1_ASM9236v1	s__Arcanobacterium_haemolyticum.json	644284.0	d__Bacteria	p__Actinomycetota	c__Actinomycetes	o__Actinomycetales	f__Actinomycetaceae	g__Arcanobacterium	s__Arcanobacterium haemolyticum		Arcanobacterium haemolyticum DSM 20595 (644284.3)	644284.3		s__Arcanobacterium_haemolyticum	species
0.0	Human	872965.0	GCF_001293545.1	GCF_001293545.1	2651869644.0	https://www.biorxiv.org/content/10.1101/691030v1	Literature research	0.0	0.0	Yes	0.0	0	0	0	0	Gram-	Facultative	0.0	0	0.0	0.0	3559695.0	3081.0	2120284.0	60.0	3026.0	98.21	ftp://ftp.ncbi.nlm.nih.gov/genomes/all/GCF/001/293/545/GCF_001293545.1_ASM129354v1	s__Ardenticatena_maritima.json	872965.0	d__Bacteria	p__Chloroflexota	c__Anaerolineae	o__Ardenticatenales	f__Ardenticatenaceae	g__Ardenticatena	s__Ardenticatena maritima	0.0			0.0	s__Ardenticatena_maritima	species
0.0	Human	1121019.0	GCF_000014025.1	GCF_000430705.1	2524023227.0	PMID:20203603; PMID:24861948	AGORA 1.03	0.0	0.0	Yes	0.0	Environmental	Unclassified	Unclassified	Unclassified	Gram+	Obligate aerobe	0.0	Nonmotile	0.0	0.0	4585800.0	4516.0	2915644.0	64.0	4452.0	98.58	ftp://ftp.ncbi.nlm.nih.gov/genomes/all/GCF/000/430/705/GCF_000430705.1_ASM43070v1	s__Arthrobacter_C_castelli.json	1121019.0	d__Bacteria	p__Actinomycetota	c__Actinomycetes	o__Actinomycetales	f__Micrococcaceae	g__Arthrobacter_C	s__Arthrobacter_C castelli					s__Arthrobacter_C_castelli	species
2.0	Human	1115512.0	GCF_000191665.1	GCF_000248015.1	2514752030.0	PMID:20203603; PMID:24861948	AGORA 1.03	0.0	0.0	Yes		Host-associated	Human	Unclassified	Skin	Gram-	Facultative	0.0	Motile	0.0	0.0	4495280.0	4229.0	2430901.0	54.0	4160.0	98.37	ftp://ftp.ncbi.nlm.nih.gov/genomes/all/GCF/000/248/015/GCF_000248015.1_ASM24801v2	s__Atlantibacter_hermannii.json	1115512.0	d__Bacteria	p__Pseudomonadota	c__Gammaproteobacteria	o__Enterobacterales	f__Enterobacteriaceae	g__Atlantibacter	s__Atlantibacter hermannii		Escherichia hermannii NBRC 105704 (1115512.3)	1115512.3		s__Atlantibacter_hermannii	species
2.0	Human	997872.0		GCF_000364325.1	2531839302.0	PMID:20203603; PMID:24861948	AGORA 1.03	0.0	0.0	Yes	0.0	Host-associated	Human	Unclassified	Unclassified	Gram+	Anaerobe	0.0	0	0.0	0.0	1706361.0	1590.0	835149.0	49.0	1539.0	96.79	ftp://ftp.ncbi.nlm.nih.gov/genomes/all/GCF/000/364/325/GCF_000364325.1_Atop_minu_V1	s__Atopobium_minutum.json	997872.0	d__Bacteria	p__Actinomycetota	c__Coriobacteriia	o__Coriobacteriales	f__Atopobiaceae	g__Atopobium	s__Atopobium minutum		Atopobium minutum 10063974 (997872.3)	997872.3	0.0	s__Atopobium_minutum	species
0.0	Human	678932.0	GCF_003703835.1	GCF_003703835.1	2831686037.0	https://www.biorxiv.org/content/10.1101/691030v1	Literature research	0.0	0.0	Yes	0.0	Host-associated	Human	Unclassified	Unclassified	Gram+	0	0.0	0	0.0	0.0	2589795.0	2550.0	1536725.0	59.0	2478.0	97.18	ftp://ftp.ncbi.nlm.nih.gov/genomes/all/GCF/003/703/835/GCF_003703835.1_ASM370383v1	s__Auritidibacter_ignavus.json	678932.0	d__Bacteria	p__Actinomycetota	c__Actinomycetes	o__Actinomycetales	f__Micrococcaceae	g__Auritidibacter	s__Auritidibacter ignavus	0.0			0.0	s__Auritidibacter_ignavus	species
0.0	Human	640081.0		GCF_000236665.1	2508501046.0	https://www.biorxiv.org/content/10.1101/691030v1	Literature research	0.0	0.0	Yes	0.0	Environmental	Terrestrial	Unclassified	Soil	Gram-	Facultative	0.0	Nonmotile	0.0	0.0	3806980.0	3539.0	2488533.0	65.0	3474.0	98.16	ftp://ftp.ncbi.nlm.nih.gov/genomes/all/GCF/000/236/665/GCF_000236665.1_ASM23666v1	s__Azospira_oryzae.json	640081.0	d__Bacteria	p__Pseudomonadota	c__Gammaproteobacteria	o__Burkholderiales	f__Rhodocyclaceae	g__Azospira	s__Azospira oryzae		Dechlorosoma suillum PS (640081.3)	640081.3		s__Azospira_oryzae	species
0.0	Human	1178544.0		GCF_000691145.1	2576861487.0	PMID:20203603; PMID:24861948	AGORA 1.03	0.0	0.0	Yes	0.0	Environmental	Air	Unclassified	Unclassified	Gram+	Aerobe	0.0	Motile	0.0	0.0	3678935.0	3800.0	1518032.0	41.0	3745.0	98.55	ftp://ftp.ncbi.nlm.nih.gov/genomes/all/GCF/000/691/145/GCF_000691145.1_ASM69114v1	s__Bacillus_altitudinis.json	1178544.0	d__Bacteria	p__Bacillota	c__Bacilli	o__Bacillales	f__Bacillaceae	g__Bacillus	s__Bacillus altitudinis				0.0	s__Bacillus_altitudinis	species
	Human							0.0	0.0	Yes	0.0					Gram+	Obligate aerobe	0.0	Motile	0.0	0.0				46.0				s__Bacillus_amyloliquefaciens.json		d__Bacteria	p__Bacillota	c__Bacilli	o__Bacillales	f__Bacillaceae	g__Bacillus	s__Bacillus amyloliquefaciens					s__Bacillus_amyloliquefaciens	species
	Human							0.0	0.0	Yes	0.0					Gram+	Aerobe	0.0		0.0	0.0				43.0				s__Bacillus_atrophaeus.json		d__Bacteria	p__Bacillota	c__Bacilli	o__Bacillales	f__Bacillaceae	g__Bacillus	s__Bacillus atrophaeus					s__Bacillus_atrophaeus	species
1.0	Human	279010.0	NZ_CTDX01000001	GCF_000008425.1		PMID:20203603; PMID:24861948	AGORA 1.03	0.0	0.0							Gram+	Facultative anaerobe	0.0	0	0.0	0.0							ftp://ftp.ncbi.nlm.nih.gov/genomes/all/GCF/000/008/425/GCF_000008425.1_ASM842v1	s__Bacillus_licheniformis.json	279010.0	d__Bacteria	p__Bacillota	c__Bacilli	o__Bacillales	f__Bacillaceae	g__Bacillus	s__Bacillus licheniformis	0.0	Bacillus licheniformis ATCC 14580 (279010.13)	279010.13	0.0	s__Bacillus_licheniformis	species
1.0	Human	1051501.0		GCF_000245335.1	2545555827.0	PMID:20203603; PMID:24861948	AGORA 1.03	0.0	0.0	Yes	0.0	Environmental	Terrestrial	Unclassified	Soil	Gram+	Aerobe	0.0	0	0.0	0.0	3957021.0	4214.0	1730089.0	44.0	4079.0	96.8	ftp://ftp.ncbi.nlm.nih.gov/genomes/all/GCF/000/245/335/GCF_000245335.1_ASM24533v1	s__Bacillus_mojavensis.json	1051501.0	d__Bacteria	p__Bacillota	c__Bacilli	o__Bacillales	f__Bacillaceae	g__Bacillus	s__Bacillus mojavensis		Bacillus mojavensis RO-H-1 (1051501.3)	1051501.3	0.0	s__Bacillus_mojavensis	species
0.0	Human	766760.0	NC_021362	GCF_000408885.1	2551306715.0	PMID:31275260	Literature research	0.0	0.0	Yes	0.0	0	0	0	0	Gram+	Facultative	0.0	0	0.0	0.0	4376305.0	4318.0	2009716.0	46.0	4225.0	97.85	ftp://ftp.ncbi.nlm.nih.gov/genomes/all/GCF/000/408/885/GCF_000408885.1_ASM40888v1	s__Bacillus_paralicheniformis.json	766760.0	d__Bacteria	p__Bacillota	c__Bacilli	o__Bacillales	f__Bacillaceae	g__Bacillus	s__Bacillus paralicheniformis					s__Bacillus_paralicheniformis	species
2.0	Human	536229.0		GCF_000172815.1	642791616.0	PMID:20203603; PMID:24861948	AGORA 1.03	0.0	0.0	Yes	0.0	0	0	0	0	Gram+	Aerobe	0.0	Motile	0.0	0.0	3833998.0	3972.0	1597491.0	42.0	3899.0	98.16	ftp://ftp.ncbi.nlm.nih.gov/genomes/all/GCF/000/172/815/GCF_000172815.1_ASM17281v1	s__Bacillus_pumilus.json	536229.0	d__Bacteria	p__Bacillota	c__Bacilli	o__Bacillales	f__Bacillaceae	g__Bacillus	s__Bacillus pumilus		Bacillus pumilus ATCC 7061 (536229.4)	536229.4		s__Bacillus_pumilus	species
1.0	Human	315750.0	GCF_000225935.1	GCF_000017885.4	640753007.0	Strains of species found in the human gut (PMID:24861948) present in KBase	Initial strain selection	0.0	0.0	Yes	0.0	Engineered	Built environment	Unclassified	Unclassified	Gram+	Aerobe		Motile	0.0	0.0	3704465.0	3823.0	1529459.0	41.0	3729.0	97.54	ftp://ftp.ncbi.nlm.nih.gov/genomes/all/GCF/000/017/885/GCF_000017885.4_ASM1788v4	s__Bacillus_pumilus_O.json	315750.0	d__Bacteria	p__Bacillota	c__Bacilli	o__Bacillales	f__Bacillaceae	g__Bacillus	s__Bacillus pumilus_O		Bacillus pumilus SAFR-032 (315750.8)	315750.8		s__Bacillus_pumilus_O	species
2.0	Human	1274524.0		GCF_000342105.1	2545824693.0	PMID:20203603; PMID:24861948	AGORA 1.03	0.0	0.0	Yes	0.0	Engineered	Food production	Unclassified	Unclassified	Gram+	Facultative anaerobe	0.0	0	0.0	0.0	4647754.0	4742.0	2101655.0	45.0	4659.0	98.25	ftp://ftp.ncbi.nlm.nih.gov/genomes/all/GCF/000/342/105/GCF_000342105.1_Draft_Genome_Sequence_of_Bacillus_sonorensis_L12	s__Bacillus_sonorensis.json	1274524.0	d__Bacteria	p__Bacillota	c__Bacilli	o__Bacillales	f__Bacillaceae	g__Bacillus	s__Bacillus sonorensis	0.0	Bacillus sonorensis L12 (1274524.3)	1274524.3	0.0	s__Bacillus_sonorensis	species
	Human							0.0	0.0	Yes	0.0					Gram+	Facultative anaerobe	0.0	Motile	0.0	0.0				44.0				s__Bacillus_spizizenii.json		d__Bacteria	p__Bacillota	c__Bacilli	o__Bacillales	f__Bacillaceae	g__Bacillus	s__Bacillus spizizenii					s__Bacillus_spizizenii	species
2.0	Human	1051503.0		GCF_000245035.1	2548876769.0	Strains of species found in the human gut (PMID:24861948) present in PubSEED	Initial strain selection	0.0	0.0	Yes		Environmental	Terrestrial	Unclassified	Soil	Gram+	Facultative anaerobe	0.0	Motile	0.0	0.0	3974551.0	4143.0	1732826.0	44.0	3995.0	96.43	ftp://ftp.ncbi.nlm.nih.gov/genomes/all/GCF/000/245/035/GCF_000245035.1_ASM24503v2	s__Bacillus_spizizenii_A.json	1051503.0	d__Bacteria	p__Bacillota	c__Bacilli	o__Bacillales	f__Bacillaceae	g__Bacillus	s__Bacillus spizizenii_A	0.0	Bacillus subtilis subsp. spizizenii DV1-B-1 (1051503.3)	1051503.3		s__Bacillus_spizizenii_A	species
	Human							0.0	0.0	Yes	0.0					Gram+	Facultative anaerobe	0.0		0.0	0.0								s__Bacillus_subtilis.json		d__Bacteria	p__Bacillota	c__Bacilli	o__Bacillales	f__Bacillaceae	g__Bacillus	s__Bacillus subtilis					s__Bacillus_subtilis	species
2.0	Human	1051502.0		GCF_000245315.1	2547132131.0	PMID:20203603; PMID:24861948	AGORA 1.03	0.0	0.0	Yes	0.0	Environmental	Terrestrial	Unclassified	Soil	Gram+	Aerobe	0.0	Motile	0.0	0.0	3871829.0	4257.0	1694340.0	44.0	4089.0	96.05	ftp://ftp.ncbi.nlm.nih.gov/genomes/all/GCF/000/245/315/GCF_000245315.1_ASM24531v1	s__Bacillus_vallismortis.json	1051502.0	d__Bacteria	p__Bacillota	c__Bacilli	o__Bacillales	f__Bacillaceae	g__Bacillus	s__Bacillus vallismortis		Bacillus vallismortis DV1-F-3 (1051502.3)	1051502.3		s__Bacillus_vallismortis	species
	Human							0.0	0.0	Yes	0.0					Gram+		0.0	0	0.0	0.0								s__Bacillus_velezensis.json		d__Bacteria	p__Bacillota	c__Bacilli	o__Bacillales	f__Bacillaceae	g__Bacillus	s__Bacillus velezensis		Bacillus amyloliquefaciens FZB42 (326423.5)	326423.5		s__Bacillus_velezensis	species
	Human						Initial strain selection	0.0	0.0	Yes						Gram+	Facultative anaerobe	0.0			0.0								s__Bacillus_A_anthracis.json		d__Bacteria	p__Bacillota	c__Bacilli	o__Bacillales	f__Bacillaceae_G	g__Bacillus_A	s__Bacillus_A anthracis					s__Bacillus_A_anthracis	species
	Human							0.0	0.0	Yes						Gram+		0.0			0.0				35.0				s__Bacillus_A_cereus.json		d__Bacteria	p__Bacillota	c__Bacilli	o__Bacillales	f__Bacillaceae_G	g__Bacillus_A	s__Bacillus_A cereus					s__Bacillus_A_cereus	species
2.0	Human					Strains of species found in the human gut (PMID:24861948) present in PubSEED	Initial strain selection	0.0	0.0	Yes	0.0	Environmental	Terrestrial	Unclassified	Soil	Gram+	Facultative anaerobe	0.0	0	0.0	0.0				35.0				s__Bacillus_A_cereus_K.json		d__Bacteria	p__Bacillota	c__Bacilli	o__Bacillales	f__Bacillaceae_G	g__Bacillus_A	s__Bacillus_A cereus_K				0.0	s__Bacillus_A_cereus_K	species
1.0	Human	526986.0	NZ_CM000733	GCF_000161255.1	643886026.0	PMID:31275260	Literature research	0.0	0.0	Yes		Environmental	Terrestrial	Unclassified	Soil	Gram+	Facultative anaerobe	0.0	Motile	0.0	0.0	4894304.0	4827.0	1797684.0	37.0	4750.0	98.4	ftp://ftp.ncbi.nlm.nih.gov/genomes/all/GCF/000/161/255/GCF_000161255.1_ASM16125v1	s__Bacillus_A_cereus_S.json	526986.0	d__Bacteria	p__Bacillota	c__Bacilli	o__Bacillales	f__Bacillaceae_G	g__Bacillus_A	s__Bacillus_A cereus_S		Bacillus cereus Rock3-44 (526986.3)	526986.3		s__Bacillus_A_cereus_S	species
2.0	Human					Strains of species found in the human gut (PMID:24861948) present in PubSEED	Initial strain selection	0.0	0.0	Yes	0.0					Gram+	Facultative anaerobe	0.0	0	0.0	0.0				35.0				s__Bacillus_A_cereus_U.json		d__Bacteria	p__Bacillota	c__Bacilli	o__Bacillales	f__Bacillaceae_G	g__Bacillus_A	s__Bacillus_A cereus_U	0.0			0.0	s__Bacillus_A_cereus_U	species
2.0	Human	315749.0	GCF_000398945.1	GCF_000017425.1	640753006.0	Strains of species found in the human gut (PMID:24861948) present in PubSEED	Initial strain selection	0.0	0.0	Yes		Host-associated	Plants	Unclassified	Unclassified	Gram+	Facultative anaerobe	0.0	Motile	0.0	0.0	4094159.0	4250.0	1468452.0	36.0	4015.0	94.47	ftp://ftp.ncbi.nlm.nih.gov/genomes/all/GCF/000/017/425/GCF_000017425.1_ASM1742v1	s__Bacillus_A_cytotoxicus.json	315749.0	d__Bacteria	p__Bacillota	c__Bacilli	o__Bacillales	f__Bacillaceae_G	g__Bacillus_A	s__Bacillus_A cytotoxicus		Bacillus cereus subsp. cytotoxis NVH 391-98 (315749.4)	315749.4		s__Bacillus_A_cytotoxicus	species
2.0	Human	1053195.0	GCF_000293565.1	GCF_000291355.1	2537562001.0	Strains of species found in the human gut (PMID:24861948) present in PubSEED	Initial strain selection	0.0	0.0	Yes	0.0	0	0	0	0	Gram+	Facultative anaerobe	0.0	0	0.0	0.0	5100477.0	5271.0	1811332.0	36.0	5147.0	97.65	ftp://ftp.ncbi.nlm.nih.gov/genomes/all/GCF/000/291/355/GCF_000291355.1_Baci_cere_BAG6X1-2_V1	s__Bacillus_A_hominis.json	1053195.0	d__Bacteria	p__Bacillota	c__Bacilli	o__Bacillales	f__Bacillaceae_G	g__Bacillus_A	s__Bacillus_A hominis	0.0	Bacillus cereus BAG6X1-2 (1053195.3)	1053195.3	0.0	s__Bacillus_A_hominis	species
2.0	Human	526968.0	GCF_000013065.1	GCF_000160995.1	643886032.0	Strains of species found in the human gut (PMID:24861948) present in PubSEED	Initial strain selection	0.0	0.0	Yes		Host-associated	Animal	Unclassified	Circulatory system	Gram+	Facultative anaerobe	0.0	Motile		0.0	5563553.0	5675.0	1967087.0	35.0	5587.0	98.45	https://www.ncbi.nlm.nih.gov/assembly/GCF_000160995.1/	s__Bacillus_A_luti.json	526968.0	d__Bacteria	p__Bacillota	c__Bacilli	o__Bacillales	f__Bacillaceae_G	g__Bacillus_A	s__Bacillus_A luti		Bacillus cereus R309803 (526968.3)	526968.3		s__Bacillus_A_luti	species
2.0	Human	526992.0	GCF_000181615.1	GCF_000161375.1	643886178.0	Strains of species found in the human gut (PMID:24861948) present in PubSEED	Initial strain selection	0.0	0.0	Yes		Host-associated	Mammals	Unclassified	Unclassified	Gram+	Facultative anaerobe	0.0	Motile	0.0	0.0	5620004.0	5742.0	1981922.0	35.0	5666.0	98.68	ftp://ftp.ncbi.nlm.nih.gov/genomes/all/GCF/000/161/375/GCF_000161375.1_ASM16137v1	s__Bacillus_A_mobilis.json	526992.0	d__Bacteria	p__Bacillota	c__Bacilli	o__Bacillales	f__Bacillaceae_G	g__Bacillus_A	s__Bacillus_A mobilis		Bacillus cereus AH1271 (526992.3)	526992.3		s__Bacillus_A_mobilis	species
2.0	Human							0.0	0.0	Yes						Gram+	Facultative anaerobe	0.0		0.0	0.0				35.0				s__Bacillus_A_mycoides.json		d__Bacteria	p__Bacillota	c__Bacilli	o__Bacillales	f__Bacillaceae_G	g__Bacillus_A	s__Bacillus_A mycoides					s__Bacillus_A_mycoides	species
	Human							0.0	0.0	Yes						Gram+	Facultative anaerobe	0.0			0.0				35.0				s__Bacillus_A_nitratireducens.json		d__Bacteria	p__Bacillota	c__Bacilli	o__Bacillales	f__Bacillaceae_G	g__Bacillus_A	s__Bacillus_A nitratireducens					s__Bacillus_A_nitratireducens	species
	Human						Initial strain selection	0.0	0.0	Yes						Gram+	Facultative anaerobe	0.0		0.0	0.0				35.0				s__Bacillus_A_pacificus.json		d__Bacteria	p__Bacillota	c__Bacilli	o__Bacillales	f__Bacillaceae_G	g__Bacillus_A	s__Bacillus_A pacificus					s__Bacillus_A_pacificus	species
2.0	Human	1053229.0	GCF_000290875.1	GCF_000290855.1	2519103148.0	Strains of species found in the human gut (PMID:24861948) present in PubSEED	Initial strain selection	0.0	0.0	Yes	0.0	0	0	0	0	Gram+	Facultative anaerobe	0.0	0	0.0	0.0	5319054.0	5493.0	1875479.0	35.0	5362.0	97.62	ftp://ftp.ncbi.nlm.nih.gov/genomes/all/GCF/000/290/855/GCF_000290855.1_Baci_cere_VD107_V1	s__Bacillus_A_paramycoides.json	1053229.0	d__Bacteria	p__Bacillota	c__Bacilli	o__Bacillales	f__Bacillaceae_G	g__Bacillus_A	s__Bacillus_A paramycoides	0.0	Bacillus cereus VD107 (1053229.3)	1053229.3	0.0	s__Bacillus_A_paramycoides	species
	Human							0.0	0.0	Yes						Gram+	Facultative anaerobe	0.0			0.0								s__Bacillus_A_paranthracis.json		d__Bacteria	p__Bacillota	c__Bacilli	o__Bacillales	f__Bacillaceae_G	g__Bacillus_A	s__Bacillus_A paranthracis					s__Bacillus_A_paranthracis	species
2.0	Human					Strains of species found in the human gut (PMID:24861948) present in PubSEED	Initial strain selection	0.0	0.0	Yes	0.0	0	0	0	0	Gram+	Facultative anaerobe	0.0		0.0	0.0								s__Bacillus_A_pseudomycoides.json		d__Bacteria	p__Bacillota	c__Bacilli	o__Bacillales	f__Bacillaceae_G	g__Bacillus_A	s__Bacillus_A pseudomycoides	0.0			0.0	s__Bacillus_A_pseudomycoides	species
2.0	Human					Strains of species found in the human gut (PMID:24861948) present in PubSEED	Initial strain selection	0.0	0.0	Yes	0.0					Gram+	Facultative anaerobe	0.0		0.0	0.0				35.0				s__Bacillus_A_sp003400245.json		d__Bacteria	p__Bacillota	c__Bacilli	o__Bacillales	f__Bacillaceae_G	g__Bacillus_A	s__Bacillus_A sp003400245	0.0				s__Bacillus_A_sp003400245	species
2.0	Human	1053206.0	GCF_000398965.1	GCF_000291075.1	2531839578.0	Strains of species found in the human gut (PMID:24861948) present in PubSEED	Initial strain selection	0.0	0.0	Yes	0.0	0	0	0	0	Gram+	Facultative anaerobe	0.0	0	0.0	0.0	5761566.0	5920.0	2030197.0	35.0	5803.0	98.02	ftp://ftp.ncbi.nlm.nih.gov/genomes/all/GCF/000/291/075/GCF_000291075.1_Baci_cere_HuA4-10_V1	s__Bacillus_A_sp018966865.json	1053206.0	d__Bacteria	p__Bacillota	c__Bacilli	o__Bacillales	f__Bacillaceae_G	g__Bacillus_A	s__Bacillus_A sp018966865	0.0	Bacillus cereus HuA4-10 (1053206.3)	1053206.3	0.0	s__Bacillus_A_sp018966865	species
2.0	Human					Strains of species found in the human gut (PMID:24861948) present in PubSEED	Initial strain selection	0.0	0.0	Yes	0.0	0	0	0	0	Gram+	Facultative anaerobe	0.0		0.0	0.0				35.0				s__Bacillus_A_thuringiensis_K.json		d__Bacteria	p__Bacillota	c__Bacilli	o__Bacillales	f__Bacillaceae_G	g__Bacillus_A	s__Bacillus_A thuringiensis_K	0.0			0.0	s__Bacillus_A_thuringiensis_K	species
2.0	Human							0.0	0.0	Yes	0.0					Gram+	Facultative anaerobe	0.0		0.0	0.0				35.0				s__Bacillus_A_thuringiensis_S.json		d__Bacteria	p__Bacillota	c__Bacilli	o__Bacillales	f__Bacillaceae_G	g__Bacillus_A	s__Bacillus_A thuringiensis_S	0.0			0.0	s__Bacillus_A_thuringiensis_S	species
	Human							0.0	0.0	Yes						Gram+	Facultative anaerobe	0.0		0.0	0.0								s__Bacillus_A_toyonensis.json		d__Bacteria	p__Bacillota	c__Bacilli	o__Bacillales	f__Bacillaceae_G	g__Bacillus_A	s__Bacillus_A toyonensis					s__Bacillus_A_toyonensis	species
	Human							0.0	0.0	Yes				Unclassified		Gram+	Facultative anaerobe	0.0	Motile	0.0	0.0				35.0				s__Bacillus_A_tropicus.json		d__Bacteria	p__Bacillota	c__Bacilli	o__Bacillales	f__Bacillaceae_G	g__Bacillus_A	s__Bacillus_A tropicus					s__Bacillus_A_tropicus	species
0.0	Human	1367477.0		GCF_000473245.1	2554235446.0	PMID:20203603; PMID:24861948	AGORA 1.03	0.0	0.0	Yes	0.0	Environmental	Aquatic	Unclassified	Marine	Gram+	Aerobe	0.0	0	0.0	0.0	4884713.0	5178.0	2248593.0	46.0	5066.0	97.84	ftp://ftp.ncbi.nlm.nih.gov/genomes/all/GCF/000/473/245/GCF_000473245.1_ASM47324v1	s__Bacillus_AB_infantis.json	1367477.0	d__Bacteria	p__Bacillota	c__Bacilli	o__Bacillales	f__Cytobacillaceae	g__Bacillus_AB	s__Bacillus_AB infantis	0.0				s__Bacillus_AB_infantis	species
0.0	Human	1622072.0	GCF_001243895.1	GCF_001243895.1		PMID:30745586	Literature research									Gram+												ftp.ncbi.nlm.nih.gov/genomes/all/GCF/001/243/895/GCF_001243895.1_Bacillus_testis	s__Bacillus_AD_testis.json	1622072.0	d__Bacteria	p__Bacillota	c__Bacilli	o__Bacillales	f__DSM-1321	g__Bacillus_AD	s__Bacillus_AD testis					s__Bacillus_AD_testis	species
0.0	Human	1522318.0		GCF_001375515.1	2690315818.0	PMID:29076642	Literature research	0.0	0.0	Yes	0.0	0	0	0	0	Gram+	Facultative anaerobe	0.0	0	0.0	0.0	2784637.0	2669.0	980134.0	35.0	2568.0	96.22	https://www.ncbi.nlm.nih.gov/assembly/GCF_001375515.1	s__Bacillus_BK_kwashiorkori.json	1522318.0	d__Bacteria	p__Bacillota	c__Bacilli	o__Bacillales	f__Caldibacillaceae	g__Bacillus_BK	s__Bacillus_BK kwashiorkori	0.0			0.0	s__Bacillus_BK_kwashiorkori	species
0.0	Human	1476857.0	GCF_000821085.1	GCF_000821085.1		PMID:30745586	Literature research									Gram+												ftp://ftp.ncbi.nlm.nih.gov/genomes/all/GCF/000/821/085/GCF_000821085.1_PRJEB5955_assembly_1	s__Bacillus_D_sp000821085.json	1476857.0	d__Bacteria	p__Bacillota	c__Bacilli	o__Bacillales	f__Cytobacillaceae	g__Bacillus_D	s__Bacillus_D sp000821085					s__Bacillus_D_sp000821085	species
1.0	Human	665952.0		GCF_000238675.1	2513237385.0	PMID:31275260	Literature research	0.0	0.0	Yes	0.0	Host-associated	Human	Unclassified	Digestive system	Gram+	Facultative anaerobe	0.0	0			3224201.0	3401.0	1311319.0	41.0	3294.0	96.85	ftp://ftp.ncbi.nlm.nih.gov/genomes/all/GCF/000/238/675/GCF_000238675.1_Baci_smit_7_3_47FAA_V1	s__Bacillus_O_smithii.json	665952.0	d__Bacteria	p__Bacillota	c__Bacilli	o__Bacillales	f__DSM-4216	g__Bacillus_O	s__Bacillus_O smithii		Bacillus smithii 7_3_47FAA (665952.3)	665952.3	0.0	s__Bacillus_O_smithii	species
0.0	Human	1235814.0	GCF_000613385.1	GCF_000613385.1	2565956591.0	PMID:31275260	Literature research	0.0	0.0	Yes	0.0	Host-associated	Mammals	Unclassified	Digestive system	Gram-	Obligate anaerobe	0.0	Nonmotile			4849058.0	5014.0	2087438.0	43.0	4931.0	98.34	ftp://ftp.ncbi.nlm.nih.gov/genomes/all/GCF/000/613/385/GCF_000613385.1_ASM61338v1	s__Bacteroides_acidifaciens.json	1235814.0	d__Bacteria	p__Bacteroidota	c__Bacteroidia	o__Bacteroidales	f__Bacteroidaceae	g__Bacteroides	s__Bacteroides acidifaciens	0.0				s__Bacteroides_acidifaciens	species
2.0	Human							0.0	0.0	Yes	0.0					Gram-	Obligate anaerobe	0.0	0	0.0	0.0								s__Bacteroides_caccae.json		d__Bacteria	p__Bacteroidota	c__Bacteroidia	o__Bacteroidales	f__Bacteroidaceae	g__Bacteroides	s__Bacteroides caccae	0.0			0.0	s__Bacteroides_caccae	species
	Human							0.0	0.0	Yes	0.0					Gram-	Obligate anaerobe	0.0		0.0	0.0				43.0				s__Bacteroides_cellulosilyticus.json		d__Bacteria	p__Bacteroidota	c__Bacteroidia	o__Bacteroidales	f__Bacteroidaceae	g__Bacteroides	s__Bacteroides cellulosilyticus				0.0	s__Bacteroides_cellulosilyticus	species
2.0	Human	762984.0		GCF_900129655.1	651324010.0	PMID:20203603; PMID:24861948	AGORA 1.03	0.0	0.0	Yes	0.0	Host-associated	Human	Large intestine	Digestive system	Gram-	Obligate anaerobe	0.0	0			3746690.0	3330.0	1700165.0	45.0	3272.0	98.26	ftp://ftp.ncbi.nlm.nih.gov/genomes/all/GCF/900/129/655/GCF_900129655.1_IMG-taxon_2695420967_annotated_assembly	s__Bacteroides_clarus.json	762984.0	d__Bacteria	p__Bacteroidota	c__Bacteroidia	o__Bacteroidales	f__Bacteroidaceae	g__Bacteroides	s__Bacteroides clarus		Bacteroides clarus YIT 12056 (762984.3)	762984.3		s__Bacteroides_clarus	species
2.0	Human					PMID:20203603; PMID:24861948	AGORA 1.03	0.0	0.0	Yes	0.0	Host-associated	Human		Digestive system	Gram-	Obligate anaerobe	0.0							45.0				s__Bacteroides_eggerthii.json		d__Bacteria	p__Bacteroidota	c__Bacteroidia	o__Bacteroidales	f__Bacteroidaceae	g__Bacteroides	s__Bacteroides eggerthii				0.0	s__Bacteroides_eggerthii	species
2.0	Human	1077285.0		GCF_000226135.1	2548876788.0	PMID:20203603; PMID:24861948	AGORA 1.03	0.0	0.0	Yes	0.0	Host-associated	Mammals	Large intestine	Digestive system	Gram-	Obligate anaerobe	0.0	Nonmotile	0.0	0.0	6114510.0	4988.0	2594458.0	42.0	4903.0	98.3	ftp://ftp.ncbi.nlm.nih.gov/genomes/all/GCF/000/226/135/GCF_000226135.1_ASM22613v2	s__Bacteroides_faecis.json	1077285.0	d__Bacteria	p__Bacteroidota	c__Bacteroidia	o__Bacteroidales	f__Bacteroidaceae	g__Bacteroides	s__Bacteroides faecis	0.0	Bacteroides faecis MAJ27 (1077285.3)	1077285.3	0.0	s__Bacteroides_faecis	species
2.0	Human	483215.0		GCF_000156195.1	2562617142.0	PMID:20203603; PMID:24861948	AGORA 1.03	0.0	0.0	Yes	0.0	Host-associated	Human	Large intestine	Digestive system	Gram-	Obligate anaerobe	0.0	Nonmotile		0.0	4881901.0	4557.0	2095954.0	43.0	4485.0	98.42	ftp://ftp.ncbi.nlm.nih.gov/genomes/all/GCF/000/156/195/GCF_000156195.1_ASM15619v1	s__Bacteroides_finegoldii.json	483215.0	d__Bacteria	p__Bacteroidota	c__Bacteroidia	o__Bacteroidales	f__Bacteroidaceae	g__Bacteroides	s__Bacteroides finegoldii		Bacteroides finegoldii DSM 17565 (483215.6)	483215.6		s__Bacteroides_finegoldii	species
2.0	Human	763034.0		GCF_000195635.1	651324011.0	PMID:20203603; PMID:24861948	AGORA 1.03	0.0	0.0	Yes	0.0	Host-associated	Human	Large intestine	Digestive system	Gram-	Obligate anaerobe	0.0	0			4330763.0	3984.0	1973652.0	46.0	3921.0	98.42	ftp://ftp.ncbi.nlm.nih.gov/genomes/all/GCF/000/195/635/GCF_000195635.1_ASM19563v1	s__Bacteroides_fluxus.json	763034.0	d__Bacteria	p__Bacteroidota	c__Bacteroidia	o__Bacteroidales	f__Bacteroidaceae	g__Bacteroides	s__Bacteroides fluxus		Bacteroides fluxus YIT 12057 (763034.3)	763034.3		s__Bacteroides_fluxus	species
	Human							0.0	0.0	Yes						Gram-	Obligate anaerobe	0.0											s__Bacteroides_fragilis.json		d__Bacteria	p__Bacteroidota	c__Bacteroidia	o__Bacteroidales	f__Bacteroidaceae	g__Bacteroides	s__Bacteroides fragilis					s__Bacteroides_fragilis	species
1.0	Human	1121096.0	GCF_000613665.1	GCF_000613665.1	2519899680.0	PMID:31275260	Literature research	0.0	0.0	Yes	0.0	Host-associated	Birds	Unclassified	Digestive system	Gram-	Obligate anaerobe	0.0	Nonmotile	0.0	0.0	4917576.0	4424.0	2345489.0	48.0	4352.0	98.37	ftp://ftp.ncbi.nlm.nih.gov/genomes/all/GCF/000/613/665/GCF_000613665.1_ASM61366v1	s__Bacteroides_gallinarum.json	1121096.0	d__Bacteria	p__Bacteroidota	c__Bacteroidia	o__Bacteroidales	f__Bacteroidaceae	g__Bacteroides	s__Bacteroides gallinarum		Bacteroides gallinarum DSM 18171 (1121096.3)	1121096.3		s__Bacteroides_gallinarum	species
0.0	Human	1121097.0	GCF_000009925.1	GCF_000428125.1	2524614553.0	PMID:20203603; PMID:24861948	AGORA 1.03	0.0	0.0	Yes	0.0	Host-associated	Plants	Unclassified	Unclassified	Gram-	Obligate anaerobe	0.0	Nonmotile	0.0	0.0	3638672.0	3158.0	1509121.0	41.0	3086.0	97.72	ftp://ftp.ncbi.nlm.nih.gov/genomes/all/GCF/000/428/125/GCF_000428125.1_ASM42812v1	s__Bacteroides_graminisolvens.json	1121097.0	d__Bacteria	p__Bacteroidota	c__Bacteroidia	o__Bacteroidales	f__Bacteroidaceae	g__Bacteroides	s__Bacteroides graminisolvens					s__Bacteroides_graminisolvens	species
1.0	Human	693979.0		GCF_000186225.1	649633012.0	PMID:31275260	Literature research	0.0	0.0	Yes	0.0	Host-associated	Animal	Intestine	Digestive system	Gram-	Obligate anaerobe	0.0	Nonmotile		0.0	3998906.0	3436.0	1788209.0	45.0	3353.0	97.58	ftp://ftp.ncbi.nlm.nih.gov/genomes/all/GCF/000/186/225/GCF_000186225.1_ASM18622v1	s__Bacteroides_helcogenes.json	693979.0	d__Bacteria	p__Bacteroidota	c__Bacteroidia	o__Bacteroidales	f__Bacteroidaceae	g__Bacteroides	s__Bacteroides helcogenes		Bacteroides helcogenes P 36-108 (693979.3)	693979.3		s__Bacteroides_helcogenes	species
2.0	Human							0.0	0.0	Yes	0.0	Host-associated	Human	Unclassified		Gram-	Obligate anaerobe	0.0			0.0								s__Bacteroides_hominis.json		d__Bacteria	p__Bacteroidota	c__Bacteroidia	o__Bacteroidales	f__Bacteroidaceae	g__Bacteroides	s__Bacteroides hominis					s__Bacteroides_hominis	species
2.0	Human	471870.0		GCF_000172175.1	642791621.0	PMID:20203603; PMID:24861948	AGORA 1.03	0.0	0.0	Yes	0.0	Host-associated	Human	Large intestine	Digestive system	Gram-	Obligate anaerobe	0.0	Nonmotile		0.0	6052596.0	4982.0	2591051.0	43.0	4911.0	98.57	ftp://ftp.ncbi.nlm.nih.gov/genomes/all/GCF/000/172/175/GCF_000172175.1_ASM17217v1	s__Bacteroides_intestinalis.json	471870.0	d__Bacteria	p__Bacteroidota	c__Bacteroidia	o__Bacteroidales	f__Bacteroidaceae	g__Bacteroides	s__Bacteroides intestinalis		Bacteroides intestinalis DSM 17393 (471870.8)	471870.8		s__Bacteroides_intestinalis	species
0.0	Mouse	1297750.0		GCF_900128905.1	2695420932.0	Personal communication, Dr. Jan Krumsiek	Personal communication	0.0	0.0	Yes	0.0	Engineered	Bioreactor	Unclassified	Anaerobic	Gram-	Obligate anaerobe	0.0	0	0.0	0.0	4118748.0	3310.0	1514259.0	37.0	3228.0	97.52	ftp://ftp.ncbi.nlm.nih.gov/genomes/all/GCF/900/128/905/GCF_900128905.1_IMG-taxon_2695420932_annotated_assembly	s__Bacteroides_luti.json	1297750.0	d__Bacteria	p__Bacteroidota	c__Bacteroidia	o__Bacteroidales	f__Bacteroidaceae	g__Bacteroides	s__Bacteroides luti	0.0			0.0	s__Bacteroides_luti	species
0.0	Human	1347393.0	NZ_HG726019	GCF_000499785.1	2617271080.0	PMID:25567229	Literature research	0.0	0.0	Yes	0.0	0	0	0	0	Gram-	Obligate anaerobe	0.0	0			5024689.0	4428.0	2188055.0	44.0	4344.0	98.1	ftp://ftp.ncbi.nlm.nih.gov/genomes/all/GCF/000/499/785/GCF_000499785.1_BNeo1	s__Bacteroides_neonati.json	1347393.0	d__Bacteria	p__Bacteroidota	c__Bacteroidia	o__Bacteroidales	f__Bacteroidaceae	g__Bacteroides	s__Bacteroides neonati	0.0			0.0	s__Bacteroides_neonati	species
	Human							0.0	0.0	Yes	0.0	Host-associated		Unclassified	Unclassified	Gram-	Obligate anaerobe	0.0	0	0.0	0.0								s__Bacteroides_nordii.json		d__Bacteria	p__Bacteroidota	c__Bacteroidia	o__Bacteroidales	f__Bacteroidaceae	g__Bacteroides	s__Bacteroides nordii				0.0	s__Bacteroides_nordii	species
2.0	Human	742727.0		GCF_000315485.1	2534681837.0	PMID:20203603; PMID:24861948	AGORA 1.03	0.0	0.0	Yes	0.0	Host-associated	Human	Large intestine	Digestive system	Gram-	Obligate anaerobe	0.0	0			7071115.0	5604.0	3074882.0	43.0	5530.0	98.68	ftp://ftp.ncbi.nlm.nih.gov/genomes/all/GCF/000/315/485/GCF_000315485.1_Bact_olei_YIT_12058_V1	s__Bacteroides_oleiciplenus.json	742727.0	d__Bacteria	p__Bacteroidota	c__Bacteroidia	o__Bacteroidales	f__Bacteroidaceae	g__Bacteroides	s__Bacteroides oleiciplenus		Bacteroides oleiciplenus YIT 12058 (742727.4)	742727.4		s__Bacteroides_oleiciplenus	species
	Human							0.0	0.0	Yes	0.0	Host-associated	Human			Gram-	Obligate anaerobe	0.0							42.0				s__Bacteroides_ovatus.json		d__Bacteria	p__Bacteroidota	c__Bacteroidia	o__Bacteroidales	f__Bacteroidaceae	g__Bacteroides	s__Bacteroides ovatus				0.0	s__Bacteroides_ovatus	species
0.0	Human							0.0	0.0	Yes	0.0					Gram-	Obligate anaerobe	0.0		0.0	0.0				46.0				s__Bacteroides_pyogenes.json		d__Bacteria	p__Bacteroidota	c__Bacteroidia	o__Bacteroidales	f__Bacteroidaceae	g__Bacteroides	s__Bacteroides pyogenes					s__Bacteroides_pyogenes	species
0.0	Human					PMID:31275260	Literature research	0.0	0.0	Yes	0.0					Gram-	Obligate anaerobe	0.0	0						46.0				s__Bacteroides_pyogenes_A.json		d__Bacteria	p__Bacteroidota	c__Bacteroidia	o__Bacteroidales	f__Bacteroidaceae	g__Bacteroides	s__Bacteroides pyogenes_A	0.0			0.0	s__Bacteroides_pyogenes_A	species
0.0	Human	1236512.0	GCF_000614125.1	GCF_000614125.1	2565956595.0	https://www.biorxiv.org/content/10.1101/691030v1	Literature research	0.0	0.0	Yes	0.0	Host-associated	Animal	Intestine	Digestive system	Gram-	Obligate anaerobe	0.0	Nonmotile			4884492.0	4987.0	2298227.0	47.0	4915.0	98.56	ftp://ftp.ncbi.nlm.nih.gov/genomes/all/GCF/000/614/125/GCF_000614125.1_ASM61412v1	s__Bacteroides_rodentium.json	1236512.0	d__Bacteria	p__Bacteroidota	c__Bacteroidia	o__Bacteroidales	f__Bacteroidaceae	g__Bacteroides	s__Bacteroides rodentium					s__Bacteroides_rodentium	species
2.0	Human							0.0	0.0	Yes	0.0	Host-associated	Human	Unclassified		Gram-	Obligate anaerobe	0.0	0	0.0	0.0				42.0				s__Bacteroides_salyersiae.json		d__Bacteria	p__Bacteroidota	c__Bacteroidia	o__Bacteroidales	f__Bacteroidaceae	g__Bacteroides	s__Bacteroides salyersiae				0.0	s__Bacteroides_salyersiae	species
2.0	Human	556259.0		GCF_000159075.2	2562617173.0	PMID:20203603; PMID:24861948	AGORA 1.03	0.0	0.0	Yes	0.0	Host-associated	Human	Large intestine	Digestive system	Gram-	Obligate anaerobe	0.0	Nonmotile		0.0	6914757.0	5269.0	2883501.0	42.0	5200.0	98.69	ftp://ftp.ncbi.nlm.nih.gov/genomes/all/GCF/000/159/075/GCF_000159075.2_Bact_sp_D2_V2	s__Bacteroides_sp019412865.json	556259.0	d__Bacteria	p__Bacteroidota	c__Bacteroidia	o__Bacteroidales	f__Bacteroidaceae	g__Bacteroides	s__Bacteroides sp019412865		Bacteroides sp. D2 (556259.3)	556259.3		s__Bacteroides_sp019412865	species
2.0	Human	1073351.0	GCF_000154525.1	GCF_000413395.1	2541046992.0	Strains of species found in the human gut (PMID:24861948) present in PubSEED	Initial strain selection	0.0	0.0	Yes	0.0	Host-associated	Human	Unclassified	Unclassified	Gram-	Obligate anaerobe	0.0	0	0.0	0.0	4028417.0	3540.0	1850110.0	46.0	3477.0	98.22	ftp://ftp.ncbi.nlm.nih.gov/genomes/all/GCF/000/413/395/GCF_000413395.1_Bact_ster_CC31F_V1	s__Bacteroides_stercoris.json	1073351.0	d__Bacteria	p__Bacteroidota	c__Bacteroidia	o__Bacteroidales	f__Bacteroidaceae	g__Bacteroides	s__Bacteroides stercoris	0.0	Bacteroides stercoris CC31F (1073351.3)	1073351.3	0.0	s__Bacteroides_stercoris	species
2.0	Human							0.0	0.0	Yes	0.0					Gram-	Obligate anaerobe	0.0	0						43.0				s__Bacteroides_thetaiotaomicron.json		d__Bacteria	p__Bacteroidota	c__Bacteroidia	o__Bacteroidales	f__Bacteroidaceae	g__Bacteroides	s__Bacteroides thetaiotaomicron				0.0	s__Bacteroides_thetaiotaomicron	species
2.0	Human							0.0	0.0	Yes	0.0					Gram-	Obligate anaerobe	0.0			0.0				46.0				s__Bacteroides_uniformis.json		d__Bacteria	p__Bacteroidota	c__Bacteroidia	o__Bacteroidales	f__Bacteroidaceae	g__Bacteroides	s__Bacteroides uniformis				0.0	s__Bacteroides_uniformis	species
2.0	Human							0.0	0.0	Yes	0.0	Host-associated	Human			Gram-	Obligate anaerobe	0.0							42.0				s__Bacteroides_xylanisolvens.json		d__Bacteria	p__Bacteroidota	c__Bacteroidia	o__Bacteroidales	f__Bacteroidaceae	g__Bacteroides	s__Bacteroides xylanisolvens					s__Bacteroides_xylanisolvens	species
2.0	Human	997888.0		GCF_000269545.1	2806310717.0	Strains of species found in the human gut (PMID:24861948) present in PubSEED	Initial strain selection	0.0	0.0	Yes	0.0	Host-associated	Human	Unclassified	Unclassified	Gram-	Obligate anaerobe	0.0	0	0.0	0.0	5097678.0	4330.0	2165397.0	42.0	4202.0	97.04	ftp://ftp.ncbi.nlm.nih.gov/genomes/all/GCF/000/269/545/GCF_000269545.1_PB_Bact_thet_CL09T03C10_V1	s__Bacteroides_zhangwenhongii.json	997888.0	d__Bacteria	p__Bacteroidota	c__Bacteroidia	o__Bacteroidales	f__Bacteroidaceae	g__Bacteroides	s__Bacteroides zhangwenhongii		Bacteroides thetaiotaomicron CL09T03C10 (997888.3)	997888.3	0.0	s__Bacteroides_zhangwenhongii	species
1.0	Human	679937.0		GCF_000212915.1	2503982039.0	PMID:31275260	Literature research	0.0	0.0	Yes	0.0	Engineered	Solid waste	Unclassified	Animal waste	Gram-	Obligate anaerobe	0.0	Nonmotile	0.0	0.0	2991798.0	2539.0	1046824.0	35.0	2461.0	96.93	ftp://ftp.ncbi.nlm.nih.gov/genomes/all/GCF/000/212/915/GCF_000212915.1_ASM21291v1	s__Bacteroides_E_coprosuis.json	679937.0	d__Bacteria	p__Bacteroidota	c__Bacteroidia	o__Bacteroidales	f__Bacteroidaceae	g__Bacteroides_E	s__Bacteroides_E coprosuis		Bacteroides coprosuis DSM 18011 (679937.3)	679937.3		s__Bacteroides_E_coprosuis	species
1.0	Human	1121099.0	GCF_000613745.1	GCF_000613745.1		PMID:31275260	Literature research	0.0	0.0							Gram-	Obligate anaerobe	0.0	0	0.0	0.0							ftp://ftp.ncbi.nlm.nih.gov/genomes/all/GCF/000/613/745/GCF_000613745.1_ASM61374v1	s__Bacteroides_E_propionicifaciens.json	1121099.0	d__Bacteria	p__Bacteroidota	c__Bacteroidia	o__Bacteroidales	f__Bacteroidaceae	g__Bacteroides_E	s__Bacteroides_E propionicifaciens	0.0	Bacteroides propionicifaciens DSM 19291 (1121099.3)	1121099.3	0.0	s__Bacteroides_E_propionicifaciens	species
2.0	Human	483218.0		GCF_000155855.1	642979337.0	PMID:20203603; PMID:24861948	AGORA 1.03	0.0	0.0	Yes	0.0	Host-associated	Human	Large intestine	Digestive system	Gram+	Anaerobe	0.0	Nonmotile		0.0	3025526.0	3293.0	1268609.0	42.0	3246.0	98.57	ftp://ftp.ncbi.nlm.nih.gov/genomes/all/GCF/000/155/855/GCF_000155855.1_ASM15585v1	s__Bacteroides_F_pectinophilus.json	483218.0	d__Bacteria	p__Bacillota	c__Clostridia	o__Lachnospirales	f__Lachnospiraceae	g__Bacteroides_F	s__Bacteroides_F pectinophilus		Bacteroides pectinophilus ATCC 43243 (483218.5)	483218.5		s__Bacteroides_F_pectinophilus	species
2.0	Human	742726.0		GCF_000296465.1	2529292932.0	PMID:20203603; PMID:24861948	AGORA 1.03	0.0	0.0	Yes	0.0	Host-associated	Human	Large intestine	Digestive system	Gram-	Anaerobe	0.0	Nonmotile			3433706.0	2880.0	1507770.0	44.0	2813.0	97.67	ftp://ftp.ncbi.nlm.nih.gov/genomes/all/GCF/000/296/465/GCF_000296465.1_Barn_inte_YIT_11860_V1	s__Barnesiella_intestinihominis.json	742726.0	d__Bacteria	p__Bacteroidota	c__Bacteroidia	o__Bacteroidales	f__Barnesiellaceae	g__Barnesiella	s__Barnesiella intestinihominis		Barnesiella intestinihominis YIT 11860 (742726.3)	742726.3		s__Barnesiella_intestinihominis	species
2.0	Human							0.0	0.0	Yes	0.0	Host-associated		Unclassified	Unclassified	Gram-	Aerobe	0.0	0	0.0	0.0				39.0				s__Bartonella_quintana.json		d__Bacteria	p__Pseudomonadota	c__Alphaproteobacteria	o__Rhizobiales	f__Rhizobiaceae	g__Bartonella	s__Bartonella quintana				0.0	s__Bartonella_quintana	species
1.0	Human	264462.0		GCF_000196175.1	637000030.0	https://www.biorxiv.org/content/10.1101/691030v1	Literature research	0.0	0.0	Yes		Environmental	Terrestrial	Unclassified	Soil	Gram-	Aerobe	0.0	Motile	0.0	0.0	3782950.0	3636.0	1915894.0	51.0	3587.0	98.65	ftp://ftp.ncbi.nlm.nih.gov/genomes/all/GCF/000/196/175/GCF_000196175.1_ASM19617v1	s__Bdellovibrio_bacteriovorus.json	264462.0	d__Bacteria	p__Bdellovibrionota	c__Bdellovibrionia	o__Bdellovibrionales	f__Bdellovibrionaceae	g__Bdellovibrio	s__Bdellovibrio bacteriovorus		Bdellovibrio bacteriovorus HD100 (264462.9)	264462.9		s__Bdellovibrio_bacteriovorus	species
0.0	Human	765869.0		GCF_000525675.1	2503198011.0	https://www.biorxiv.org/content/10.1101/691030v1	Literature research	0.0	0.0	Yes	0.0	0	0	0	0	Gram-	Aerobe	0.0	Motile			3006992.0	2842.0	1301660.0	43.0	2803.0	98.63	ftp://ftp.ncbi.nlm.nih.gov/genomes/all/GCF/000/525/675/GCF_000525675.1_ASM52567v1	s__Bdellovibrio_bacteriovorus_A.json	765869.0	d__Bacteria	p__Bdellovibrionota	c__Bdellovibrionia	o__Bdellovibrionales	f__Bdellovibrionaceae	g__Bdellovibrio	s__Bdellovibrio bacteriovorus_A					s__Bdellovibrio_bacteriovorus_A	species
1.0	Human	1069642.0		GCF_000317895.1	2519103098.0	https://www.biorxiv.org/content/10.1101/691030v1	Literature research	0.0	0.0	Yes	0.0	0	0	0	0	Gram-	Aerobe	0.0	Motile	0.0	0.0	3988594.0	3779.0	1988674.0	50.0	3738.0	98.92	ftp://ftp.ncbi.nlm.nih.gov/genomes/all/GCF/000/317/895/GCF_000317895.1_ASM31789v1	s__Bdellovibrio_bacteriovorus_F.json	1069642.0	d__Bacteria	p__Bdellovibrionota	c__Bdellovibrionia	o__Bdellovibrionales	f__Bdellovibrionaceae	g__Bdellovibrio	s__Bdellovibrio bacteriovorus_F		Bdellovibrio bacteriovorus str. Tiberius (1069642.3)	1069642.3		s__Bdellovibrio_bacteriovorus_F	species
0.0	Human	1585974.0	GCF_000829905.1	GCF_000829905.1		PMID:30745586	Literature research									Gram-												ftp.ncbi.nlm.nih.gov/genomes/all/GCF/000/829/905/GCF_000829905.1_Beduini_massiliensis_GM1	s__Beduini_massiliensis.json	1585974.0	d__Bacteria	p__Bacillota_I	c__Bacilli_A	o__Erysipelotrichales	f__Coprobacillaceae	g__Beduini	s__Beduini massiliensis					s__Beduini_massiliensis	species
	Human							0.0	0.0	Yes	0.0					Gram+	Anaerobe		Nonmotile						59.0				s__Bifidobacterium_adolescentis.json		d__Bacteria	p__Actinomycetota	c__Actinomycetes	o__Actinomycetales	f__Bifidobacteriaceae	g__Bifidobacterium	s__Bifidobacterium adolescentis					s__Bifidobacterium_adolescentis	species
2.0	Human	518635.0	GCF_000154085.1	GCF_000771205.1	2700989373.0	PMID:20203603; PMID:24861948	AGORA 1.03	0.0	0.0	Yes	0.0	Host-associated	Human	Large intestine	Digestive system	Gram+	Obligate anaerobe	0.0	Nonmotile		0.0	1990282.0	1635.0	1181993.0	59.0	1574.0	96.27	ftp://ftp.ncbi.nlm.nih.gov/genomes/all/GCF/000/771/205/GCF_000771205.1_DSM-20098	s__Bifidobacterium_angulatum.json	518635.0	d__Bacteria	p__Actinomycetota	c__Actinomycetes	o__Actinomycetales	f__Bifidobacteriaceae	g__Bifidobacterium	s__Bifidobacterium angulatum		Bifidobacterium angulatum DSM 20098 = JCM 7096 (518635.7)	518635.7		s__Bifidobacterium_angulatum	species
	Human							0.0	0.0	Yes	0.0					Gram+	Obligate anaerobe	0.0	Nonmotile		0.0				60.0				s__Bifidobacterium_animalis.json		d__Bacteria	p__Actinomycetota	c__Actinomycetes	o__Actinomycetales	f__Bifidobacteriaceae	g__Bifidobacterium	s__Bifidobacterium animalis					s__Bifidobacterium_animalis	species
2.0	Human	486409.0	GCF_000220885.1	GCF_000172535.1	2848059808.0	Strains of species found in the human gut (PMID:24861948) present in PubSEED	Initial strain selection	0.0	0.0	Yes	0.0	Host-associated	Unclassified	Unclassified	Unclassified	Gram+	Obligate anaerobe	0.0	Nonmotile		0.0	1935423.0	1647.0	1170761.0	60.0	1575.0	95.63	ftp://ftp.ncbi.nlm.nih.gov/genomes/all/GCF/000/172/535/GCF_000172535.1_Blac_1.0	s__Bifidobacterium_animalis_B.json	486409.0	d__Bacteria	p__Actinomycetota	c__Actinomycetes	o__Actinomycetales	f__Bifidobacteriaceae	g__Bifidobacterium	s__Bifidobacterium animalis_B		Bifidobacterium animalis subsp. lactis HN019 (486409.3)	486409.3		s__Bifidobacterium_animalis_B	species
	Human							0.0	0.0	Yes	0.0					Gram+	Anaerobe	0.0	Nonmotile	0.0	0.0				63.0				s__Bifidobacterium_bifidum.json		d__Bacteria	p__Actinomycetota	c__Actinomycetes	o__Actinomycetales	f__Bifidobacteriaceae	g__Bifidobacterium	s__Bifidobacterium bifidum	0.0			0.0	s__Bifidobacterium_bifidum	species
0.0	Human	1410645.0	GCF_000164965.1	GCF_000771385.1	2681813198.0	PMID:20203603; PMID:24861948	AGORA 1.03	0.0	0.0	Yes	0.0	0	0	0	0	Gram+	Anaerobe		Nonmotile	0.0	0.0	2166570.0	1794.0	1284889.0	59.0	1738.0	96.88	ftp://ftp.ncbi.nlm.nih.gov/genomes/all/GCF/000/771/385/GCF_000771385.1_DSM-20432	s__Bifidobacterium_boum.json	1410645.0	d__Bacteria	p__Actinomycetota	c__Actinomycetes	o__Actinomycetales	f__Bifidobacteriaceae	g__Bifidobacterium	s__Bifidobacterium boum				0.0	s__Bifidobacterium_boum	species
	Human							0.0	0.0	Yes	0.0					Gram+	Anaerobe		Nonmotile	0.0	0.0				59.0				s__Bifidobacterium_breve.json		d__Bacteria	p__Actinomycetota	c__Actinomycetes	o__Actinomycetales	f__Bifidobacteriaceae	g__Bifidobacterium	s__Bifidobacterium breve				0.0	s__Bifidobacterium_breve	species
	Human					PMID:20203603; PMID:24861948	AGORA 1.03	0.0	0.0	Yes	0.0	0	0	0	0	Gram+	Anaerobe		Nonmotile	0.0	0.0				56.0				s__Bifidobacterium_catenulatum.json		d__Bacteria	p__Actinomycetota	c__Actinomycetes	o__Actinomycetales	f__Bifidobacteriaceae	g__Bifidobacterium	s__Bifidobacterium catenulatum		Bifidobacterium catenulatum DSM 16992 = JCM 1194 (566552.6)	566552.6	0.0	s__Bifidobacterium_catenulatum	species
0.0	Mouse	1121107.0		GCF_000771425.1	2529292584.0	Personal communication, Dr. Jan Krumsiek	Personal communication	0.0	0.0	Yes	0.0	Host-associated	Animal	Intestine	Digestive system	Gram+	Anaerobe	0.0	Nonmotile	0.0	0.0	2037324.0	1671.0	1338997.0	66.0	1607.0	96.17	ftp://ftp.ncbi.nlm.nih.gov/genomes/all/GCF/000/771/425/GCF_000771425.1_DSM-20434	s__Bifidobacterium_choerinum.json	1121107.0	d__Bacteria	p__Actinomycetota	c__Actinomycetes	o__Actinomycetales	f__Bifidobacteriaceae	g__Bifidobacterium	s__Bifidobacterium choerinum					s__Bifidobacterium_choerinum	species
	Human							0.0	0.0	Yes	0.0	Host-associated				Gram+	Anaerobe	0.0	Nonmotile		0.0								s__Bifidobacterium_dentium.json		d__Bacteria	p__Actinomycetota	c__Actinomycetes	o__Actinomycetales	f__Bifidobacteriaceae	g__Bifidobacterium	s__Bifidobacterium dentium					s__Bifidobacterium_dentium	species
2.0	Human	561180.0	GCF_000149165.1	GCF_000771165.1	2671180475.0	PMID:20203603; PMID:24861948	AGORA 1.03	0.0	0.0	Yes	0.0	Host-associated	Human	Unclassified	Unclassified	Gram+	Anaerobe		Nonmotile	0.0	0.0	1983163.0	1601.0	1142209.0	58.0	1538.0	96.06	ftp://ftp.ncbi.nlm.nih.gov/genomes/all/GCF/000/771/165/GCF_000771165.1_DSM-20093	s__Bifidobacterium_gallicum.json	561180.0	d__Bacteria	p__Actinomycetota	c__Actinomycetes	o__Actinomycetales	f__Bifidobacteriaceae	g__Bifidobacterium	s__Bifidobacterium gallicum		Bifidobacterium gallicum DSM 20093 (561180.4)	561180.4	0.0	s__Bifidobacterium_gallicum	species
2.0	Human	391904.0		GCF_002076025.1	643348516.0	PMID:20203603; PMID:24861948	AGORA 1.03	0.0	0.0	Yes	0.0	Host-associated	Human	Large intestine	Digestive system	Gram+	Anaerobe	0.0	Nonmotile		0.0	2832748.0	2577.0	1695772.0	60.0	2486.0	96.47	ftp://ftp.ncbi.nlm.nih.gov/genomes/all/GCF/002/076/025/GCF_002076025.1_Bbif1888B	s__Bifidobacterium_infantis.json	391904.0	d__Bacteria	p__Actinomycetota	c__Actinomycetes	o__Actinomycetales	f__Bifidobacteriaceae	g__Bifidobacterium	s__Bifidobacterium infantis		Bifidobacterium longum subsp. infantis ATCC 15697 = JCM 1222 (391904.8)	391904.8		s__Bifidobacterium_infantis	species
	Human							0.0	0.0	Yes	0.0					Gram+	Anaerobe	0.0	Nonmotile		0.0				60.0				s__Bifidobacterium_longum.json		d__Bacteria	p__Actinomycetota	c__Actinomycetes	o__Actinomycetales	f__Bifidobacteriaceae	g__Bifidobacterium	s__Bifidobacterium longum					s__Bifidobacterium_longum	species
2.0	Human	1437603.0	GCF_000219455.1	GCF_000771525.1	2695420510.0	PMID:20203603; PMID:24861948	AGORA 1.03	0.0	0.0	Yes	0.0	Engineered	Food production	Unclassified	Unclassified	Gram+	Facultative anaerobe	0.0	Nonmotile	0.0	0.0	2148577.0	1837.0	1348987.0	63.0	1783.0	97.06	ftp://ftp.ncbi.nlm.nih.gov/genomes/all/GCF/000/771/525/GCF_000771525.1_DSM-21395	s__Bifidobacterium_mongoliense.json	1437603.0	d__Bacteria	p__Actinomycetota	c__Actinomycetes	o__Actinomycetales	f__Bifidobacteriaceae	g__Bifidobacterium	s__Bifidobacterium mongoliense		Bifidobacterium pseudocatenulatum DSM 20438 = JCM 1200 (547043.8)	547043.8		s__Bifidobacterium_mongoliense	species
0.0	Human	698958.0		GCF_000263615.1	2600255001.0	PMID:31171880	Literature research	0.0	0.0	Yes		Host-associated	Unclassified	Unclassified	Unclassified	Gram+	Facultative anaerobe	0.0	0			1566055.0	1266.0	662101.0	42.0	1213.0	95.81	ftp://ftp.ncbi.nlm.nih.gov/genomes/all/GCF/000/263/615/GCF_000263615.1_ASM26361v1	s__Bifidobacterium_piotii.json	698958.0	d__Bacteria	p__Actinomycetota	c__Actinomycetes	o__Actinomycetales	f__Bifidobacteriaceae	g__Bifidobacterium	s__Bifidobacterium piotii		Gardnerella vaginalis 00703Bmash (698958.3)	698958.3		s__Bifidobacterium_piotii	species
0.0	Human	1454376.0	NZ_JEOD01000001	GCF_000708005.1	2609460028.0	PMID:31275260	Literature research	0.0	0.0	Yes	0.0	0	0	0	0	Gram+	Anaerobe		Nonmotile	0.0	0.0	2328179.0	1952.0	1310668.0	56.0	1886.0	96.62	ftp://ftp.ncbi.nlm.nih.gov/genomes/all/GCF/000/708/005/GCF_000708005.1_B.p.IPLA36007	s__Bifidobacterium_pseudocatenulatum.json	1454376.0	d__Bacteria	p__Actinomycetota	c__Actinomycetes	o__Actinomycetales	f__Bifidobacteriaceae	g__Bifidobacterium	s__Bifidobacterium pseudocatenulatum				0.0	s__Bifidobacterium_pseudocatenulatum	species
0.0	Human	1437595.0		GCF_000771225.1	2663763404.0	PMID:20203603; PMID:24861948	AGORA 1.03	0.0	0.0	Yes	0.0	Host-associated	Mammals	Unclassified	Unclassified	Gram+	Anaerobe		Nonmotile	0.0	0.0	1899265.0	1637.0	1197980.0	63.0	1584.0	96.76	ftp://ftp.ncbi.nlm.nih.gov/genomes/all/GCF/000/771/225/GCF_000771225.1_DSM-20099	s__Bifidobacterium_pseudolongum.json	1437595.0	d__Bacteria	p__Actinomycetota	c__Actinomycetes	o__Actinomycetales	f__Bifidobacteriaceae	g__Bifidobacterium	s__Bifidobacterium pseudolongum				0.0	s__Bifidobacterium_pseudolongum	species
0.0	Human	1437600.0	GCF_000771405.1	GCF_000771405.1	2660238454.0	https://www.biorxiv.org/content/10.1101/691030v1	Literature research	0.0	0.0	Yes	0.0	Host-associated	Birds	Unclassified	Unclassified	Gram+	Anaerobe		Nonmotile	0.0	0.0	2093799.0	1720.0	1346580.0	64.0	1661.0	96.57	ftp://ftp.ncbi.nlm.nih.gov/genomes/all/GCF/000/771/405/GCF_000771405.1_DSM-20433	s__Bifidobacterium_pullorum.json	1437600.0	d__Bacteria	p__Actinomycetota	c__Actinomycetes	o__Actinomycetales	f__Bifidobacteriaceae	g__Bifidobacterium	s__Bifidobacterium pullorum				0.0	s__Bifidobacterium_pullorum	species
0.0	Human	1410647.0		GCF_000770925.1	2558860117.0	PMID:20203603; PMID:24861948	AGORA 1.03	0.0	0.0	Yes	0.0	0	0	0	0	Gram+	Anaerobe		Nonmotile			2218565.0	1897.0	1312344.0	59.0	1834.0	96.68	ftp://ftp.ncbi.nlm.nih.gov/genomes/all/GCF/000/770/925/GCF_000770925.1_DSM-6489	s__Bifidobacterium_ruminantium.json	1410647.0	d__Bacteria	p__Actinomycetota	c__Actinomycetes	o__Actinomycetales	f__Bifidobacteriaceae	g__Bifidobacterium	s__Bifidobacterium ruminantium				0.0	s__Bifidobacterium_ruminantium	species
0.0	Human	1150461.0		GCF_001042635.1	2651869654.0	PMID:20203603; PMID:24861948	AGORA 1.03	0.0	0.0	Yes	0.0	Host-associated	Human	Unclassified	Unclassified	Gram+	Facultative anaerobe		Nonmotile	0.0	0.0	3133892.0	2595.0	2025658.0	65.0	2529.0	97.46	ftp://ftp.ncbi.nlm.nih.gov/genomes/all/GCF/001/042/635/GCF_001042635.1_ASM104263v1	s__Bifidobacterium_scardovii.json	1150461.0	d__Bacteria	p__Actinomycetota	c__Actinomycetes	o__Actinomycetales	f__Bifidobacteriaceae	g__Bifidobacterium	s__Bifidobacterium scardovii				0.0	s__Bifidobacterium_scardovii	species
0.0	Human	1121111.0		GCF_000771005.1	2524614678.0	PMID:20203603; PMID:24861948	AGORA 1.03	0.0	0.0	Yes	0.0	Engineered	Wastewater	Unclassified	Unclassified	Gram+	Facultative anaerobe	0.0	Nonmotile	0.0	0.0	2223595.0	1795.0	1342920.0	60.0	1740.0	96.94	ftp://ftp.ncbi.nlm.nih.gov/genomes/all/GCF/000/771/005/GCF_000771005.1_DSM-15837	s__Bifidobacterium_thermacidophilum.json	1121111.0	d__Bacteria	p__Actinomycetota	c__Actinomycetes	o__Actinomycetales	f__Bifidobacteriaceae	g__Bifidobacterium	s__Bifidobacterium thermacidophilum					s__Bifidobacterium_thermacidophilum	species
2.0	Human	1254439.0		GCF_000347695.1	2545824622.0	PMID:20203603; PMID:24861948	AGORA 1.03	0.0	0.0	Yes	0.0	Host-associated	Human	Unclassified	Unclassified	Gram+	Anaerobe		Nonmotile	0.0	0.0	2291643.0	1904.0	1377522.0	60.0	1845.0	96.9	ftp://ftp.ncbi.nlm.nih.gov/genomes/all/GCF/000/347/695/GCF_000347695.1_ASM34769v1	s__Bifidobacterium_thermophilum.json	1254439.0	d__Bacteria	p__Actinomycetota	c__Actinomycetes	o__Actinomycetales	f__Bifidobacteriaceae	g__Bifidobacterium	s__Bifidobacterium thermophilum		Bifidobacterium thermophilum RBL67 (1254439.12)	1254439.12	0.0	s__Bifidobacterium_thermophilum	species
0.0	Human	1261060.0		GCF_000414645.1	2541047562.0	PMID:31171880	Literature research	0.0	0.0	Yes	0.0	Host-associated	Animal	Unclassified	Reproductive system	Gram+	Facultative anaerobe	0.0	0			1600533.0	1441.0	659196.0	41.0	1396.0	96.88	ftp://ftp.ncbi.nlm.nih.gov/genomes/all/GCF/000/414/645/GCF_000414645.1_ASM41464v1	s__Bifidobacterium_vaginale.json	1261060.0	d__Bacteria	p__Actinomycetota	c__Actinomycetes	o__Actinomycetales	f__Bifidobacteriaceae	g__Bifidobacterium	s__Bifidobacterium vaginale	0.0			0.0	s__Bifidobacterium_vaginale	species
0.0	Human	1408436.0	NZ_KK211309	GCF_000621585.1	2558860138.0	PMID:31275260	Literature research	0.0	0.0	Yes	0.0	Host-associated	Mammals	Foregut	Digestive system	Gram+	Obligate anaerobe	0.0	Motile	0.0	0.0	3331935.0	2854.0	1640463.0	49.0	2776.0	97.27	ftp://ftp.ncbi.nlm.nih.gov/genomes/all/GCF/000/621/585/GCF_000621585.1_ASM62158v1	s__Bilifractor_cellulosolvens.json	1408436.0	d__Bacteria	p__Bacillota	c__Clostridia	o__Lachnospirales	f__Lachnospiraceae	g__Bilifractor	s__Bilifractor cellulosolvens	0.0				s__Bilifractor_cellulosolvens	species
	Human		GCF_000224655.1					0.0	0.0	Yes	0.0	Host-associated	Human			Gram-	Anaerobe	0.0	0		0.0				59.0				s__Bilophila_wadsworthia.json		d__Bacteria	p__Desulfobacterota	c__Desulfovibrionia	o__Desulfovibrionales	f__Desulfovibrionaceae	g__Bilophila	s__Bilophila wadsworthia					s__Bilophila_wadsworthia	species
0.0	Human	1507.0	GCF_000466605.1	GCF_000466605.1		PMID:30745586	Literature research									Gram+												ftp.ncbi.nlm.nih.gov/genomes/all/GCA/000/466/605/GCA_000466605.1_ASM46660v1	s__Bittarella_massiliensis.json	1507.0	d__Bacteria	p__Bacillota	c__Clostridia	o__Oscillospirales	f__Ruminococcaceae	g__Bittarella	s__Bittarella massiliensis					s__Bittarella_massiliensis	species
0.0	Human	1211815.0		GCF_000582785.1	2600255077.0	PMID:20203603; PMID:24861948	AGORA 1.03	0.0	0.0	Yes	0.0	0	0	0	0	Gram+	Aerobe	0.0	0	0.0	0.0	3864252.0	3841.0	2829888.0	73.0	3779.0	98.39	ftp://ftp.ncbi.nlm.nih.gov/genomes/all/GCF/000/582/785/GCF_000582785.1_B.massiliensis	s__Blastococcus_massiliensis.json	1211815.0	d__Bacteria	p__Actinomycetota	c__Actinomycetes	o__Mycobacteriales	f__Geodermatophilaceae	g__Blastococcus	s__Blastococcus massiliensis	0.0			0.0	s__Blastococcus_massiliensis	species
	Human							0.0	0.0	Yes	0.0	Host-associated	Human	Large intestine	Digestive system	Gram+	Anaerobe	0.0			0.0				39.0				s__Blautia_hansenii.json		d__Bacteria	p__Bacillota	c__Clostridia	o__Lachnospirales	f__Lachnospiraceae	g__Blautia	s__Blautia hansenii					s__Blautia_hansenii	species
0.0	Human	1121114.0		GCF_000373885.1	2524023161.0	PMID:20203603; PMID:24861948	AGORA 1.03	0.0	0.0	Yes	0.0	Host-associated	Human	Large intestine	Digestive system	Gram+	Anaerobe	0.0	Nonmotile	0.0	0.0	6090652.0	5726.0	2779561.0	46.0	5628.0	98.29	ftp://ftp.ncbi.nlm.nih.gov/genomes/all/GCF/000/373/885/GCF_000373885.1_ASM37388v1	s__Blautia_producta.json	1121114.0	d__Bacteria	p__Bacillota	c__Clostridia	o__Lachnospirales	f__Lachnospiraceae	g__Blautia	s__Blautia producta					s__Blautia_producta	species
0.0	Human	1796616.0	GCF_001689125.2	GCF_001689125.2	2718218404.0	PMID:31275260	Literature research	0.0	0.0	Yes	0.0	Host-associated	Mammals	Unclassified	Unclassified	Gram+	Anaerobe	0.0	0	0.0	0.0	5128792.0	4826.0	2343783.0	46.0	4709.0	97.58	ftp://ftp.ncbi.nlm.nih.gov/genomes/all/GCF/001/689/125/GCF_001689125.2_ASM168912v2	s__Blautia_pseudococcoides.json	1796616.0	d__Bacteria	p__Bacillota	c__Clostridia	o__Lachnospirales	f__Lachnospiraceae	g__Blautia	s__Blautia pseudococcoides	0.0			0.0	s__Blautia_pseudococcoides	species
2.0	Human	657323.0	GCF_000209835.1	GCA_000209835.1	650377968.0	PMID:20203603; PMID:24861948	AGORA 1.03	0.0	0.0	Yes	0.0	Host-associated	Human	Large intestine	Digestive system	Gram+	Anaerobe		Nonmotile		0.0	3545606.0	3313.0	1551613.0	44.0	3260.0	98.4	ftp://ftp.ncbi.nlm.nih.gov/genomes/all/GCA/000/209/835/GCA_000209835.1_ASM20983v1	s__Blautia_A_fusiformis.json	657323.0	d__Bacteria	p__Bacillota	c__Clostridia	o__Lachnospirales	f__Lachnospiraceae	g__Blautia_A	s__Blautia_A fusiformis		Ruminococcus sp. SR1/5 (657323.3)	657323.3		s__Blautia_A_fusiformis	species
	Human			GCF_000157975.1	643886199.0			0.0	0.0	Yes	0.0	Host-associated	Human	Large intestine	Digestive system	Gram+	Anaerobe	0.0				3565428.0	3931.0	1606844.0	45.0	3869.0	98.42		s__Blautia_A_hydrogenotrophica.json		d__Bacteria	p__Bacillota	c__Clostridia	o__Lachnospirales	f__Lachnospiraceae	g__Blautia_A	s__Blautia_A hydrogenotrophica		Blautia hydrogenotrophica DSM 10507 (476272.5)	476272.5		s__Blautia_A_hydrogenotrophica	species
2.0	Human	657314.0	GCF_000210015.1	GCA_000210015.1	650377967.0	PMID:20203603; PMID:24861948	AGORA 1.03	0.0	0.0	Yes	0.0	Host-associated	Unclassified	Unclassified	Unclassified	Gram+	Anaerobe		Nonmotile		0.0	3757491.0	3210.0	1568732.0	42.0	3155.0	98.29	ftp://ftp.ncbi.nlm.nih.gov/genomes/all/GCA/000/210/015/GCA_000210015.1_ASM21001v1	s__Blautia_A_intestinalis.json	657314.0	d__Bacteria	p__Bacillota	c__Clostridia	o__Lachnospirales	f__Lachnospiraceae	g__Blautia_A	s__Blautia_A intestinalis		Ruminococcus obeum A2-162 (657314.3)	657314.3		s__Blautia_A_intestinalis	species
0.0	Human	649762.0	GCF_009707925.1			PMID:31158845	Literature research									Gram+	Anaerobe											https://www.ncbi.nlm.nih.gov/assembly/GCF_009707925.1/	s__Blautia_A_luti.json	649762.0	d__Bacteria	p__Bacillota	c__Clostridia	o__Lachnospirales	f__Lachnospiraceae	g__Blautia_A	s__Blautia_A luti					s__Blautia_A_luti	species
1.0	Human	411459.0		GCF_000153905.1	640963024.0	PMID:20203603; PMID:24861948	AGORA 1.03	0.0	0.0	Yes	0.0	Host-associated	Human	Large intestine	Digestive system	Gram+	Anaerobe	0.0	Nonmotile		0.0	3624708.0	4240.0	1507511.0	42.0	4175.0	98.47	ftp://ftp.ncbi.nlm.nih.gov/genomes/all/GCF/000/153/905/GCF_000153905.1_ASM15390v1	s__Blautia_A_obeum.json	411459.0	d__Bacteria	p__Bacillota	c__Clostridia	o__Lachnospirales	f__Lachnospiraceae	g__Blautia_A	s__Blautia_A obeum		Ruminococcus obeum ATCC 29174 (411459.7)	411459.7		s__Blautia_A_obeum	species
0.0	Human		NZ_AUJF01000001					0.0	0.0	Yes	0.0					Gram+	Anaerobe	0.0	0	0.0	0.0								s__Blautia_A_wexlerae.json		d__Bacteria	p__Bacillota	c__Clostridia	o__Lachnospirales	f__Lachnospiraceae	g__Blautia_A	s__Blautia_A wexlerae	0.0			0.0	s__Blautia_A_wexlerae	species
0.0	Human						Literature research	0.0	0.0	Yes	0.0	Host-associated	Insecta	Unclassified		Gram+	Anaerobe	0.0	Nonmotile	0.0	0.0				60.0				s__Bombiscardovia_asteroides.json		d__Bacteria	p__Actinomycetota	c__Actinomycetes	o__Actinomycetales	f__Bifidobacteriaceae	g__Bombiscardovia	s__Bombiscardovia asteroides	0.0			0.0	s__Bombiscardovia_asteroides	species
0.0	Human							0.0	0.0	Yes	0.0					Gram+			Nonmotile	0.0	0.0								s__Bombiscardovia_coryneformis.json		d__Bacteria	p__Actinomycetota	c__Actinomycetes	o__Actinomycetales	f__Bifidobacteriaceae	g__Bombiscardovia	s__Bombiscardovia coryneformis				0.0	s__Bombiscardovia_coryneformis	species
0.0	Human		GCF_001078275.1		2687453479.0			0.0	0.0	Yes	0.0	0	0	0	0	Gram-	0	0.0	0	0.0	0.0	4912977.0	4659.0	3294777.0	67.0	4577.0	98.24		s__Bordetella_hinzii.json		d__Bacteria	p__Pseudomonadota	c__Gammaproteobacteria	o__Burkholderiales	f__Burkholderiaceae_B	g__Bordetella	s__Bordetella hinzii	0.0			0.0	s__Bordetella_hinzii	species
0.0	Human	2508949.0	GCF_004134775.1	GCF_004134775.1		PMID:30658995	Literature research	0.0	0.0							Gram+	0	0.0	0	0.0	0.0							ftp://ftp.ncbi.nlm.nih.gov/genomes/all/GCF/004/134/775/GCF_004134775.1_ASM413477v1	s__Borkfalkia_ceftriaxoniphila.json	2508949.0	d__Bacteria	p__Bacillota	c__Clostridia	o__Christensenellales	f__Borkfalkiaceae	g__Borkfalkia	s__Borkfalkia ceftriaxoniphila	0.0			0.0	s__Borkfalkia_ceftriaxoniphila	species
2.0	Human	1064537.0		GCF_000233655.1	2548876523.0	PMID:20203603; PMID:24861948	AGORA 1.03	0.0	0.0	Yes	0.0	0	0	0	0	Gram+	Facultative	0.0	0	0.0	0.0	3784483.0	3480.0	2738809.0	72.0	3405.0	97.84	ftp://ftp.ncbi.nlm.nih.gov/genomes/all/GCF/000/233/655/GCF_000233655.1_LC44-4.0	s__Brachybacterium_conglomeratum.json	1064537.0	d__Bacteria	p__Actinomycetota	c__Actinomycetes	o__Actinomycetales	f__Dermabacteraceae	g__Brachybacterium	s__Brachybacterium conglomeratum	0.0	Brachybacterium paraconglomeratum LC44 (1064537.3)	1064537.3	0.0	s__Brachybacterium_conglomeratum	species
0.0	Human	29522.0				https://www.biorxiv.org/content/10.1101/691030v1	Literature research	0.0	0.0							Gram-	Anaerobe	0.0	0	0.0	0.0								s__Brachyspira_aalborgi.json	29522.0	d__Bacteria	p__Spirochaetota	c__Brachyspiria	o__Brachyspirales	f__Brachyspiraceae	g__Brachyspira	s__Brachyspira aalborgi	0.0			0.0	s__Brachyspira_aalborgi	species
	Human							0.0	0.0	Yes	0.0	Host-associated				Gram-	Anaerobe	0.0							28.0				s__Brachyspira_pilosicoli.json		d__Bacteria	p__Spirochaetota	c__Brachyspiria	o__Brachyspirales	f__Brachyspiraceae	g__Brachyspira	s__Brachyspira pilosicoli					s__Brachyspira_pilosicoli	species
2.0	Human	224911.0		GCF_000011365.1	637000038.0	Strains of species found in the human gut (PMID:24861948) present in PubSEED	Initial strain selection	0.0	0.0	Yes	0.0	Host-associated	Plants	Unclassified	Unclassified	Gram-	Aerobe		Motile		0.0	9105828.0	8402.0	5833137.0	64.0	8317.0	98.99	ftp://ftp.ncbi.nlm.nih.gov/genomes/all/GCF/000/011/365/GCF_000011365.1_ASM1136v1	s__Bradyrhizobium_diazoefficiens.json	224911.0	d__Bacteria	p__Pseudomonadota	c__Alphaproteobacteria	o__Rhizobiales	f__Xanthobacteraceae	g__Bradyrhizobium	s__Bradyrhizobium diazoefficiens		Bradyrhizobium japonicum USDA 110 (224911.5)	224911.5		s__Bradyrhizobium_diazoefficiens	species
2.0	Human	398525.0	GCF_000319185.1	GCF_000379145.1	2517572143.0	PMID:20203603; PMID:24861948	AGORA 1.03	0.0	0.0	Yes	0.0	Host-associated	Plants	Unclassified	Rhizoplane	Gram-	Aerobe		Motile		0.0	9484767.0	9151.0	6041732.0	64.0	9060.0	99.01	ftp://ftp.ncbi.nlm.nih.gov/genomes/all/GCF/000/379/145/GCF_000379145.1_ASM37914v1	s__Bradyrhizobium_elkanii.json	398525.0	d__Bacteria	p__Pseudomonadota	c__Alphaproteobacteria	o__Rhizobiales	f__Xanthobacteraceae	g__Bradyrhizobium	s__Bradyrhizobium elkanii		Bradyrhizobium elkanii USDA 76 (398525.3)	398525.3		s__Bradyrhizobium_elkanii	species
2.0	Human	1038862.0		GCF_000374205.1	2517093001.0	Strains of species found in the human gut (PMID:24861948) present in PubSEED	Initial strain selection	0.0	0.0	Yes	0.0	Host-associated	Plants	Unclassified	Rhizoplane	Gram-	Aerobe		Motile		0.0	9002274.0	8621.0	5764389.0	64.0	8509.0	98.7	ftp://ftp.ncbi.nlm.nih.gov/genomes/all/GCF/000/374/205/GCF_000374205.1_ASM37420v1	s__Bradyrhizobium_huanghuaihaiense.json	1038862.0	d__Bacteria	p__Pseudomonadota	c__Alphaproteobacteria	o__Rhizobiales	f__Xanthobacteraceae	g__Bradyrhizobium	s__Bradyrhizobium huanghuaihaiense		Bradyrhizobium japonicum USDA 124 (1038862.3)	1038862.3		s__Bradyrhizobium_huanghuaihaiense	species
2.0	Human	1037409.0		GCF_000284375.1	2511231207.0	PMID:20203603; PMID:24861948	AGORA 1.03	0.0	0.0	Yes	0.0	Host-associated	Unclassified	Unclassified	Unclassified	Gram-	Aerobe		Motile		0.0	9207384.0	8886.0	5861934.0	64.0	8829.0	99.36	ftp://ftp.ncbi.nlm.nih.gov/genomes/all/GCF/000/284/375/GCF_000284375.1_ASM28437v1	s__Bradyrhizobium_japonicum.json	1037409.0	d__Bacteria	p__Pseudomonadota	c__Alphaproteobacteria	o__Rhizobiales	f__Xanthobacteraceae	g__Bradyrhizobium	s__Bradyrhizobium japonicum		Bradyrhizobium japonicum USDA 6 (1037409.3)	1037409.3		s__Bradyrhizobium_japonicum	species
2.0	Human	1038866.0		GCF_000379585.1	2513237161.0	Strains of species found in the human gut (PMID:24861948) present in PubSEED	Initial strain selection	0.0	0.0	Yes	0.0	Host-associated	Plants	Unclassified	Rhizoplane	Gram-	Aerobe		Motile		0.0	8871253.0	8414.0	5635352.0	64.0	8349.0	99.23	ftp://ftp.ncbi.nlm.nih.gov/genomes/all/GCF/000/379/585/GCF_000379585.1_ASM37958v1	s__Bradyrhizobium_sp900114915.json	1038866.0	d__Bacteria	p__Pseudomonadota	c__Alphaproteobacteria	o__Rhizobiales	f__Xanthobacteraceae	g__Bradyrhizobium	s__Bradyrhizobium sp900114915		Bradyrhizobium japonicum WSM2793 (1038866.3)	1038866.3		s__Bradyrhizobium_sp900114915	species
0.0	Human					https://www.biorxiv.org/content/10.1101/691030v1	Literature research	0.0	0.0	Yes	0.0	0	0	0	0	Gram-	0	0.0	0	0.0	0.0				64.0				s__Bradyrhizobium_yuanmingense.json		d__Bacteria	p__Pseudomonadota	c__Alphaproteobacteria	o__Rhizobiales	f__Xanthobacteraceae	g__Bradyrhizobium	s__Bradyrhizobium yuanmingense	0.0			0.0	s__Bradyrhizobium_yuanmingense	species
	Human					PMID:20203603; PMID:24861948	AGORA 1.03	0.0	0.0	Yes	0.0					Gram+	Aerobe	0.0	0	0.0	0.0				54.0				s__Brevibacillus_agri.json		d__Bacteria	p__Bacillota	c__Bacilli	o__Brevibacillales	f__Brevibacillaceae	g__Brevibacillus	s__Brevibacillus agri	0.0			0.0	s__Brevibacillus_agri	species
2.0	Human	1300222.0		GCF_000353565.1	2545824688.0	PMID:20203603; PMID:24861948	AGORA 1.03	0.0	0.0	Yes	0.0	0	0	0	0	Gram+	Aerobe	0.0	0	0.0	0.0	5155092.0	5090.0	2680425.0	52.0	4951.0	97.27	ftp://ftp.ncbi.nlm.nih.gov/genomes/all/GCF/000/353/565/GCF_000353565.1_ASM35356v1	s__Brevibacillus_borstelensis.json	1300222.0	d__Bacteria	p__Bacillota	c__Bacilli	o__Brevibacillales	f__Brevibacillaceae	g__Brevibacillus	s__Brevibacillus borstelensis	0.0	Brevibacillus borstelensis AK1 (1300222.3)	1300222.3	0.0	s__Brevibacillus_borstelensis	species
2.0	Human							0.0	0.0	Yes	0.0			Unclassified		Gram+	Aerobe	0.0		0.0	0.0				47.0				s__Brevibacillus_brevis_D.json		d__Bacteria	p__Bacillota	c__Bacilli	o__Brevibacillales	f__Brevibacillaceae	g__Brevibacillus	s__Brevibacillus brevis_D	0.0			0.0	s__Brevibacillus_brevis_D	species
2.0	Human	1229781.0	GCF_000010165.1	GCF_000314575.1	2517434006.0	PMID:20203603; PMID:24861948	AGORA 1.03	0.0	0.0	Yes	0.0	Host-associated	Human	Unclassified	Skin	Gram+	Aerobe	0.0	0		0.0	3663872.0	3290.0	2496143.0	68.0	3231.0	98.21	ftp://ftp.ncbi.nlm.nih.gov/genomes/all/GCF/000/314/575/GCF_000314575.1_ASM31457v1	s__Brevibacterium_casei.json	1229781.0	d__Bacteria	p__Actinomycetota	c__Actinomycetes	o__Actinomycetales	f__Brevibacteriaceae	g__Brevibacterium	s__Brevibacterium casei		Brevibacterium casei S18 (1229781.4)	1229781.4	0.0	s__Brevibacterium_casei	species
2.0	Human	1176165.0		GCF_000285915.1	2548877016.0	PMID:20203603; PMID:24861948	AGORA 1.03	0.0	0.0	Yes	0.0	Host-associated	Human	Unclassified	Skin	Gram+	Aerobe	0.0	0	0.0	0.0	2349262.0	2168.0	1464109.0	62.0	2119.0	97.74	ftp://ftp.ncbi.nlm.nih.gov/genomes/all/GCF/000/285/915/GCF_000285915.1_ASM28591v1	s__Brevibacterium_ravenspurgense.json	1176165.0	d__Bacteria	p__Actinomycetota	c__Actinomycetes	o__Actinomycetales	f__Brevibacteriaceae	g__Brevibacterium	s__Brevibacterium ravenspurgense		Brevibacterium massiliense 5401308 (1176165.3)	1176165.3	0.0	s__Brevibacterium_ravenspurgense	species
0.0	Human	1121124.0		GCF_000701445.1	2561511096.0	PMID:20203603; PMID:24861948	AGORA 1.03	0.0	0.0	Yes	0.0	Environmental	Aquatic	Unclassified	Freshwater	Gram-	0	0.0	0	0.0	0.0	3220540.0	3249.0	2197737.0	68.0	3192.0	98.25	ftp://ftp.ncbi.nlm.nih.gov/genomes/all/GCF/000/701/445/GCF_000701445.1_ASM70144v1	s__Brevundimonas_bacteroides.json	1121124.0	d__Bacteria	p__Pseudomonadota	c__Alphaproteobacteria	o__Caulobacterales	f__Caulobacteraceae	g__Brevundimonas	s__Brevundimonas bacteroides				0.0	s__Brevundimonas_bacteroides	species
2.0	Human	1035191.0		GCF_000318405.1	2531839707.0	PMID:20203603; PMID:24861948	AGORA 1.03	0.0	0.0	Yes	0.0	Host-associated	Human	Unclassified	Respiratory system	Gram-	Anaerobe	0.0	0		0.0	3335922.0	3556.0	2233458.0	67.0	3506.0	98.59	ftp://ftp.ncbi.nlm.nih.gov/genomes/all/GCF/000/318/405/GCF_000318405.1_ASM31840v1	s__Brevundimonas_diminuta_B.json	1035191.0	d__Bacteria	p__Pseudomonadota	c__Alphaproteobacteria	o__Caulobacterales	f__Caulobacteraceae	g__Brevundimonas	s__Brevundimonas diminuta_B		Brevundimonas diminuta 470-4 (1035191.3)	1035191.3		s__Brevundimonas_diminuta_B	species
1.0	Human	633149.0		GCF_000144605.1	648028010.0	PMID:31275260	Literature research	0.0	0.0	Yes	0.0	Environmental	Aquatic	Pond	Freshwater	Gram-	Aerobe	0.0	0	0.0	0.0	3445263.0	3393.0	2357342.0	68.0	3337.0	98.35	ftp://ftp.ncbi.nlm.nih.gov/genomes/all/GCF/000/144/605/GCF_000144605.1_ASM14460v1	s__Brevundimonas_subvibrioides.json	633149.0	d__Bacteria	p__Pseudomonadota	c__Alphaproteobacteria	o__Caulobacterales	f__Caulobacteraceae	g__Brevundimonas	s__Brevundimonas subvibrioides		Brevundimonas subvibrioides ATCC 15264 (633149.4)	633149.4		s__Brevundimonas_subvibrioides	species
0.0	Human	1121126.0		GCF_000525935.1	2773858004.0	PMID:20203603; PMID:24861948	AGORA 1.03	0.0	0.0	Yes	0.0	Engineered	Food production	Unclassified	Unclassified	Gram+	Facultative	0.0	Nonmotile	0.0	0.0	2489924.0	2512.0	905610.0	36.0	2409.0	95.9	ftp://ftp.ncbi.nlm.nih.gov/genomes/all/GCF/000/525/935/GCF_000525935.1_BthermosphactaTYPE	s__Brochothrix_thermosphacta.json	1121126.0	d__Bacteria	p__Bacillota	c__Bacilli	o__Lactobacillales	f__Listeriaceae	g__Brochothrix	s__Brochothrix thermosphacta					s__Brochothrix_thermosphacta	species
2.0	Human							0.0	0.0	Yes				Unclassified		Gram-	Aerobe	0.0		0.0	0.0				56.0				s__Brucella_anthropi.json		d__Bacteria	p__Pseudomonadota	c__Alphaproteobacteria	o__Rhizobiales	f__Rhizobiaceae	g__Brucella	s__Brucella anthropi					s__Brucella_anthropi	species
1.0	Human	641118.0	GCF_000251205.1	GCF_000182645.1	645058765.0	PMID:20203603; PMID:24861948	AGORA 1.03	0.0	0.0	Yes		Host-associated	Human	Blood	Circulatory system	Gram-	Aerobe	0.0	Motile		0.0	4725392.0	4432.0	2728644.0	58.0	4363.0	98.44	ftp://ftp.ncbi.nlm.nih.gov/genomes/all/GCF/000/182/645/GCF_000182645.1_ASM18264v1	s__Brucella_intermedia.json	641118.0	d__Bacteria	p__Pseudomonadota	c__Alphaproteobacteria	o__Rhizobiales	f__Rhizobiaceae	g__Brucella	s__Brucella intermedia		Ochrobactrum intermedium LMG 3301 (641118.3)	641118.3		s__Brucella_intermedia	species
2.0	Human	679192.0		GCF_000177375.1	647000218.0	PMID:20203603; PMID:24861948	AGORA 1.03	0.0	0.0	Yes	0.0	Host-associated	Human	Oral	Digestive system	Gram+	Anaerobe	0.0	Nonmotile		0.0	1419583.0	1461.0	514976.0	36.0	1415.0	96.85	ftp://ftp.ncbi.nlm.nih.gov/genomes/all/GCF/000/177/375/GCF_000177375.1_ASM17737v1	s__Bulleidia_extructa.json	679192.0	d__Bacteria	p__Bacillota_I	c__Bacilli_A	o__Erysipelotrichales	f__Erysipelotrichaceae	g__Bulleidia	s__Bulleidia extructa		Bulleidia extructa W1219 (679192.3)	679192.3	0.0	s__Bulleidia_extructa	species
	Human					PMID:20203603; PMID:24861948	AGORA 1.03	0.0	0.0	Yes	0.0	Host-associated	Human		Digestive system	Gram+	Anaerobe	0.0	0	0.0	0.0				37.0				s__Bulleidia_moorei.json		d__Bacteria	p__Bacillota_I	c__Bacilli_A	o__Erysipelotrichales	f__Erysipelotrichaceae	g__Bulleidia	s__Bulleidia moorei				0.0	s__Bulleidia_moorei	species
2.0	Human					Strains of species found in the human gut (PMID:24861948) present in PubSEED	Initial strain selection	0.0	0.0	Yes	0.0	Host-associated	Human	Unclassified	Unclassified	Gram-	Obligate aerobe	0.0	Motile	0.0	0.0				67.0				s__Burkholderia_cenocepacia.json		d__Bacteria	p__Pseudomonadota	c__Gammaproteobacteria	o__Burkholderiales	f__Burkholderiaceae	g__Burkholderia	s__Burkholderia cenocepacia				0.0	s__Burkholderia_cenocepacia	species
2.0	Human	1009846.0	GCF_000152565.1	GCF_000292915.1	2521172695.0	PMID:20203603; PMID:24861948	AGORA 1.03	0.0	0.0	Yes	0.0	Environmental	Terrestrial	Unclassified	Soil	Gram-	Obligate aerobe	0.0	Motile	0.0	0.0	6467321.0	5891.0	4312728.0	67.0	5825.0	98.88	ftp://ftp.ncbi.nlm.nih.gov/genomes/all/GCF/000/292/915/GCF_000292915.1_ASM29291v1	s__Burkholderia_cepacia_D.json	1009846.0	d__Bacteria	p__Pseudomonadota	c__Gammaproteobacteria	o__Burkholderiales	f__Burkholderiaceae	g__Burkholderia	s__Burkholderia cepacia_D		Burkholderia cepacia GG4 (1009846.3)	1009846.3		s__Burkholderia_cepacia_D	species
	Human						Initial strain selection	0.0	0.0	Yes				Unclassified		Gram-	Obligate aerobe	0.0	Motile	0.0	0.0				67.0				s__Burkholderia_orbicola.json		d__Bacteria	p__Pseudomonadota	c__Gammaproteobacteria	o__Burkholderiales	f__Burkholderiaceae	g__Burkholderia	s__Burkholderia orbicola					s__Burkholderia_orbicola	species
2.0	Human	1203606.0		GCF_000398925.1	2537561731.0	PMID:20203603; PMID:24861948	AGORA 1.03	0.0	0.0	Yes	0.0	Host-associated	Human	Large intestine	Digestive system	Gram+	0	0.0	0			3299517.0	3201.0	1784417.0	54.0	3112.0	97.22	ftp://ftp.ncbi.nlm.nih.gov/genomes/all/GCF/000/398/925/GCF_000398925.1_Buty_pull_1_20_V1	s__Butyricicoccus_pullicaecorum.json	1203606.0	d__Bacteria	p__Bacillota	c__Clostridia	o__Oscillospirales	f__Butyricicoccaceae	g__Butyricicoccus	s__Butyricicoccus pullicaecorum		Butyricicoccus pullicaecorum 1.2 (1203606.4)	1203606.4	0.0	s__Butyricicoccus_pullicaecorum	species
	Human		GCF_900091675.1													Gram-	Obligate anaerobe												s__Butyricimonas_synergistica.json		d__Bacteria	p__Bacteroidota	c__Bacteroidia	o__Bacteroidales	f__Marinifilaceae	g__Butyricimonas	s__Butyricimonas synergistica					s__Butyricimonas_synergistica	species
0.0	Human	1121130.0		GCF_000519105.1	2540341191.0	PMID:20203603; PMID:24861948	AGORA 1.03	0.0	0.0	Yes	0.0	Host-associated	Animal	Intestine	Digestive system	Gram-	Anaerobe	0.0	0	0.0	0.0	4719753.0	3995.0	1995761.0	42.0	3929.0	98.35	ftp://ftp.ncbi.nlm.nih.gov/genomes/all/GCF/000/519/105/GCF_000519105.1_ASM51910v1	s__Butyricimonas_virosa.json	1121130.0	d__Bacteria	p__Bacteroidota	c__Bacteroidia	o__Bacteroidales	f__Marinifilaceae	g__Butyricimonas	s__Butyricimonas virosa				0.0	s__Butyricimonas_virosa	species
1.0	Human	515622.0		GCF_000145035.1	648028012.0	PMID:31275260	Literature research	0.0	0.0	Yes	0.0	Host-associated	Mammals	Foregut	Digestive system	Gram+	Anaerobe	0.0	Motile			4404886.0	3879.0	1762323.0	40.0	3811.0	98.25	ftp://ftp.ncbi.nlm.nih.gov/genomes/all/GCF/000/145/035/GCF_000145035.1_ASM14503v1	s__Butyrivibrio_proteoclasticus.json	515622.0	d__Bacteria	p__Bacillota	c__Clostridia	o__Lachnospirales	f__Lachnospiraceae	g__Butyrivibrio	s__Butyrivibrio proteoclasticus		Butyrivibrio proteoclasticus B316 (515622.3)	515622.3		s__Butyrivibrio_proteoclasticus	species
0.0	Human	351627.0	GCF_000407285.15	GCF_000016545.1	640427106.0	PMID:20203603; PMID:24861948	AGORA 1.03	0.0	0.0	Yes	0.0	Environmental	Aquatic	Unclassified	Thermal springs	Gram+	Anaerobe		0	0.0	0.0	2970275.0	2834.0	1047143.0	35.0	2760.0	97.39	ftp://ftp.ncbi.nlm.nih.gov/genomes/all/GCF/000/016/545/GCF_000016545.1_ASM1654v1	s__Caldicellulosiruptor_saccharolyticus.json	351627.0	d__Bacteria	p__Bacillota	c__Thermoanaerobacteria	o__Caldicellulosiruptorales	f__Caldicellulosiruptoraceae	g__Caldicellulosiruptor	s__Caldicellulosiruptor saccharolyticus					s__Caldicellulosiruptor_saccharolyticus	species
0.0	Human	1499685.0	GCF_000752395.1	GCF_000752395.1	2775507164.0	PMID:25567229	Literature research	0.0	0.0	Yes	0.0	0	0	0	0	Gram+	Aerobe	0.0	0		0.0	4044196.0	3897.0	1432247.0	35.0	3766.0	96.64	ftp://ftp.ncbi.nlm.nih.gov/genomes/all/GCF/000/752/395/GCF_000752395.1_Bacillus_andreraoultii	s__Caldifermentibacillus_andreraoultii.json	1499685.0	d__Bacteria	p__Bacillota	c__Bacilli	o__Bacillales	f__Caldibacillaceae	g__Caldifermentibacillus	s__Caldifermentibacillus andreraoultii	0.0			0.0	s__Caldifermentibacillus_andreraoultii	species
0.0	Human	35841.0	GCF_000751775.1	GCF_000751775.1	2617271279.0	PMID:20203603; PMID:24861948	AGORA 1.03	0.0	0.0	Yes	0.0	0	0	0	0	Gram+	Facultative anaerobe	0.0	0	0.0	0.0	3707071.0	3538.0	1381986.0	37.0	3449.0	97.48	ftp://ftp.ncbi.nlm.nih.gov/genomes/all/GCF/000/751/775/GCF_000751775.1_A1A	s__Caldifermentibacillus_hisashii.json	35841.0	d__Bacteria	p__Bacillota	c__Bacilli	o__Bacillales	f__Caldibacillaceae	g__Caldifermentibacillus	s__Caldifermentibacillus hisashii	0.0			0.0	s__Caldifermentibacillus_hisashii	species
	Human							0.0	0.0							Gram-	Microaerophile	0.0		0.0	0.0								s__Campylobacter_fetus.json		d__Bacteria	p__Campylobacterota	c__Campylobacteria	o__Campylobacterales	f__Campylobacteraceae	g__Campylobacter	s__Campylobacter fetus	0.0			0.0	s__Campylobacter_fetus	species
0.0	Human	1031746.0		GCF_001643955.1	2687453147.0	PMID:20203603; PMID:24861948	AGORA 1.03	0.0	0.0	Yes	0.0	Host-associated	Human	Large intestine	Digestive system	Gram-	Microaerophile	0.0	0	0.0	0.0	1753385.0	1839.0	595520.0	34.0	1783.0	96.95	ftp://ftp.ncbi.nlm.nih.gov/genomes/all/GCF/001/643/955/GCF_001643955.1_ASM164395v1	s__Campylobacter_hyointestinalis.json	1031746.0	d__Bacteria	p__Campylobacterota	c__Campylobacteria	o__Campylobacterales	f__Campylobacteraceae	g__Campylobacter	s__Campylobacter hyointestinalis				0.0	s__Campylobacter_hyointestinalis	species
2.0	Human	360104.0	GCF_000253455.1	GCF_000017725.2	640753009.0	PMID:20203603; PMID:24861948	AGORA 1.03	0.0	0.0	Yes		Host-associated	Human	Large intestine	Digestive system	Gram-	Microaerophile	0.0	Motile		0.0	2099413.0	2180.0	824372.0	39.0	2121.0	97.29	ftp://ftp.ncbi.nlm.nih.gov/genomes/all/GCF/000/017/725/GCF_000017725.2_ASM1772v2	s__Campylobacter_A_concisus_BJ.json	360104.0	d__Bacteria	p__Campylobacterota	c__Campylobacteria	o__Campylobacterales	f__Campylobacteraceae	g__Campylobacter_A	s__Campylobacter_A concisus_BJ		Campylobacter concisus 13826 (360104.9)	360104.9		s__Campylobacter_A_concisus_BJ	species
	Human							0.0	0.0	Yes		Host-associated	Human	Unclassified	Digestive system	Gram-	Microaerophile	0.0	Motile						40.0				s__Campylobacter_A_concisus_R.json		d__Bacteria	p__Campylobacterota	c__Campylobacteria	o__Campylobacterales	f__Campylobacteraceae	g__Campylobacter_A	s__Campylobacter_A concisus_R					s__Campylobacter_A_concisus_R	species
2.0	Human							0.0	0.0	Yes		Host-associated	Human		Digestive system	Gram-	Microaerophile	0.0	Motile		0.0								s__Campylobacter_A_curvus.json		d__Bacteria	p__Campylobacterota	c__Campylobacteria	o__Campylobacterales	f__Campylobacteraceae	g__Campylobacter_A	s__Campylobacter_A curvus					s__Campylobacter_A_curvus	species
2.0	Human	553218.0		GCF_000174175.1	643886009.0	PMID:20203603; PMID:24861948	AGORA 1.03	0.0	0.0	Yes		Host-associated	Human	Oral	Digestive system	Gram-	Microaerophile	0.0	Motile			2513107.0	3013.0	1127111.0	45.0	2971.0	98.61	ftp://ftp.ncbi.nlm.nih.gov/genomes/all/GCF/000/174/175/GCF_000174175.1_ASM17417v1	s__Campylobacter_A_rectus.json	553218.0	d__Bacteria	p__Campylobacterota	c__Campylobacteria	o__Campylobacterales	f__Campylobacteraceae	g__Campylobacter_A	s__Campylobacter_A rectus		Campylobacter rectus RM3267 (553218.4)	553218.4		s__Campylobacter_A_rectus	species
2.0	Human	553219.0	GCF_000313615.1	GCF_000175655.1	645058720.0	Strains of species found in the human gut (PMID:24861948) present in PubSEED	Initial strain selection	0.0	0.0	Yes		Host-associated	Human	Oral	Digestive system	Gram-	Microaerophile	0.0	Motile			2072007.0	2402.0	946652.0	46.0	2361.0	98.29	ftp://ftp.ncbi.nlm.nih.gov/genomes/all/GCF/000/175/655/GCF_000175655.1_ASM17565v1	s__Campylobacter_A_showae.json	553219.0	d__Bacteria	p__Campylobacterota	c__Campylobacteria	o__Campylobacterales	f__Campylobacteraceae	g__Campylobacter_A	s__Campylobacter_A showae		Campylobacter showae RM3277 (553219.3)	553219.3		s__Campylobacter_A_showae	species
2.0	Human	1244083.0		GCF_000313615.1	2534681746.0	PMID:20203603; PMID:24861948	AGORA 1.03	0.0	0.0	Yes	0.0	Host-associated	Human	Unclassified	Digestive system	Gram-	Microaerophile	0.0	0	0.0	0.0	2125173.0	2519.0	959085.0	45.0	2478.0	98.37	ftp://ftp.ncbi.nlm.nih.gov/genomes/all/GCF/000/313/615/GCF_000313615.1_Velvet_assembly_of_Campylobacter_showae_CSUNSWCD	s__Campylobacter_A_showae_A.json	1244083.0	d__Bacteria	p__Campylobacterota	c__Campylobacteria	o__Campylobacterales	f__Campylobacteraceae	g__Campylobacter_A	s__Campylobacter_A showae_A	0.0	Campylobacter showae CSUNSWCD (1244083.3)	1244083.3	0.0	s__Campylobacter_A_showae_A	species
2.0	Human	553220.0	GCF_000222425.1	GCF_000175875.1	645951857.0	PMID:20203603; PMID:24861948	AGORA 1.03	0.0	0.0	Yes	0.0	Host-associated	Human	Oral	Digestive system	Gram-	Microaerophile	0.0	Nonmotile			2255573.0	2891.0	1051440.0	47.0	2847.0	98.48	ftp://ftp.ncbi.nlm.nih.gov/genomes/all/GCF/000/175/875/GCF_000175875.1_ASM17587v1	s__Campylobacter_B_gracilis.json	553220.0	d__Bacteria	p__Campylobacterota	c__Campylobacteria	o__Campylobacterales	f__Campylobacteraceae	g__Campylobacter_B	s__Campylobacter_B gracilis		Campylobacter gracilis RM3268 (553220.3)	553220.3		s__Campylobacter_B_gracilis	species
2.0	Human	360107.0		GCF_000017585.1	640753011.0	PMID:20203603; PMID:24861948	AGORA 1.03	0.0	0.0	Yes	0.0	Host-associated	Human	Large intestine	Digestive system	Gram-	Microaerophile	0.0	Motile		0.0	1714951.0	1798.0	544297.0	32.0	1741.0	96.83	ftp://ftp.ncbi.nlm.nih.gov/genomes/all/GCF/000/017/585/GCF_000017585.1_ASM1758v1	s__Campylobacter_B_hominis.json	360107.0	d__Bacteria	p__Campylobacterota	c__Campylobacteria	o__Campylobacterales	f__Campylobacteraceae	g__Campylobacter_B	s__Campylobacter_B hominis		Campylobacter hominis ATCC BAA-381 (360107.7)	360107.7		s__Campylobacter_B_hominis	species
2.0	Human	1121102.0		GCF_000374605.1		PMID:20203603; PMID:24861948	AGORA 1.03	0.0	0.0							Gram-	Microaerophile	0.0	0	0.0	0.0							ftp://ftp.ncbi.nlm.nih.gov/genomes/all/GCF/000/374/605/GCF_000374605.1_ASM37460v1	s__Campylobacter_B_ureolyticus.json	1121102.0	d__Bacteria	p__Campylobacterota	c__Campylobacteria	o__Campylobacterales	f__Campylobacteraceae	g__Campylobacter_B	s__Campylobacter_B ureolyticus	0.0	Bacteroides ureolyticus DSM 20703 (1121102.3)	1121102.3	0.0	s__Campylobacter_B_ureolyticus	species
1.0	Human	883165.0	GCF_000413435.1	GCF_000413435.1	2558860176.0	PMID:31171880	Literature research	0.0	0.0	Yes	0.0	Host-associated	Human	Vagina	Reproductive system	Gram-	Microaerophile	0.0	Nonmotile			1691524.0	1779.0	496107.0	29.0	1732.0	97.36	ftp://ftp.ncbi.nlm.nih.gov/genomes/all/GCF/000/413/435/GCF_000413435.1_Camp_ureo_ACS-301-V-SCH3B_V1	s__Campylobacter_B_ureolyticus_A.json	883165.0	d__Bacteria	p__Campylobacterota	c__Campylobacteria	o__Campylobacterales	f__Campylobacteraceae	g__Campylobacter_B	s__Campylobacter_B ureolyticus_A		Campylobacter ureolyticus ACS-301-V-Sch3b (883165.3)	883165.3		s__Campylobacter_B_ureolyticus_A	species
0.0	Human	1032069.0	GCF_001190755.1	GCF_001190755.1	2654587774.0	PMID:31171880	Literature research	0.0	0.0	Yes	0.0	0	0	0	0	Gram-	Microaerophile	0.0	0	0.0	0.0	1641887.0	1709.0	479949.0	29.0	1654.0	96.78	ftp://ftp.ncbi.nlm.nih.gov/genomes/all/GCF/001/190/755/GCF_001190755.1_ASM119075v1	s__Campylobacter_B_ureolyticus_B.json	1032069.0	d__Bacteria	p__Campylobacterota	c__Campylobacteria	o__Campylobacterales	f__Campylobacteraceae	g__Campylobacter_B	s__Campylobacter_B ureolyticus_B	0.0			0.0	s__Campylobacter_B_ureolyticus_B	species
	Human							0.0	0.0	Yes	0.0					Gram-	Microaerophile	0.0		0.0	0.0								s__Campylobacter_D_coli.json		d__Bacteria	p__Campylobacterota	c__Campylobacteria	o__Campylobacterales	f__Campylobacteraceae	g__Campylobacter_D	s__Campylobacter_D coli	0.0			0.0	s__Campylobacter_D_coli	species
2.0	Human	1247729.0	GCF_000253435.1	GCF_000314025.1	2731957973.0	Strains of species found in the human gut (PMID:24861948) present in PubSEED	Initial strain selection	0.0	0.0	Yes	0.0	0	0	0	0	Gram-	Microaerophile	0.0	0	0.0	0.0	1585840.0	1627.0	502983.0	32.0	1583.0	97.3	ftp://ftp.ncbi.nlm.nih.gov/genomes/all/GCF/000/314/025/GCF_000314025.1_ASM31402v1	s__Campylobacter_D_coli_A.json	1247729.0	d__Bacteria	p__Campylobacterota	c__Campylobacteria	o__Campylobacterales	f__Campylobacteraceae	g__Campylobacter_D	s__Campylobacter_D coli_A	0.0	Campylobacter coli BIGS0003 (1247729.4)	1247729.4	0.0	s__Campylobacter_D_coli_A	species
	Human							0.0	0.0	Yes						Gram-	Microaerophile	0.0		0.0	0.0								s__Campylobacter_D_jejuni.json		d__Bacteria	p__Campylobacterota	c__Campylobacteria	o__Campylobacterales	f__Campylobacteraceae	g__Campylobacter_D	s__Campylobacter_D jejuni					s__Campylobacter_D_jejuni	species
0.0	Human	683083.0	GCF_000163995.1	GCF_000163995.1	647000224.0	PMID:31275260	Literature research	0.0	0.0	Yes		0	0	0	0	Gram-	Microaerophile	0.0	Motile	0.0	0.0	1686453.0	1837.0	502548.0	30.0	1800.0	97.99	ftp://ftp.ncbi.nlm.nih.gov/genomes/all/GCF/000/163/995/GCF_000163995.1_ASM16399v1	s__Campylobacter_D_jejuni_A.json	683083.0	d__Bacteria	p__Campylobacterota	c__Campylobacteria	o__Campylobacterales	f__Campylobacteraceae	g__Campylobacter_D	s__Campylobacter_D jejuni_A					s__Campylobacter_D_jejuni_A	species
2.0	Human	306263.0	GCF_000285675.1	GCF_000019205.1	643692014.0	PMID:20203603; PMID:24861948	AGORA 1.03	0.0	0.0	Yes		Host-associated	Human	Unclassified	Unclassified	Gram-	Microaerophile	0.0	Motile	0.0	0.0	1571661.0	1600.0	465526.0	30.0	1545.0	96.56	ftp://ftp.ncbi.nlm.nih.gov/genomes/all/GCF/000/019/205/GCF_000019205.1_ASM1920v1	s__Campylobacter_D_lari.json	306263.0	d__Bacteria	p__Campylobacterota	c__Campylobacteria	o__Campylobacterales	f__Campylobacteraceae	g__Campylobacter_D	s__Campylobacter_D lari		Campylobacter lari RM2100 (306263.5)	306263.5		s__Campylobacter_D_lari	species
0.0	Human					species in vaginal microbiome	Personal communication									Gram-	Microaerophile												s__Campylobacter_D_subantarcticus.json		d__Bacteria	p__Campylobacterota	c__Campylobacteria	o__Campylobacterales	f__Campylobacteraceae	g__Campylobacter_D	s__Campylobacter_D subantarcticus					s__Campylobacter_D_subantarcticus	species
0.0	Human	654363.0	GCF_006864425.1	GCF_006864425.1		https://www.biorxiv.org/content/10.1101/691030v1	Literature research	0.0	0.0							Gram-	Microaerophile	0.0	0	0.0	0.0							ftp://ftp.ncbi.nlm.nih.gov/genomes/all/GCF/006/864/425/GCF_006864425.1_ASM686442v1	s__Campylobacter_D_troglodytis.json	654363.0	d__Bacteria	p__Campylobacterota	c__Campylobacteria	o__Campylobacterales	f__Campylobacteraceae	g__Campylobacter_D	s__Campylobacter_D troglodytis	0.0			0.0	s__Campylobacter_D_troglodytis	species
	Human							0.0	0.0	Yes		Host-associated			Digestive system	Gram-	Microaerophile	0.0	Motile		0.0						97.48		s__Campylobacter_D_upsaliensis.json		d__Bacteria	p__Campylobacterota	c__Campylobacteria	o__Campylobacterales	f__Campylobacteraceae	g__Campylobacter_D	s__Campylobacter_D upsaliensis					s__Campylobacter_D_upsaliensis	species
0.0	Human	1031920.0	GCF_002220735.1	GCF_002220735.1		https://www.biorxiv.org/content/10.1101/691030v1	Literature research	0.0	0.0							Gram-	Microaerophile	0.0	0	0.0	0.0							ftp://ftp.ncbi.nlm.nih.gov/genomes/all/GCF/002/220/735/GCF_002220735.1_ASM222073v1	s__Campylobacter_F_sputorum.json	1031920.0	d__Bacteria	p__Campylobacterota	c__Campylobacteria	o__Campylobacterales	f__Campylobacteraceae	g__Campylobacter_F	s__Campylobacter_F sputorum	0.0			0.0	s__Campylobacter_F_sputorum	species
1.0	Human	1127692.0		GCF_000318275.2	2529292815.0	PMID:31275260	Literature research	0.0	0.0	Yes	0.0	Host-associated	Human	Oral	Digestive system	Gram-	Facultative	0.0	Motile			2658355.0	2746.0	1021170.0	38.0	2706.0	98.54	ftp://ftp.ncbi.nlm.nih.gov/genomes/all/GCF/000/318/275/GCF_000318275.2_ASM31827v2	s__Capnocytophaga_bilenii.json	1127692.0	d__Bacteria	p__Bacteroidota	c__Bacteroidia	o__Flavobacteriales	f__Flavobacteriaceae	g__Capnocytophaga	s__Capnocytophaga bilenii		Capnocytophaga sp. oral taxon 332 str. F0381 (1127692.3)	1127692.3		s__Capnocytophaga_bilenii	species
	Human							0.0	0.0	Yes	0.0	Host-associated	Human			Gram-	Facultative	0.0							41.0				s__Capnocytophaga_granulosa.json		d__Bacteria	p__Bacteroidota	c__Bacteroidia	o__Flavobacteriales	f__Flavobacteriaceae	g__Capnocytophaga	s__Capnocytophaga granulosa					s__Capnocytophaga_granulosa	species
1.0	Human	706436.0		GCF_000213295.2	2636416129.0	PMID:31275260	Literature research	0.0	0.0	Yes	0.0	Host-associated	Human	Oral	Digestive system	Gram-	Facultative	0.0	Motile		0.0	2456193.0	2440.0	983362.0	40.0	2397.0	98.24	ftp://ftp.ncbi.nlm.nih.gov/genomes/all/GCF/000/213/295/GCF_000213295.2_ASM21329v2	s__Capnocytophaga_leadbetteri_A.json	706436.0	d__Bacteria	p__Bacteroidota	c__Bacteroidia	o__Flavobacteriales	f__Flavobacteriaceae	g__Capnocytophaga	s__Capnocytophaga leadbetteri_A		Capnocytophaga sp. oral taxon 329 str. F0087 (706436.3)	706436.3		s__Capnocytophaga_leadbetteri_A	species
	Human							0.0	0.0	Yes		Host-associated	Human	Oral	Digestive system	Gram-	Facultative	0.0			0.0								s__Capnocytophaga_ochracea.json		d__Bacteria	p__Bacteroidota	c__Bacteroidia	o__Flavobacteriales	f__Flavobacteriaceae	g__Capnocytophaga	s__Capnocytophaga ochracea					s__Capnocytophaga_ochracea	species
1.0	Human	1035193.0		GCF_000318295.1	2529292816.0	PMID:31275260	Literature research	0.0	0.0	Yes	0.0	Host-associated	Animal	Unclassified	Digestive system	Gram-	Facultative	0.0	Motile		0.0	3215823.0	3273.0	1238579.0	39.0	3232.0	98.75	ftp://ftp.ncbi.nlm.nih.gov/genomes/all/GCF/000/318/295/GCF_000318295.1_ASM31829v1	s__Capnocytophaga_periodontitidis.json	1035193.0	d__Bacteria	p__Bacteroidota	c__Bacteroidia	o__Flavobacteriales	f__Flavobacteriaceae	g__Capnocytophaga	s__Capnocytophaga periodontitidis		Capnocytophaga sp. oral taxon 326 str. F0382 (1035193.3)	1035193.3		s__Capnocytophaga_periodontitidis	species
1.0	Human	888059.0		GCF_000192225.1	651324020.0	PMID:31275260	Literature research	0.0	0.0	Yes	0.0	Host-associated	Human	Oral	Digestive system	Gram-	Facultative	0.0	Motile		0.0	2478610.0	2495.0	908785.0	37.0	2445.0	98.0	ftp://ftp.ncbi.nlm.nih.gov/genomes/all/GCF/000/192/225/GCF_000192225.1_ASM19222v1	s__Capnocytophaga_sp000192225.json	888059.0	d__Bacteria	p__Bacteroidota	c__Bacteroidia	o__Flavobacteriales	f__Flavobacteriaceae	g__Capnocytophaga	s__Capnocytophaga sp000192225		Capnocytophaga sp. oral taxon 338 str. F0234 (888059.3)	888059.3		s__Capnocytophaga_sp000192225	species
2.0	Human	553177.0	GCF_000277585.1	GCF_000173675.1	642979305.0	PMID:20203603; PMID:24861948	AGORA 1.03	0.0	0.0	Yes		Host-associated	Animal	Unclassified	Digestive system	Gram-	Facultative	0.0	Motile			2997845.0	2713.0	1151936.0	38.0	2672.0	98.49	ftp://ftp.ncbi.nlm.nih.gov/genomes/all/GCF/000/173/675/GCF_000173675.1_ASM17367v1	s__Capnocytophaga_sputigena.json	553177.0	d__Bacteria	p__Bacteroidota	c__Bacteroidia	o__Flavobacteriales	f__Flavobacteriaceae	g__Capnocytophaga	s__Capnocytophaga sputigena		Capnocytophaga sputigena ATCC 33612 (553177.6)	553177.6		s__Capnocytophaga_sputigena	species
0.0	Human	1120746.0		GCF_000752215.1		PMID:25567229	Literature research																					ftp://ftp.ncbi.nlm.nih.gov/genomes/all/GCF/000/752/215/GCF_000752215.1_Amazonia_massiliensis	s__Caproiciproducens_sp000752215.json	1120746.0	d__Bacteria	p__Bacillota	c__Clostridia	o__Oscillospirales	f__Acutalibacteraceae	g__Caproiciproducens	s__Caproiciproducens sp000752215					s__Caproiciproducens_sp000752215	species
0.0	Human	638300.0		GCF_000160655.1	645951819.0	https://www.biorxiv.org/content/10.1101/691030v1	Literature research	0.0	0.0	Yes	0.0	Host-associated	Human	Blood	Circulatory system	Gram-	Aerobe	0.0	0		0.0	2578897.0	2631.0	1529900.0	59.0	2581.0	98.1	ftp://ftp.ncbi.nlm.nih.gov/genomes/all/GCF/000/160/655/GCF_000160655.1_ASM16065v1	s__Cardiobacterium_hominis.json	638300.0	d__Bacteria	p__Pseudomonadota	c__Gammaproteobacteria	o__Cardiobacteriales	f__Cardiobacteriaceae	g__Cardiobacterium	s__Cardiobacterium hominis				0.0	s__Cardiobacterium_hominis	species
1.0	Human	797473.0		GCF_000239355.1	2513237308.0	PMID:31171880	Literature research	0.0	0.0	Yes	0.0	Host-associated	Human	Oral	Digestive system	Gram-	Aerobe	0.0	0		0.0	2547857.0	3075.0	1483850.0	58.0	3026.0	98.41	ftp://ftp.ncbi.nlm.nih.gov/genomes/all/GCF/000/239/355/GCF_000239355.1_ASM23935v1	s__Cardiobacterium_valvarum.json	797473.0	d__Bacteria	p__Pseudomonadota	c__Gammaproteobacteria	o__Cardiobacteriales	f__Cardiobacteriaceae	g__Cardiobacterium	s__Cardiobacterium valvarum		Cardiobacterium valvarum F0432 (797473.3)	797473.3	0.0	s__Cardiobacterium_valvarum	species
	Human					PMID:31171880	Literature research	0.0	0.0	Yes	0.0					Gram+	Facultative anaerobe	0.0	0	0.0	0.0								s__Carnobacterium_maltaromaticum.json		d__Bacteria	p__Bacillota	c__Bacilli	o__Lactobacillales	f__Carnobacteriaceae	g__Carnobacterium	s__Carnobacterium maltaromaticum				0.0	s__Carnobacterium_maltaromaticum	species
1.0	Human	592026.0	GCF_000160035.2	GCF_000160035.2	643886188.0	PMID:31171880	Literature research	0.0	0.0	Yes	0.0	Host-associated	Animal	Unclassified	Digestive system	Gram+	Anaerobe	0.0	0			2041839.0	2005.0	959280.0	47.0	1950.0	97.26	ftp://ftp.ncbi.nlm.nih.gov/genomes/all/GCF/000/160/035/GCF_000160035.2_ASM16003v2	s__Catonella_morbi.json	592026.0	d__Bacteria	p__Bacillota	c__Clostridia	o__Lachnospirales	f__Lachnospiraceae	g__Catonella	s__Catonella morbi		Catonella morbi ATCC 51271 (592026.3)	592026.3	0.0	s__Catonella_morbi	species
2.0	Human	566551.0		GCF_000412335.2	2541046972.0	PMID:20203603; PMID:24861948	AGORA 1.03	0.0	0.0	Yes	0.0	Host-associated	Human	Large intestine	Digestive system	Gram-	0	0.0	0		0.0	4853881.0	4898.0	2637750.0	54.0	4805.0	98.1	ftp://ftp.ncbi.nlm.nih.gov/genomes/all/GCF/000/412/335/GCF_000412335.2_ASM41233v2	s__Cedecea_davisae.json	566551.0	d__Bacteria	p__Pseudomonadota	c__Gammaproteobacteria	o__Enterobacterales	f__Enterobacteriaceae	g__Cedecea	s__Cedecea davisae		Cedecea davisae DSM 4568 (566551.4)	566551.4	0.0	s__Cedecea_davisae	species
0.0	Human				2547132154.0	PMID:25567229	Literature research	0.0	0.0	Yes	0.0	Host-associated	Human	Large intestine	Digestive system	Gram+	Aerobe	0.0	0		0.0	3245876.0	3262.0	2429262.0	75.0	3204.0	98.22		s__Cellulomonas_massiliensis.json		d__Bacteria	p__Actinomycetota	c__Actinomycetes	o__Actinomycetales	f__Cellulomonadaceae	g__Cellulomonas	s__Cellulomonas massiliensis					s__Cellulomonas_massiliensis	species
0.0	Human	1689271.0	GCF_900046455.1	GCF_900046455.1		PMID:30745586	Literature research									Gram+												ftp.ncbi.nlm.nih.gov/genomes/all/GCF/900/046/455/GCF_900046455.1_Cellulomonas_timonensis	s__Cellulomonas_A_timonensis.json	1689271.0	d__Bacteria	p__Actinomycetota	c__Actinomycetes	o__Actinomycetales	f__Cellulomonadaceae	g__Cellulomonas_A	s__Cellulomonas_A timonensis					s__Cellulomonas_A_timonensis	species
0.0	Human	642492.0		GCF_000178835.2	650716026.0	PMID:20203603; PMID:24861948	AGORA 1.03	0.0	0.0	Yes	0.0	Environmental	Aquatic	Intertidal zone	Marine	Gram+	Anaerobe	0.0	Motile	0.0	0.0	4714237.0	4416.0	1618145.0	34.0	4272.0	96.74	ftp://ftp.ncbi.nlm.nih.gov/genomes/all/GCF/000/178/835/GCF_000178835.2_ASM17883v2	s__Cellulosilyticum_lentocellum.json	642492.0	d__Bacteria	p__Bacillota	c__Clostridia	o__Lachnospirales	f__Cellulosilyticaceae	g__Cellulosilyticum	s__Cellulosilyticum lentocellum					s__Cellulosilyticum_lentocellum	species
0.0	Human	935839.0		GCF_000526595.1	2508501028.0	PMID:20203603; PMID:24861948	AGORA 1.03	0.0	0.0	Yes	0.0	0	0	0	0	Gram+	Facultative	0.0	0	0.0	0.0	4252182.0	3819.0	3176065.0	75.0	3759.0	98.43	ftp://ftp.ncbi.nlm.nih.gov/genomes/all/GCF/000/526/595/GCF_000526595.1_ASM52659v1	s__Cellulosimicrobium_composti.json	935839.0	d__Bacteria	p__Actinomycetota	c__Actinomycetes	o__Actinomycetales	f__Cellulomonadaceae	g__Cellulosimicrobium	s__Cellulosimicrobium composti	0.0			0.0	s__Cellulosimicrobium_composti	species
1.0	Human	638302.0		GCF_000160695.1	645058738.0	PMID:31171880	Literature research	0.0	0.0	Yes	0.0	Host-associated	Human	Oral	Digestive system	Gram-	Anaerobe	0.0	Motile		0.0	2157862.0	2178.0	1207832.0	56.0	2117.0	97.2	ftp://ftp.ncbi.nlm.nih.gov/genomes/all/GCF/000/160/695/GCF_000160695.1_ASM16069v1	s__Centipeda_flueggei.json	638302.0	d__Bacteria	p__Bacillota	c__Negativicutes	o__Selenomonadales	f__Selenomonadaceae	g__Centipeda	s__Centipeda flueggei		Selenomonas flueggei ATCC 43531 (638302.3)	638302.3		s__Centipeda_flueggei	species
1.0	Human	679201.0		GCF_000234095.1	2513237316.0	PMID:31171880	Literature research	0.0	0.0	Yes	0.0	Host-associated	Human	Oral	Digestive system	Gram-	Anaerobe	0.0	Motile			2409106.0	2224.0	1348683.0	56.0	2160.0	97.12	ftp://ftp.ncbi.nlm.nih.gov/genomes/all/GCF/000/234/095/GCF_000234095.1_Sele_infe_ATCC_43532_V1	s__Centipeda_infelix.json	679201.0	d__Bacteria	p__Bacillota	c__Negativicutes	o__Selenomonadales	f__Selenomonadaceae	g__Centipeda	s__Centipeda infelix		Selenomonas infelix ATCC 43532 (679201.3)	679201.3		s__Centipeda_infelix	species
1.0	Human					PMID:31171880	Literature research	0.0	0.0	Yes	0.0	Host-associated			Digestive system	Gram-	Anaerobe	0.0	Motile		0.0				56.0				s__Centipeda_noxia.json		d__Bacteria	p__Bacillota	c__Negativicutes	o__Selenomonadales	f__Selenomonadaceae	g__Centipeda	s__Centipeda noxia					s__Centipeda_noxia	species
1.0	Human	888060.0		GCF_000213975.1	651324021.0	PMID:31171880	Literature research	0.0	0.0	Yes	0.0	Host-associated	Human	Oral	Digestive system	Gram-	Aerobe	0.0	0			2716458.0	2698.0	1520829.0	56.0	2631.0	97.52	ftp://ftp.ncbi.nlm.nih.gov/genomes/all/GCF/000/213/975/GCF_000213975.1_ASM21397v1	s__Centipeda_periodontii.json	888060.0	d__Bacteria	p__Bacillota	c__Negativicutes	o__Selenomonadales	f__Selenomonadaceae	g__Centipeda	s__Centipeda periodontii		Centipeda periodontii DSM 2778 (888060.3)	888060.3	0.0	s__Centipeda_periodontii	species
1.0	Human	999423.0		GCF_000315545.1	2531839338.0	PMID:31275260	Literature research	0.0	0.0	Yes	0.0	Host-associated	Human	Oral	Digestive system	Gram-	Anaerobe	0.0	Motile		0.0	2055819.0	1946.0	1202752.0	59.0	1886.0	96.92	ftp://ftp.ncbi.nlm.nih.gov/genomes/all/GCF/000/315/545/GCF_000315545.1_Seleno_sp_F0473_V1	s__Centipeda_sp000315545.json	999423.0	d__Bacteria	p__Bacillota	c__Negativicutes	o__Selenomonadales	f__Selenomonadaceae	g__Centipeda	s__Centipeda sp000315545		Selenomonas sp. F0473 (999423.3)	999423.3		s__Centipeda_sp000315545	species
0.0	Human	1319815.0		GCF_000479045.1	2558860278.0	PMID:20203603; PMID:24861948	AGORA 1.03	0.0	0.0	Yes	0.0	Host-associated	Human	Large intestine	Digestive system	Gram-	0	0.0	0		0.0	3064648.0	3014.0	875931.0	29.0	2975.0	98.71	ftp://ftp.ncbi.nlm.nih.gov/genomes/all/GCF/000/479/045/GCF_000479045.1_ASM47904v1	s__Cetobacterium_A_somerae.json	1319815.0	d__Bacteria	p__Fusobacteriota	c__Fusobacteriia	o__Fusobacteriales	f__Fusobacteriaceae	g__Cetobacterium_A	s__Cetobacterium_A somerae					s__Cetobacterium_A_somerae	species
0.0	Mouse	991789.0		GCF_001561955.1	2582581271.0	Personal communication, Dr. Jan Krumsiek	Personal communication	0.0	0.0	Yes		Environmental	Aquatic	Intertidal zone	Marine	Gram+	Anaerobe	0.0	Motile	0.0	0.0	3076693.0	2976.0	1195022.0	39.0	2884.0	96.91	ftp://ftp.ncbi.nlm.nih.gov/genomes/all/GCF/001/561/955/GCF_001561955.1_ASM156195v1	s__Chakrabartyella_propionicum.json	991789.0	d__Bacteria	p__Bacillota	c__Clostridia	o__Lachnospirales	f__Anaerotignaceae	g__Chakrabartyella	s__Chakrabartyella propionicum					s__Chakrabartyella_propionicum	species
0.0	Human	1441930.0		GCF_000520015.2		PMID:20203603; PMID:24861948	AGORA 1.03	0.0	0.0							Gram-	0	0.0	0	0.0	0.0							ftp://ftp.ncbi.nlm.nih.gov/genomes/all/GCF/000/520/015/GCF_000520015.2_ASM52001v2	s__Chania_multitudinisentens.json	1441930.0	d__Bacteria	p__Pseudomonadota	c__Gammaproteobacteria	o__Enterobacterales	f__Enterobacteriaceae	g__Chania	s__Chania multitudinisentens	0.0			0.0	s__Chania_multitudinisentens	species
1.0	Human	290317.0		GCF_000015125.1	639633020.0	PMID:31171880	Literature research	0.0	0.0	Yes	0.0	Environmental	Aquatic	Lentic	Freshwater	Gram-	Facultative		Nonmotile	0.0	0.0	3133902.0	2805.0	1515287.0	48.0	2743.0	97.79	ftp://ftp.ncbi.nlm.nih.gov/genomes/all/GCF/000/015/125/GCF_000015125.1_ASM1512v1	s__Chlorobium_phaeobacteroides.json	290317.0	d__Bacteria	p__Bacteroidota	c__Chlorobiia	o__Chlorobiales	f__Chlorobiaceae	g__Chlorobium	s__Chlorobium phaeobacteroides		Chlorobium phaeobacteroides DSM 266 (290317.9)	290317.9		s__Chlorobium_phaeobacteroides	species
0.0	Human	270498.0		GCF_000981035.1	2728368982.0	PMID:30658995	Literature research	0.0	0.0	Yes	0.0	0	0	0	0	Gram+	0	0.0	0	0.0	0.0	2797114.0	2683.0	1364593.0	49.0	2620.0	97.65	https://www.ncbi.nlm.nih.gov/assembly/GCF_000981035.1/	s__Christensenella_hongkongensis.json	270498.0	d__Bacteria	p__Bacillota	c__Clostridia	o__Christensenellales	f__Christensenellaceae	g__Christensenella	s__Christensenella hongkongensis	0.0			0.0	s__Christensenella_hongkongensis	species
0.0	Human	1805714.0		GCF_900155415.1	2757320871.0	PMID:30658995	Literature research	0.0	0.0	Yes	0.0	0	0	0	0	Gram+	Obligate anaerobe	0.0	0	0.0	0.0	2560186.0	2497.0	1289764.0	50.0	2433.0	97.44	https://www.ncbi.nlm.nih.gov/assembly/GCF_900155415.1/	s__Christensenella_massiliensis.json	1805714.0	d__Bacteria	p__Bacillota	c__Clostridia	o__Christensenellales	f__Christensenellaceae	g__Christensenella	s__Christensenella massiliensis	0.0			0.0	s__Christensenella_massiliensis	species
0.0	Human	626937.0	NZ_LT700187	GCF_001571425.1	2832262383.0	PMID:21357455	Literature research	0.0	0.0	Yes	0.0	Host-associated	Unclassified	Unclassified	Unclassified	Gram+	Obligate anaerobe	0.0	0	0.0	0.0	2906526.0	2848.0	1495963.0	51.0	2774.0	97.4	ftp://ftp.ncbi.nlm.nih.gov/genomes/all/GCF/001/571/425/GCF_001571425.1_ASM157142v1	s__Christensenella_minuta.json	626937.0	d__Bacteria	p__Bacillota	c__Clostridia	o__Christensenellales	f__Christensenellaceae	g__Christensenella	s__Christensenella minuta	0.0			0.0	s__Christensenella_minuta	species
0.0	Human	1816678.0	GCF_900087015.1	GCF_900087015.1		PMID:30745586	Literature research									Gram+	Obligate anaerobe											ftp.ncbi.nlm.nih.gov/genomes/all/GCF/900/087/015/GCF_900087015.1_PRJEB13910	s__Christensenella_timonensis.json	1816678.0	d__Bacteria	p__Bacillota	c__Clostridia	o__Christensenellales	f__Christensenellaceae	g__Christensenella	s__Christensenella timonensis					s__Christensenella_timonensis	species
0.0	Human	1203578.0	GCF_000478505.2	GCF_000478505.2		PMID:30745586	Literature research									Gram-												ftp://ftp.ncbi.nlm.nih.gov/genomes/all/GCF/000/478/505/GCF_000478505.2_Pseu_sp_HPB0071_V1	s__Chryseomonas_luteola.json	1203578.0	d__Bacteria	p__Pseudomonadota	c__Gammaproteobacteria	o__Pseudomonadales	f__Pseudomonadaceae	g__Chryseomonas	s__Chryseomonas luteola					s__Chryseomonas_luteola	species
0.0	Human	1033992.0		GCF_000510765.1	2510065058.0	PMID:20203603; PMID:24861948	AGORA 1.03	0.0	0.0	Yes	0.0	Host-associated	Plants	Unclassified	Rhizoplane	Gram-	Aerobe		0	0.0	0.0	5005894.0	4657.0	3315905.0	66.0	4583.0	98.41	ftp://ftp.ncbi.nlm.nih.gov/genomes/all/GCF/000/510/765/GCF_000510765.1_ASM51076v1	s__Chryseomonas_oryzihabitans.json	1033992.0	d__Bacteria	p__Pseudomonadota	c__Gammaproteobacteria	o__Pseudomonadales	f__Pseudomonadaceae	g__Chryseomonas	s__Chryseomonas oryzihabitans				0.0	s__Chryseomonas_oryzihabitans	species
	Human							0.0	0.0	Yes						Gram-	Facultative anaerobe	0.0		0.0	0.0				52.0				s__Citrobacter_braakii.json		d__Bacteria	p__Pseudomonadota	c__Gammaproteobacteria	o__Enterobacterales	f__Enterobacteriaceae	g__Citrobacter	s__Citrobacter braakii	0.0				s__Citrobacter_braakii	species
	Human							0.0	0.0	Yes						Gram-	Facultative anaerobe			0.0	0.0				52.0				s__Citrobacter_freundii.json		d__Bacteria	p__Pseudomonadota	c__Gammaproteobacteria	o__Enterobacterales	f__Enterobacteriaceae	g__Citrobacter	s__Citrobacter freundii					s__Citrobacter_freundii	species
0.0	Human	1639133.0	GCF_001281005.1	GCF_001281005.1	2744054990.0	PMID:31275260	Literature research	0.0	0.0	Yes	0.0	Host-associated	Human	Urethra	Excretory system	Gram-	Facultative anaerobe	0.0	0	0.0	0.0	5080321.0	5042.0	2625301.0	52.0	4856.0	96.31	ftp://ftp.ncbi.nlm.nih.gov/genomes/all/GCF/001/281/005/GCF_001281005.1_ASM128100v1	s__Citrobacter_portucalensis.json	1639133.0	d__Bacteria	p__Pseudomonadota	c__Gammaproteobacteria	o__Enterobacterales	f__Enterobacteriaceae	g__Citrobacter	s__Citrobacter portucalensis	0.0			0.0	s__Citrobacter_portucalensis	species
2.0	Human	500640.0		GCF_000155975.1	2562617093.0	PMID:20203603; PMID:24861948	AGORA 1.03	0.0	0.0	Yes	0.0	Host-associated	Human	Large intestine	Digestive system	Gram-	Facultative anaerobe	0.0	Motile		0.0	5150259.0	5406.0	2713640.0	53.0	5278.0	97.63	ftp://ftp.ncbi.nlm.nih.gov/genomes/all/GCF/000/155/975/GCF_000155975.1_ASM15597v1	s__Citrobacter_portucalensis_A.json	500640.0	d__Bacteria	p__Pseudomonadota	c__Gammaproteobacteria	o__Enterobacterales	f__Enterobacteriaceae	g__Citrobacter	s__Citrobacter portucalensis_A		Citrobacter youngae ATCC 29220 (500640.5)	500640.5		s__Citrobacter_portucalensis_A	species
0.0	Human	1261127.0		GCF_000981805.1	2627854164.0	PMID:20203603; PMID:24861948	AGORA 1.03	0.0	0.0	Yes	0.0	0	0	0	0	Gram-	Facultative anaerobe	0.0	0	0.0	0.0	5875351.0	5733.0	3122149.0	53.0	5511.0	96.13	ftp://ftp.ncbi.nlm.nih.gov/genomes/all/GCF/000/981/805/GCF_000981805.1_ASM98180v1	s__Citrobacter_A_amalonaticus_C.json	1261127.0	d__Bacteria	p__Pseudomonadota	c__Gammaproteobacteria	o__Enterobacterales	f__Enterobacteriaceae	g__Citrobacter_A	s__Citrobacter_A amalonaticus_C	0.0			0.0	s__Citrobacter_A_amalonaticus_C	species
1.0	Human	637910.0		GCF_000027085.1	646311913.0	PMID:31275260	Literature research	0.0	0.0	Yes		Engineered	Lab synthesis	Unclassified	Unclassified	Gram-	Facultative anaerobe	0.0	Motile	0.0	0.0	5444283.0	5078.0	2969878.0	55.0	4913.0	96.75	ftp://ftp.ncbi.nlm.nih.gov/genomes/all/GCF/000/027/085/GCF_000027085.1_ASM2708v1	s__Citrobacter_A_rodentium.json	637910.0	d__Bacteria	p__Pseudomonadota	c__Gammaproteobacteria	o__Enterobacterales	f__Enterobacteriaceae	g__Citrobacter_A	s__Citrobacter_A rodentium	0.0	Citrobacter rodentium ICC168 (637910.3)	637910.3		s__Citrobacter_A_rodentium	species
2.0	Human	290338.0		GCF_000018045.1	640753015.0	PMID:20203603; PMID:24861948	AGORA 1.03	0.0	0.0	Yes		Host-associated	Human	Unclassified	Unclassified	Gram-	Facultative anaerobe	0.0	Motile			4735357.0	5171.0	2548921.0	54.0	5031.0	97.29	ftp://ftp.ncbi.nlm.nih.gov/genomes/all/GCF/000/018/045/GCF_000018045.1_ASM1804v1	s__Citrobacter_B_koseri.json	290338.0	d__Bacteria	p__Pseudomonadota	c__Gammaproteobacteria	o__Enterobacterales	f__Enterobacteriaceae	g__Citrobacter_B	s__Citrobacter_B koseri		Citrobacter koseri ATCC BAA-895 (290338.8)	290338.8	0.0	s__Citrobacter_B_koseri	species
	Human							0.0	0.0	Yes	0.0					Gram-	Obligate anaerobe	0.0		0.0	0.0				56.0				s__Cloacibacillus_evryensis.json		d__Bacteria	p__Synergistota	c__Synergistia	o__Synergistales	f__Synergistaceae	g__Cloacibacillus	s__Cloacibacillus evryensis					s__Cloacibacillus_evryensis	species
2.0	Human							0.0	0.0	Yes	0.0					Gram+	Obligate anaerobe	0.0			0.0								s__Clostridioides_difficile.json		d__Bacteria	p__Bacillota	c__Clostridia	o__Peptostreptococcales	f__Peptostreptococcaceae	g__Clostridioides	s__Clostridioides difficile				0.0	s__Clostridioides_difficile	species
2.0	Human							0.0	0.0	Yes	0.0			Unclassified		Gram+	Obligate anaerobe	0.0		0.0	0.0				30.0				s__Clostridium_beijerinckii.json		d__Bacteria	p__Bacillota	c__Clostridia	o__Clostridiales	f__Clostridiaceae	g__Clostridium	s__Clostridium beijerinckii	0.0			0.0	s__Clostridium_beijerinckii	species
2.0	Human		GCF_000171095.1					0.0	0.0	Yes	0.0			Unclassified		Gram+	Obligate anaerobe	0.0		0.0	0.0				27.0				s__Clostridium_botulinum_A.json		d__Bacteria	p__Bacillota	c__Clostridia	o__Clostridiales	f__Clostridiaceae	g__Clostridium	s__Clostridium botulinum_A	0.0			0.0	s__Clostridium_botulinum_A	species
	Human							0.0	0.0	Yes		Host-associated				Gram+	Obligate anaerobe	0.0		0.0	0.0								s__Clostridium_butyricum.json		d__Bacteria	p__Bacillota	c__Clostridia	o__Clostridiales	f__Clostridiaceae	g__Clostridium	s__Clostridium butyricum					s__Clostridium_butyricum	species
2.0	Human	1221327.0	GCF_000353835.1	GCF_000309805.1	2551306330.0	Strains of species found in the human gut (PMID:24861948) present in PubSEED	Initial strain selection	0.0	0.0	Yes	0.0	Environmental	Terrestrial	Unclassified	Soil	Gram+	Obligate anaerobe	0.0	0	0.0	0.0	3852437.0	3730.0	1049626.0	27.0	3645.0	97.72	ftp://ftp.ncbi.nlm.nih.gov/genomes/all/GCF/000/309/805/GCF_000309805.1_ASM30980v1	s__Clostridium_cagae.json	1221327.0	d__Bacteria	p__Bacillota	c__Clostridia	o__Clostridiales	f__Clostridiaceae	g__Clostridium	s__Clostridium cagae	0.0	Clostridium botulinum CDC66177 (1221327.3)	1221327.3	0.0	s__Clostridium_cagae	species
2.0	Human	545697.0		GCF_000320405.1	2524023202.0	PMID:20203603; PMID:24861948	AGORA 1.03	0.0	0.0	Yes	0.0	Host-associated	Human	Large intestine	Digestive system	Gram+	Obligate anaerobe	0.0	Motile		0.0	3553721.0	3484.0	984942.0	28.0	3453.0	99.11	ftp://ftp.ncbi.nlm.nih.gov/genomes/all/GCF/000/320/405/GCF_000320405.1_ASM32040v1	s__Clostridium_celatum.json	545697.0	d__Bacteria	p__Bacillota	c__Clostridia	o__Clostridiales	f__Clostridiaceae	g__Clostridium	s__Clostridium celatum		Clostridium celatum DSM 1785 (545697.3)	545697.3		s__Clostridium_celatum	species
0.0	Mouse	1351755.0		GCF_900168365.1	2806311019.0	Personal communication, Dr. Jan Krumsiek	Personal communication	0.0	0.0	Yes	0.0	0	0	0	0	Gram+	Obligate anaerobe	0.0	0	0.0	0.0	2887451.0	2744.0	816841.0	28.0	2623.0	95.59	ftp://ftp.ncbi.nlm.nih.gov/genomes/all/GCF/900/168/365/GCF_900168365.1_JF4335	s__Clostridium_chauvoei.json	1351755.0	d__Bacteria	p__Bacillota	c__Clostridia	o__Clostridiales	f__Clostridiaceae	g__Clostridium	s__Clostridium chauvoei	0.0			0.0	s__Clostridium_chauvoei	species
0.0	Human	1499684.0		GCF_000753455.2		PMID:25567229	Literature research									Gram+	Obligate anaerobe											ftp://ftp.ncbi.nlm.nih.gov/genomes/all/GCF/000/753/455/GCF_000753455.2_Clostridium_jeddahtimonense	s__Clostridium_hominis.json	1499684.0	d__Bacteria	p__Bacillota	c__Clostridia	o__Clostridiales	f__Clostridiaceae	g__Clostridium	s__Clostridium hominis					s__Clostridium_hominis	species
0.0	Mouse	182773.0	GCF_002285495.1	GCF_002285495.1		Personal communication, Dr. Jan Krumsiek	Personal communication	0.0	0.0							Gram+	Obligate anaerobe	0.0	0	0.0	0.0							ftp://ftp.ncbi.nlm.nih.gov/genomes/all/GCF/002/285/495/GCF_002285495.1_ASM228549v1	s__Clostridium_isatidis.json	182773.0	d__Bacteria	p__Bacillota	c__Clostridia	o__Clostridiales	f__Clostridiaceae	g__Clostridium	s__Clostridium isatidis	0.0			0.0	s__Clostridium_isatidis	species
0.0	Human	1415775.0	GCF_000789395.1	GCF_000789395.1	2645727757.0	https://www.biorxiv.org/content/10.1101/691030v1	Literature research	0.0	0.0	Yes	0.0	0	0	0	0	Gram+	Obligate anaerobe	0.0	0	0.0	0.0	3338630.0	3286.0	943308.0	28.0	3169.0	96.44	ftp://ftp.ncbi.nlm.nih.gov/genomes/all/GCF/000/789/395/GCF_000789395.1_ASM78939v1	s__Clostridium_nitritogenes.json	1415775.0	d__Bacteria	p__Bacillota	c__Clostridia	o__Clostridiales	f__Clostridiaceae	g__Clostridium	s__Clostridium nitritogenes	0.0			0.0	s__Clostridium_nitritogenes	species
0.0	Human	1280689.0		GCF_000424025.1	2524614700.0	PMID:20203603; PMID:24861948	AGORA 1.03	0.0	0.0	Yes	0.0	0	0	0	0	Gram+	Obligate anaerobe	0.0	0	0.0	0.0	3561289.0	3567.0	1053982.0	30.0	3488.0	97.79	ftp://ftp.ncbi.nlm.nih.gov/genomes/all/GCF/000/424/025/GCF_000424025.1_ASM42402v1	s__Clostridium_paraputrificum.json	1280689.0	d__Bacteria	p__Bacillota	c__Clostridia	o__Clostridiales	f__Clostridiaceae	g__Clostridium	s__Clostridium paraputrificum	0.0			0.0	s__Clostridium_paraputrificum	species
2.0	Human	931276.0		GCF_000340885.1	2608642274.0	PMID:20203603; PMID:24861948	AGORA 1.03	0.0	0.0	Yes	0.0	Engineered	Lab synthesis	Unclassified	Unclassified	Gram+	Obligate anaerobe	0.0	0	0.0	0.0	6666445.0	5926.0	1969124.0	30.0	5821.0	98.23	ftp://ftp.ncbi.nlm.nih.gov/genomes/all/GCF/000/340/885/GCF_000340885.1_ASM34088v1	s__Clostridium_saccharoperbutylacetonicum.json	931276.0	d__Bacteria	p__Bacillota	c__Clostridia	o__Clostridiales	f__Clostridiaceae	g__Clostridium	s__Clostridium saccharoperbutylacetonicum		Clostridium saccharoperbutylacetonicum N1-4(HMT) (931276.5)	931276.5	0.0	s__Clostridium_saccharoperbutylacetonicum	species
2.0	Human	1202534.0		GCF_000401215.1	2541047555.0	PMID:20203603; PMID:24861948	AGORA 1.03	0.0	0.0	Yes	0.0	Host-associated	Mammals	Unclassified	Unclassified	Gram+	Obligate anaerobe	0.0	0	0.0	0.0	3983371.0	3784.0	1111722.0	28.0	3714.0	98.15	ftp://ftp.ncbi.nlm.nih.gov/genomes/all/GCF/000/401/215/GCF_000401215.1_CloSarAAU1	s__Clostridium_sartagoforme.json	1202534.0	d__Bacteria	p__Bacillota	c__Clostridia	o__Clostridiales	f__Clostridiaceae	g__Clostridium	s__Clostridium sartagoforme	0.0	Clostridium sartagoforme AAU1 (1202534.3)	1202534.3	0.0	s__Clostridium_sartagoforme	species
1.0	Human	641107.0		GCF_000230835.1	2619619074.0	PMID:31275260	Literature research	0.0	0.0	Yes	0.0	0	0	0	0	Gram+	Obligate anaerobe	0.0	Motile	0.0	0.0	6477357.0	6013.0	1949661.0	30.0	5867.0	97.57	ftp://ftp.ncbi.nlm.nih.gov/genomes/all/GCF/000/230/835/GCF_000230835.1_ASM23083v1	s__Clostridium_sp000230835.json	641107.0	d__Bacteria	p__Bacillota	c__Clostridia	o__Clostridiales	f__Clostridiaceae	g__Clostridium	s__Clostridium sp000230835	0.0	Clostridium sp. DL-VIII (641107.3)	641107.3		s__Clostridium_sp000230835	species
2.0	Human	457396.0		GCF_000158375.2	646206260.0	PMID:20203603; PMID:24861948	AGORA 1.03	0.0	0.0	Yes	0.0	Host-associated	Human	Large intestine	Digestive system	Gram+	Obligate anaerobe	0.0	Motile		0.0	3835902.0	3518.0	1048528.0	28.0	3455.0	98.21	ftp://ftp.ncbi.nlm.nih.gov/genomes/all/GCF/000/158/375/GCF_000158375.2_Clostridium_sp_7_2_43FAA_V2	s__Clostridium_tertium.json	457396.0	d__Bacteria	p__Bacillota	c__Clostridia	o__Clostridiales	f__Clostridiaceae	g__Clostridium	s__Clostridium tertium		Clostridium sp. 7_2_43FAA (457396.3)	457396.3		s__Clostridium_tertium	species
2.0	Human	428125.0		GCF_000154345.1	641380427.0	PMID:20203603; PMID:24861948	AGORA 1.03	0.0	0.0	Yes	0.0	Host-associated	Human	Large intestine	Digestive system	Gram+	Anaerobe	0.0	Motile		0.0	3270109.0	3983.0	1641113.0	50.0	3923.0	98.49	ftp://ftp.ncbi.nlm.nih.gov/genomes/all/GCF/000/154/345/GCF_000154345.1_ASM15434v1	s__Clostridium_A_leptum.json	428125.0	d__Bacteria	p__Bacillota	c__Clostridia	o__Oscillospirales	f__Acutalibacteraceae	g__Clostridium_A	s__Clostridium_A leptum		Clostridium leptum DSM 753 (428125.8)	428125.8		s__Clostridium_A_leptum	species
0.0	Human	1325933.0	NZ_CCXI01000001	GCF_000820705.1	2654587701.0	PMID:25567229	Literature research	0.0	0.0	Yes	0.0	Host-associated	Human	Unclassified	Unclassified	Gram+	Obligate anaerobe	0.0	0	0.0	0.0	3560738.0	3663.0	1210741.0	34.0	3579.0	97.71	ftp://ftp.ncbi.nlm.nih.gov/genomes/all/GCF/000/820/705/GCF_000820705.1_Clostridium_polynesiense_str._MS1	s__Clostridium_AA_polynesiense.json	1325933.0	d__Bacteria	p__Bacillota	c__Clostridia	o__Clostridiales	f__Clostridiaceae	g__Clostridium_AA	s__Clostridium_AA polynesiense	0.0			0.0	s__Clostridium_AA_polynesiense	species
	Human							0.0	0.0	Yes	0.0	Host-associated	Human	Large intestine	Digestive system	Gram+	Anaerobe	0.0			0.0				46.0				s__Clostridium_AP_scindens.json		d__Bacteria	p__Bacillota	c__Clostridia	o__Lachnospirales	f__Lachnospiraceae	g__Clostridium_AP	s__Clostridium_AP scindens					s__Clostridium_AP_scindens	species
	Human						Literature research	0.0	0.0	Yes	0.0	Host-associated				Gram+		0.0	0		0.0								s__Clostridium_AQ_innocuum.json		d__Bacteria	p__Bacillota_I	c__Bacilli_A	o__Erysipelotrichales	f__Erysipelotrichaceae	g__Clostridium_AQ	s__Clostridium_AQ innocuum				0.0	s__Clostridium_AQ_innocuum	species
1.0	Human	658659.0		GCF_000165065.1	649989945.0	PMID:20203603; PMID:24861948	AGORA 1.03	0.0	0.0	Yes	0.0	Host-associated	Human	Large intestine	Digestive system	Gram+	0	0.0	Nonmotile		0.0	4458363.0	3913.0	1897048.0	43.0	3857.0	98.57	ftp://ftp.ncbi.nlm.nih.gov/genomes/all/GCF/000/165/065/GCF_000165065.1_ASM16506v1	s__Clostridium_AQ_sp000165065.json	658659.0	d__Bacteria	p__Bacillota_I	c__Bacilli_A	o__Erysipelotrichales	f__Erysipelotrichaceae	g__Clostridium_AQ	s__Clostridium_AQ sp000165065		Erysipelotrichaceae bacterium 3_1_53 (658659.3)	658659.3		s__Clostridium_AQ_sp000165065	species
2.0	Human		GCF_000189615.1					0.0	0.0	Yes	0.0			Unclassified		Gram+	Obligate anaerobe	0.0	0	0.0	0.0				31.0				s__Clostridium_B_tyrobutyricum.json		d__Bacteria	p__Bacillota	c__Clostridia	o__Clostridiales	f__Clostridiaceae	g__Clostridium_B	s__Clostridium_B tyrobutyricum					s__Clostridium_B_tyrobutyricum	species
	Human							0.0	0.0	Yes				Unclassified		Gram+	Obligate anaerobe	0.0	Motile	0.0	0.0								s__Clostridium_F_botulinum.json		d__Bacteria	p__Bacillota	c__Clostridia	o__Clostridiales	f__Clostridiaceae	g__Clostridium_F	s__Clostridium_F botulinum					s__Clostridium_F_botulinum	species
2.0	Human	471871.0		GCF_000155085.1	642791615.0	PMID:20203603; PMID:24861948	AGORA 1.03	0.0	0.0	Yes	0.0	Host-associated	Human	Large intestine	Digestive system	Gram+	Obligate anaerobe	0.0	Motile		0.0	4102125.0	3869.0	1149337.0	28.0	3767.0	97.36	ftp://ftp.ncbi.nlm.nih.gov/genomes/all/GCF/000/155/085/GCF_000155085.1_ASM15508v1	s__Clostridium_F_botulinum_A.json	471871.0	d__Bacteria	p__Bacillota	c__Clostridia	o__Clostridiales	f__Clostridiaceae	g__Clostridium_F	s__Clostridium_F botulinum_A		Clostridium sporogenes ATCC 15579 (471871.7)	471871.7		s__Clostridium_F_botulinum_A	species
0.0	Human	1622073.0	GCF_001243045.1	GCF_001243045.1		PMID:30745586	Literature research									Gram+												ftp.ncbi.nlm.nih.gov/genomes/all/GCF/001/243/045/GCF_001243045.1_Clostridium_niameyense	s__Clostridium_F_niameyense.json	1622073.0	d__Bacteria	p__Bacillota	c__Clostridia	o__Clostridiales	f__Clostridiaceae	g__Clostridium_F	s__Clostridium_F niameyense					s__Clostridium_F_niameyense	species
2.0	Human	1075091.0	GCF_000155085.1	GCF_000240115.1	2551306709.0	Strains of species found in the human gut (PMID:24861948) present in PubSEED	Initial strain selection	0.0	0.0	Yes	0.0	Engineered	Food production	Unclassified	Unclassified	Gram+	Obligate anaerobe	0.0	0	0.0	0.0	4180273.0	4111.0	1161787.0	28.0	4035.0	98.15	ftp://ftp.ncbi.nlm.nih.gov/genomes/all/GCF/000/240/115/GCF_000240115.1_ASM24011v1	s__Clostridium_F_sporogenes.json	1075091.0	d__Bacteria	p__Bacillota	c__Clostridia	o__Clostridiales	f__Clostridiaceae	g__Clostridium_F	s__Clostridium_F sporogenes	0.0	Clostridium sporogenes PA 3679 (1075091.3)	1075091.3	0.0	s__Clostridium_F_sporogenes	species
0.0	Mouse	1494.0		GCF_900187165.1		PMID:27670113	Literature research	0.0	0.0							Gram+	Obligate anaerobe	0.0	0	0.0	0.0							ftp://ftp.ncbi.nlm.nih.gov/genomes/all/GCF/900/187/165/GCF_900187165.1_52121_G02	s__Clostridium_G_cochlearium.json	1494.0	d__Bacteria	p__Bacillota	c__Clostridia	o__Clostridiales	f__Clostridiaceae	g__Clostridium_G	s__Clostridium_G cochlearium	0.0			0.0	s__Clostridium_G_cochlearium	species
2.0	Human	929506.0		GCF_000204565.1	650716025.0	Strains of species found in the human gut (PMID:24861948) present in PubSEED	Initial strain selection	0.0	0.0	Yes	0.0	Host-associated	Birds	Unclassified	Unclassified	Gram+	Obligate anaerobe	0.0	Motile	0.0	0.0	3207592.0	3109.0	905579.0	28.0	2994.0	96.3	ftp://ftp.ncbi.nlm.nih.gov/genomes/all/GCF/000/204/565/GCF_000204565.1_ASM20456v1	s__Clostridium_H_botulinum_B.json	929506.0	d__Bacteria	p__Bacillota	c__Clostridia	o__Clostridiales	f__Clostridiaceae	g__Clostridium_H	s__Clostridium_H botulinum_B		Clostridium botulinum BKT015925 (929506.3)	929506.3		s__Clostridium_H_botulinum_B	species
2.0	Human	592027.0	GCF_000309805.1	GCA_000175395.3	645058817.0	Strains of species found in the human gut (PMID:24861948) present in PubSEED	Initial strain selection	0.0	0.0	Yes		Engineered	Food production	Unclassified	Unclassified	Gram+	Obligate anaerobe	0.0	Motile	0.0	0.0	2379404.0	2322.0	662006.0	28.0	2207.0	95.05	https://www.ncbi.nlm.nih.gov/assembly/GCA_000175395.3	s__Clostridium_H_haemolyticum.json	592027.0	d__Bacteria	p__Bacillota	c__Clostridia	o__Clostridiales	f__Clostridiaceae	g__Clostridium_H	s__Clostridium_H haemolyticum		Clostridium botulinum D str. 1873 (592027.3)	592027.3		s__Clostridium_H_haemolyticum	species
1.0	Human	445337.0	GCF_000204565.1	GCF_000171095.1	641736147.0	Strains of species found in the human gut (PMID:24861948) present in KBase	Initial strain selection	0.0	0.0	Yes	0.0	0	0	0	0	Gram+	Obligate anaerobe	0.0	Motile	0.0	0.0	2961186.0	2727.0	858122.0	29.0	2578.0	94.54	ftp://ftp.ncbi.nlm.nih.gov/genomes/all/GCF/000/171/095/GCF_000171095.1_ASM17109v1	s__Clostridium_H_massiliodielmoense.json	445337.0	d__Bacteria	p__Bacillota	c__Clostridia	o__Clostridiales	f__Clostridiaceae	g__Clostridium_H	s__Clostridium_H massiliodielmoense	0.0	Clostridium botulinum C str. Eklund (445337.5)	445337.5		s__Clostridium_H_massiliodielmoense	species
0.0	Human	1121305.0	GCF_001593985.1	GCF_001593985.1	2724679202.0	https://www.biorxiv.org/content/10.1101/691030v1	Literature research	0.0	0.0	Yes	0.0	0	0	0	0	Gram+	Obligate anaerobe	0.0	0	0.0	0.0	2591464.0	2608.0	802506.0	31.0	2418.0	92.71	ftp://ftp.ncbi.nlm.nih.gov/genomes/all/GCF/001/593/985/GCF_001593985.1_ASM159398v1	s__Clostridium_H_thermopalmarium.json	1121305.0	d__Bacteria	p__Bacillota	c__Clostridia	o__Clostridiales	f__Clostridiaceae	g__Clostridium_H	s__Clostridium_H thermopalmarium	0.0			0.0	s__Clostridium_H_thermopalmarium	species
1.0	Human	1262449.0		GCF_000724205.2		PMID:31275260	Literature research	0.0	0.0							Gram+	Obligate anaerobe	0.0	0	0.0	0.0							ftp://ftp.ncbi.nlm.nih.gov/genomes/all/GCF/000/724/205/GCF_000724205.2_ASM72420v3	s__Clostridium_I_pasteurianum.json	1262449.0	d__Bacteria	p__Bacillota	c__Clostridia	o__Clostridiales	f__Clostridiaceae	g__Clostridium_I	s__Clostridium_I pasteurianum	0.0	Clostridium pasteurianum DSM 525 (1262449.3)	1262449.3	0.0	s__Clostridium_I_pasteurianum	species
1.0	Human	86416.0		GCF_000389635.1	2509276060.0	PMID:31275260	Literature research	0.0	0.0	Yes	0.0	Environmental	Terrestrial	Mine	Geologic	Gram+	Obligate anaerobe		Motile	0.0	0.0	5044100.0	4966.0	1541450.0	31.0	4851.0	97.68	ftp://ftp.ncbi.nlm.nih.gov/genomes/all/GCF/000/389/635/GCF_000389635.1_ASM38963v1	s__Clostridium_I_pasteurianum_A.json	86416.0	d__Bacteria	p__Bacillota	c__Clostridia	o__Clostridiales	f__Clostridiaceae	g__Clostridium_I	s__Clostridium_I pasteurianum_A		Clostridium pasteurianum BC1 (86416.3)	86416.3		s__Clostridium_I_pasteurianum_A	species
0.0	Human	1499683.0		GCF_000751675.1		PMID:25567229	Literature research									Gram+	Obligate anaerobe											ftp://ftp.ncbi.nlm.nih.gov/genomes/all/GCF/000/751/675/GCF_000751675.1_Clostridium_culturomicsense	s__Clostridium_J_culturomicium.json	1499683.0	d__Bacteria	p__Bacillota	c__Clostridia	o__Clostridiales	f__Clostridiaceae	g__Clostridium_J	s__Clostridium_J culturomicium					s__Clostridium_J_culturomicium	species
0.0	Human	1211817.0		GCF_000612845.1	2600255061.0	PMID:25567229	Literature research	0.0	0.0	Yes	0.0	Host-associated	Human	Large intestine	Digestive system	Gram+	Obligate anaerobe	0.0	0			4433668.0	4162.0	1181899.0	27.0	4058.0	97.5	ftp://ftp.ncbi.nlm.nih.gov/genomes/all/GCF/000/612/845/GCF_000612845.1_AP5T	s__Clostridium_J_ihumii.json	1211817.0	d__Bacteria	p__Bacillota	c__Clostridia	o__Clostridiales	f__Clostridiaceae	g__Clostridium_J	s__Clostridium_J ihumii	0.0			0.0	s__Clostridium_J_ihumii	species
0.0	Human	1033737.0	NZ_HE611050	GCF_000285575.1	2597489894.0	PMID:25567229	Literature research	0.0	0.0	Yes	0.0	Host-associated	Human	Large intestine	Digestive system	Gram+	Obligate anaerobe	0.0	Motile	0.0	0.0	3869238.0	3783.0	1039356.0	27.0	3671.0	97.04	ftp://ftp.ncbi.nlm.nih.gov/genomes/all/GCF/000/285/575/GCF_000285575.1_ASM28557v1	s__Clostridium_J_senegalense.json	1033737.0	d__Bacteria	p__Bacillota	c__Clostridia	o__Clostridiales	f__Clostridiaceae	g__Clostridium_J	s__Clostridium_J senegalense					s__Clostridium_J_senegalense	species
0.0	Mouse	318464.0	NZ_JPMD01000001	GCF_000732635.1	2619619243.0	Personal communication, Dr. Jan Krumsiek	Personal communication	0.0	0.0	Yes	0.0	0	0	0	0	Gram+	Obligate anaerobe	0.0	0	0.0	0.0	3717420.0	3752.0	1115332.0	30.0	3607.0	96.14	ftp://ftp.ncbi.nlm.nih.gov/genomes/all/GCF/000/732/635/GCF_000732635.1_CloSul1.0	s__Clostridium_J_sulfidigenes.json	318464.0	d__Bacteria	p__Bacillota	c__Clostridia	o__Clostridiales	f__Clostridiaceae	g__Clostridium_J	s__Clostridium_J sulfidigenes	0.0			0.0	s__Clostridium_J_sulfidigenes	species
0.0	Human	1499689.0	NZ_CCFK01000001	GCF_000753355.2	2775507068.0	PMID:25567229	Literature research	0.0	0.0	Yes	0.0	0	0	0	0	Gram+	Obligate anaerobe	0.0	0		0.0	3750216.0	3578.0	1145890.0	31.0	3413.0	95.39	ftp://ftp.ncbi.nlm.nih.gov/genomes/all/GCF/000/753/355/GCF_000753355.2_Clostridium_amazonitimonense	s__Clostridium_L_simiarum.json	1499689.0	d__Bacteria	p__Bacillota	c__Clostridia	o__Clostridiales	f__Clostridiaceae	g__Clostridium_L	s__Clostridium_L simiarum	0.0			0.0	s__Clostridium_L_simiarum	species
2.0	Human							0.0	0.0	Yes	0.0					Gram+	Obligate anaerobe		Motile	0.0	0.0				31.0				s__Clostridium_S_acetobutylicum.json		d__Bacteria	p__Bacillota	c__Clostridia	o__Clostridiales	f__Clostridiaceae	g__Clostridium_S	s__Clostridium_S acetobutylicum					s__Clostridium_S_acetobutylicum	species
0.0	Human	1280692.0	GCF_000182605.1	GCF_000424205.1	2524614698.0	PMID:20203603; PMID:24861948	AGORA 1.03	0.0	0.0	Yes	0.0	0	0	0	0	Gram+	Obligate anaerobe	0.0	0	0.0	0.0	3542160.0	3459.0	1100790.0	31.0	3372.0	97.48	ftp://ftp.ncbi.nlm.nih.gov/genomes/all/GCF/000/424/205/GCF_000424205.1_ASM42420v1	s__Clostridium_X_cadaveris.json	1280692.0	d__Bacteria	p__Bacillota	c__Clostridia	o__Clostridiales	f__Clostridiaceae	g__Clostridium_X	s__Clostridium_X cadaveris	0.0			0.0	s__Clostridium_X_cadaveris	species
1.0	Mouse	1121346.0		GCF_000378425.1	2519899681.0	Personal communication, Dr. Jan Krumsiek	Personal communication	0.0	0.0	Yes	0.0	Environmental	Terrestrial	Unclassified	Soil	Gram+	0	0.0	0	0.0	0.0	4478238.0	4285.0	2562464.0	57.0	4169.0	97.29	ftp://ftp.ncbi.nlm.nih.gov/genomes/all/GCF/000/378/425/GCF_000378425.1_ASM37842v1	s__Cohnella_laeviribosi.json	1121346.0	d__Bacteria	p__Bacillota	c__Bacilli	o__Paenibacillales	f__Paenibacillaceae	g__Cohnella	s__Cohnella laeviribosi		Cohnella laeviribosi DSM 21336 (1121346.3)	1121346.3	0.0	s__Cohnella_laeviribosi	species
0.0	Human	1720204.0	GCF_900046475.1	GCF_900046475.1		PMID:30745586	Literature research									Gram+												ftp.ncbi.nlm.nih.gov/genomes/all/GCF/900/046/475/GCF_900046475.1_Collinsella_ihumii	s__Collinsella_ihumii.json	1720204.0	d__Bacteria	p__Actinomycetota	c__Coriobacteriia	o__Coriobacteriales	f__Coriobacteriaceae	g__Collinsella	s__Collinsella ihumii					s__Collinsella_ihumii	species
2.0	Human	521003.0		GCF_000156175.1	2562617146.0	PMID:20203603; PMID:24861948	AGORA 1.03	0.0	0.0	Yes	0.0	Host-associated	Human	Large intestine	Digestive system	Gram+	Anaerobe	0.0	Nonmotile		0.0	1804297.0	1846.0	1127079.0	62.0	1784.0	96.64	ftp://ftp.ncbi.nlm.nih.gov/genomes/all/GCF/000/156/175/GCF_000156175.1_ASM15617v1	s__Collinsella_intestinalis.json	521003.0	d__Bacteria	p__Actinomycetota	c__Coriobacteriia	o__Coriobacteriales	f__Coriobacteriaceae	g__Collinsella	s__Collinsella intestinalis		Collinsella intestinalis DSM 13280 (521003.7)	521003.7		s__Collinsella_intestinalis	species
0.0	Human	742722.0	GCF_000763055.1	GCF_000763055.1	2597489879.0	PMID:31275260	Literature research	0.0	0.0	Yes	0.0	Host-associated	Human	Large intestine	Digestive system	Gram+	Anaerobe	0.0	Nonmotile			2247396.0	2096.0	1353003.0	60.0	2028.0	96.76	ftp://ftp.ncbi.nlm.nih.gov/genomes/all/GCF/000/763/055/GCF_000763055.1_Collinsella_sp_4_8_47FAA_V1	s__Collinsella_sp000763055.json	742722.0	d__Bacteria	p__Actinomycetota	c__Coriobacteriia	o__Coriobacteriales	f__Coriobacteriaceae	g__Collinsella	s__Collinsella sp000763055					s__Collinsella_sp000763055	species
2.0	Human	445975.0		GCF_000156215.1	642979321.0	PMID:20203603; PMID:24861948	AGORA 1.03	0.0	0.0	Yes	0.0	Host-associated	Human	Large intestine	Digestive system	Gram+	Anaerobe	0.0	Nonmotile		0.0	2399821.0	2585.0	1516557.0	63.0	2529.0	97.83	ftp://ftp.ncbi.nlm.nih.gov/genomes/all/GCF/000/156/215/GCF_000156215.1_ASM15621v1	s__Collinsella_stercoris.json	445975.0	d__Bacteria	p__Actinomycetota	c__Coriobacteriia	o__Coriobacteriales	f__Coriobacteriaceae	g__Collinsella	s__Collinsella stercoris		Collinsella stercoris DSM 13279 (445975.6)	445975.6		s__Collinsella_stercoris	species
2.0	Human	742742.0		GCF_000225705.1	2513237344.0	PMID:20203603; PMID:24861948	AGORA 1.03	0.0	0.0	Yes	0.0	Host-associated	Human	Large intestine	Digestive system	Gram+	Anaerobe	0.0	Nonmotile			2482197.0	2276.0	1495163.0	60.0	2212.0	97.19	ftp://ftp.ncbi.nlm.nih.gov/genomes/all/GCF/000/225/705/GCF_000225705.1_Coll_tana_YIT_12063_V1	s__Collinsella_tanakaei.json	742742.0	d__Bacteria	p__Actinomycetota	c__Coriobacteriia	o__Coriobacteriales	f__Coriobacteriaceae	g__Collinsella	s__Collinsella tanakaei		Collinsella tanakaei YIT 12063 (742742.3)	742742.3		s__Collinsella_tanakaei	species
2.0	Human	398578.0	GCF_000411195.1	GCF_000018665.1	641228489.0	PMID:20203603; PMID:24861948	AGORA 1.03	0.0	0.0	Yes	0.0	Engineered	Wastewater	Unclassified	Unclassified	Gram-	Aerobe	0.0	0	0.0	0.0	6767514.0	6146.0	4498790.0	66.0	6048.0	98.41	ftp://ftp.ncbi.nlm.nih.gov/genomes/all/GCF/000/018/665/GCF_000018665.1_ASM1866v1	s__Comamonas_acidovorans.json	398578.0	d__Bacteria	p__Pseudomonadota	c__Gammaproteobacteria	o__Burkholderiales	f__Burkholderiaceae_C	g__Comamonas	s__Comamonas acidovorans		Delftia acidovorans SPH-1 (398578.5)	398578.5		s__Comamonas_acidovorans	species
0.0	Human					https://www.biorxiv.org/content/10.1101/691030v1	Literature research	0.0	0.0	Yes	0.0	0	0	0	0	Gram-	Aerobe	0.0		0.0	0.0				65.0				s__Comamonas_aquatica.json		d__Bacteria	p__Pseudomonadota	c__Gammaproteobacteria	o__Burkholderiales	f__Burkholderiaceae_C	g__Comamonas	s__Comamonas aquatica	0.0			0.0	s__Comamonas_aquatica	species
	Human		NZ_AAUJ02000001					0.0	0.0	Yes	0.0			Unclassified		Gram-	Aerobe		Motile	0.0	0.0				62.0				s__Comamonas_brasiliensis.json		d__Bacteria	p__Pseudomonadota	c__Gammaproteobacteria	o__Burkholderiales	f__Burkholderiaceae_C	g__Comamonas	s__Comamonas brasiliensis					s__Comamonas_brasiliensis	species
0.0	Human	1219032.0	GCF_001515545.1	GCF_006740045.1	2731957557.0	https://www.biorxiv.org/content/10.1101/691030v1	Literature research	0.0	0.0	Yes	0.0	Engineered	Biotransformation	Unclassified	Unclassified	Gram-	Aerobe	0.0	0	0.0	0.0	4629566.0	4216.0	3014468.0	65.0	4139.0	98.17	ftp://ftp.ncbi.nlm.nih.gov/genomes/all/GCF/006/740/045/GCF_006740045.1_ASM674004v1	s__Comamonas_terrigena.json	1219032.0	d__Bacteria	p__Pseudomonadota	c__Gammaproteobacteria	o__Burkholderiales	f__Burkholderiaceae_C	g__Comamonas	s__Comamonas terrigena	0.0			0.0	s__Comamonas_terrigena	species
1.0	Human	1009852.0	NZ_NFIE01000001	GCF_000241525.1	2529292992.0	PMID:31275260	Literature research	0.0	0.0	Yes	0.0	Environmental	Terrestrial	Unclassified	Soil	Gram-	Aerobe	0.0	0	0.0	0.0	5410155.0	5056.0	3326365.0	61.0	4984.0	98.58	ftp://ftp.ncbi.nlm.nih.gov/genomes/all/GCF/000/241/525/GCF_000241525.1_ASM24152v2	s__Comamonas_testosteroni.json	1009852.0	d__Bacteria	p__Pseudomonadota	c__Gammaproteobacteria	o__Burkholderiales	f__Burkholderiaceae_C	g__Comamonas	s__Comamonas testosteroni	0.0	Comamonas testosteroni ATCC 11996 (1009852.3)	1009852.3	0.0	s__Comamonas_testosteroni	species
2.0	Human					Strains of species found in the human gut (PMID:24861948) present in PubSEED	Initial strain selection	0.0	0.0	Yes	0.0					Gram-	Aerobe	0.0	0	0.0	0.0				67.0				s__Comamonas_tsuruhatensis.json		d__Bacteria	p__Pseudomonadota	c__Gammaproteobacteria	o__Burkholderiales	f__Burkholderiaceae_C	g__Comamonas	s__Comamonas tsuruhatensis	0.0			0.0	s__Comamonas_tsuruhatensis	species
1.0	Human	936140.0		GCF_002706745.1	2667527616.0	PMID:31275260	Literature research	0.0	0.0	Yes	0.0	0	0	0	0	Gram+	Aerobe	0.0	0	0.0	0.0	2469363.0	2479.0	897951.0	36.0	2437.0	98.31	ftp://ftp.ncbi.nlm.nih.gov/genomes/all/GCF/002/706/745/GCF_002706745.1_ASM270674v1	s__Companilactobacillus_farciminis.json	936140.0	d__Bacteria	p__Bacillota	c__Bacilli	o__Lactobacillales	f__Lactobacillaceae	g__Companilactobacillus	s__Companilactobacillus farciminis	0.0	Lactobacillus farciminis KCTC 3681 (936140.3)	936140.3	0.0	s__Companilactobacillus_farciminis	species
0.0	Human	1423770.0	GCF_001434275.1	GCF_001434275.1	2660238628.0	https://www.biorxiv.org/content/10.1101/691030v1	Literature research	0.0	0.0	Yes	0.0	Engineered	Food production	Unclassified	Unclassified	Gram+	Aerobe	0.0	0	0.0	0.0	2327632.0	2293.0	889106.0	38.0	2226.0	97.08	ftp://ftp.ncbi.nlm.nih.gov/genomes/all/GCF/001/434/275/GCF_001434275.1_ASM143427v1	s__Companilactobacillus_mindensis.json	1423770.0	d__Bacteria	p__Bacillota	c__Bacilli	o__Lactobacillales	f__Lactobacillaceae	g__Companilactobacillus	s__Companilactobacillus mindensis	0.0			0.0	s__Companilactobacillus_mindensis	species
	Human		GCF_000473955.1				Literature research	0.0	0.0	Yes	0.0	Host-associated	Human	Unclassified		Gram-	Anaerobe	0.0		0.0	0.0								s__Coprobacter_fastidiosus.json		d__Bacteria	p__Bacteroidota	c__Bacteroidia	o__Bacteroidales	f__Coprobacteraceae	g__Coprobacter	s__Coprobacter fastidiosus	0.0			0.0	s__Coprobacter_fastidiosus	species
0.0	Human	1686296.0	GCF_001403595.1	GCF_001403595.1		PMID:30745586	Literature research									Gram-												ftp.ncbi.nlm.nih.gov/genomes/all/GCA/001/403/595/GCA_001403595.1_Gabonia_massiliensis	s__Coprobacter_secundus.json	1686296.0	d__Bacteria	p__Bacteroidota	c__Bacteroidia	o__Bacteroidales	f__Coprobacteraceae	g__Coprobacter	s__Coprobacter secundus					s__Coprobacter_secundus	species
2.0	Human	411474.0		GCF_000154425.1	641380422.0	PMID:20203603; PMID:24861948	AGORA 1.03	0.0	0.0	Yes	0.0	Host-associated	Human	Large intestine	Digestive system	Gram+	Anaerobe	0.0	Nonmotile		0.0	3102087.0	3065.0	1336699.0	43.0	2982.0	97.29	ftp://ftp.ncbi.nlm.nih.gov/genomes/all/GCF/000/154/425/GCF_000154425.1_ASM15442v1	s__Coprococcus_eutactus.json	411474.0	d__Bacteria	p__Bacillota	c__Clostridia	o__Lachnospirales	f__Lachnospiraceae	g__Coprococcus	s__Coprococcus eutactus		Coprococcus eutactus ATCC 27759 (411474.6)	411474.6		s__Coprococcus_eutactus	species
2.0	Human	717962.0		GCF_000210555.1	650377925.0	PMID:20203603; PMID:24861948	AGORA 1.03	0.0	0.0	Yes	0.0	Host-associated	Human	Large intestine	Digestive system	Gram+	Anaerobe	0.0	Nonmotile			3522704.0	3040.0	1494651.0	43.0	2985.0	98.19	https://www.ncbi.nlm.nih.gov/assembly/GCF_000210555.1/	s__Coprococcus_A_intestinihominis.json	717962.0	d__Bacteria	p__Bacillota	c__Clostridia	o__Lachnospirales	f__Lachnospiraceae	g__Coprococcus_A	s__Coprococcus_A intestinihominis		Coprococcus catus GD/7 (717962.3)	717962.3		s__Coprococcus_A_intestinihominis	species
1.0	Human	97138.0	GCF_000364165.1	GCF_000364165.1	2517572005.0	PMID:31275260	Literature research	0.0	0.0	Yes	0.0	Host-associated	Mammals	Large intestine	Digestive system	Gram+	Obligate anaerobe	0.0	0	0.0	0.0	2857551.0	2874.0	879741.0	31.0	2810.0	97.77	ftp://ftp.ncbi.nlm.nih.gov/genomes/all/GCF/000/364/165/GCF_000364165.1_Clos_bact_ASF356_V1	s__Coprocola_sp000364165.json	97138.0	d__Bacteria	p__Bacillota	c__Clostridia	o__Lachnospirales	f__Anaerotignaceae	g__Coprocola	s__Coprocola sp000364165	0.0	Clostridium sp. ASF356 (97138.3)	97138.3	0.0	s__Coprocola_sp000364165	species
1.0	Human	525260.0		GCF_000159115.1	643886058.0	PMID:31171880	Literature research	0.0	0.0	Yes	0.0	Host-associated	Human	Unclassified	Respiratory system	Gram+	Facultative anaerobe	0.0	Nonmotile			2413333.0	2387.0	1439922.0	60.0	2333.0	97.74	ftp://ftp.ncbi.nlm.nih.gov/genomes/all/GCF/000/159/115/GCF_000159115.1_ASM15911v1	s__Corynebacterium_accolens.json	525260.0	d__Bacteria	p__Actinomycetota	c__Actinomycetes	o__Mycobacteriales	f__Mycobacteriaceae	g__Corynebacterium	s__Corynebacterium accolens		Corynebacterium accolens ATCC 49725 (525260.4)	525260.4		s__Corynebacterium_accolens	species
0.0	Human	1232427.0		GCF_000403725.1	2600255095.0	PMID:25567229	Literature research	0.0	0.0	Yes	0.0	Host-associated	Human	Intestine	Digestive system	Gram+	Facultative anaerobe	0.0	0			2240769.0	2192.0	1457746.0	65.0	2128.0	97.08	ftp://ftp.ncbi.nlm.nih.gov/genomes/all/GCF/000/403/725/GCF_000403725.1_GD7	s__Corynebacterium_afermentans.json	1232427.0	d__Bacteria	p__Actinomycetota	c__Actinomycetes	o__Mycobacteriales	f__Mycobacteriaceae	g__Corynebacterium	s__Corynebacterium afermentans	0.0			0.0	s__Corynebacterium_afermentans	species
2.0	Human	649754.0		GCF_001941425.1	647000230.0	PMID:20203603; PMID:24861948	AGORA 1.03	0.0	0.0	Yes	0.0	Host-associated	Human	Large intestine	Digestive system	Gram+	Facultative anaerobe	0.0	Nonmotile		0.0	2763612.0	2704.0	1535614.0	56.0	2654.0	98.15	ftp://ftp.ncbi.nlm.nih.gov/genomes/all/GCF/001/941/425/GCF_001941425.1_ASM194142v1	s__Corynebacterium_ammoniagenes.json	649754.0	d__Bacteria	p__Actinomycetota	c__Actinomycetes	o__Mycobacteriales	f__Mycobacteriaceae	g__Corynebacterium	s__Corynebacterium ammoniagenes		Corynebacterium ammoniagenes DSM 20306 (649754.3)	649754.3		s__Corynebacterium_ammoniagenes	species
2.0	Human	553204.0		GCF_000173655.1	642979306.0	PMID:20203603; PMID:24861948	AGORA 1.03	0.0	0.0	Yes		Host-associated	Human	Unclassified	Skin	Gram+	Facultative anaerobe	0.0	Nonmotile			2513912.0	2154.0	1472732.0	59.0	2103.0	97.63	ftp://ftp.ncbi.nlm.nih.gov/genomes/all/GCF/000/173/655/GCF_000173655.1_ASM17365v1	s__Corynebacterium_amycolatum_A.json	553204.0	d__Bacteria	p__Actinomycetota	c__Actinomycetes	o__Mycobacteriales	f__Mycobacteriaceae	g__Corynebacterium	s__Corynebacterium amycolatum_A		Corynebacterium amycolatum SK46 (553204.6)	553204.6	0.0	s__Corynebacterium_amycolatum_A	species
0.0	Human	1348662.0	GCF_000590555.1	GCF_000590555.1	2554235426.0	https://www.biorxiv.org/content/10.1101/691030v1	Literature research	0.0	0.0	Yes	0.0	0	0	0	0	Gram+	Facultative anaerobe	2.0	Nonmotile			2031902.0	1937.0	1196801.0	59.0	1875.0	96.8	ftp://ftp.ncbi.nlm.nih.gov/genomes/all/GCF/000/590/555/GCF_000590555.1_ASM59055v1	s__Corynebacterium_argentoratense.json	1348662.0	d__Bacteria	p__Actinomycetota	c__Actinomycetes	o__Mycobacteriales	f__Mycobacteriaceae	g__Corynebacterium	s__Corynebacterium argentoratense				0.0	s__Corynebacterium_argentoratense	species
0.0	Human	1720192.0	GCF_900078305.2	GCF_900078305.2		PMID:30745586	Literature research									Gram+												ftp.ncbi.nlm.nih.gov/genomes/all/GCF/900/078/305/GCF_900078305.2_PRJEB13138	s__Corynebacterium_bouchesdurhonense.json	1720192.0	d__Bacteria	p__Actinomycetota	c__Actinomycetes	o__Mycobacteriales	f__Mycobacteriaceae	g__Corynebacterium	s__Corynebacterium bouchesdurhonense					s__Corynebacterium_bouchesdurhonense	species
0.0	Human					https://www.biorxiv.org/content/10.1101/691030v1	Literature research	0.0	0.0	Yes	0.0	Engineered	Food production	Unclassified	Dairy products	Gram+	Facultative anaerobe	0.0	Nonmotile	0.0	0.0								s__Corynebacterium_casei.json		d__Bacteria	p__Actinomycetota	c__Actinomycetes	o__Mycobacteriales	f__Mycobacteriaceae	g__Corynebacterium	s__Corynebacterium casei	0.0				s__Corynebacterium_casei	species
0.0	Human	53374.0	GCF_002861365.1	GCF_002861365.1	2634166170.0	https://www.biorxiv.org/content/10.1101/691030v1	Literature research	0.0	0.0	Yes	0.0	Host-associated	Human	Blood	Circulatory system	Gram+	Facultative anaerobe	0.0	Nonmotile		0.0	2568936.0	2490.0	1575189.0	61.0	2420.0	97.19	ftp://ftp.ncbi.nlm.nih.gov/genomes/all/GCF/002/861/365/GCF_002861365.1_ASM286136v1	s__Corynebacterium_coyleae.json	53374.0	d__Bacteria	p__Actinomycetota	c__Actinomycetes	o__Mycobacteriales	f__Mycobacteriaceae	g__Corynebacterium	s__Corynebacterium coyleae					s__Corynebacterium_coyleae	species
2.0	Human	1035195.0		GCF_000318135.1	2537561950.0	PMID:20203603; PMID:24861948	AGORA 1.03	0.0	0.0	Yes	0.0	Host-associated	Animal	Unclassified	Digestive system	Gram+	Facultative anaerobe	0.0	0			2809096.0	2876.0	1596733.0	57.0	2823.0	98.16	ftp://ftp.ncbi.nlm.nih.gov/genomes/all/GCF/000/318/135/GCF_000318135.1_ASM31813v1	s__Corynebacterium_durum.json	1035195.0	d__Bacteria	p__Actinomycetota	c__Actinomycetes	o__Mycobacteriales	f__Mycobacteriaceae	g__Corynebacterium	s__Corynebacterium durum	0.0	Corynebacterium durum F0235 (1035195.3)	1035195.3	0.0	s__Corynebacterium_durum	species
1.0	Human	196164.0		GCF_000011305.1	645951842.0	PMID:31275260	Literature research	0.0	0.0	Yes	0.0	Environmental	Terrestrial	Unclassified	Soil	Gram+	Facultative anaerobe	0.0	Nonmotile	0.0	0.0	3113100.0	3089.0	1965994.0	63.0	3026.0	97.96	ftp://ftp.ncbi.nlm.nih.gov/genomes/all/GCF/000/011/305/GCF_000011305.1_ASM1130v1	s__Corynebacterium_efficiens.json	196164.0	d__Bacteria	p__Actinomycetota	c__Actinomycetes	o__Mycobacteriales	f__Mycobacteriaceae	g__Corynebacterium	s__Corynebacterium efficiens		Corynebacterium efficiens YS-314 (Prj:34585) (196164.10)	196164.1		s__Corynebacterium_efficiens	species
	Human							0.0	0.0	Yes	0.0	Host-associated	Human	Unclassified		Gram+	Facultative anaerobe	0.0	Nonmotile		0.0				59.0				s__Corynebacterium_glucuronolyticum.json		d__Bacteria	p__Actinomycetota	c__Actinomycetes	o__Mycobacteriales	f__Mycobacteriaceae	g__Corynebacterium	s__Corynebacterium glucuronolyticum					s__Corynebacterium_glucuronolyticum	species
0.0	Human	1414719.0	NZ_CBYN010000001	GCF_000577555.1	2617271191.0	PMID:25567229	Literature research	0.0	0.0	Yes	0.0	0	0	0	0	Gram+	Facultative anaerobe	0.0	0	0.0	0.0	2472125.0	2461.0	1661766.0	67.0	2404.0	97.68	ftp://ftp.ncbi.nlm.nih.gov/genomes/all/GCF/000/577/555/GCF_000577555.1_JCB	s__Corynebacterium_jeddahense.json	1414719.0	d__Bacteria	p__Actinomycetota	c__Actinomycetes	o__Mycobacteriales	f__Mycobacteriaceae	g__Corynebacterium	s__Corynebacterium jeddahense	0.0			0.0	s__Corynebacterium_jeddahense	species
1.0	Human	1078764.0	GCF_000411235.1	GCF_000411235.1	2541046993.0	PMID:31275260	Literature research	0.0	0.0	Yes	0.0	Host-associated	Unclassified	Unclassified	Unclassified	Gram+	0	0.0	0		0.0	2471628.0	2179.0	1454690.0	59.0	2120.0	97.29	ftp://ftp.ncbi.nlm.nih.gov/genomes/all/GCF/000/411/235/GCF_000411235.1_Cory_sp_HFH0082_V1	s__Corynebacterium_jeikeium_D.json	1078764.0	d__Bacteria	p__Actinomycetota	c__Actinomycetes	o__Mycobacteriales	f__Mycobacteriaceae	g__Corynebacterium	s__Corynebacterium jeikeium_D	0.0	Corynebacterium sp. HFH0082 (1078764.3)	1078764.3	0.0	s__Corynebacterium_jeikeium_D	species
2.0	Human	645127.0		GCF_000023145.1	643692019.0	PMID:20203603; PMID:24861948	AGORA 1.03	0.0	0.0	Yes	0.0	Host-associated	Human	Pulmonary system	Respiratory system	Gram+	Facultative anaerobe	0.0	Nonmotile		0.0	2446804.0	2073.0	1405930.0	57.0	2018.0	97.35	ftp://ftp.ncbi.nlm.nih.gov/genomes/all/GCF/000/023/145/GCF_000023145.1_ASM2314v1	s__Corynebacterium_kroppenstedtii.json	645127.0	d__Bacteria	p__Actinomycetota	c__Actinomycetes	o__Mycobacteriales	f__Mycobacteriaceae	g__Corynebacterium	s__Corynebacterium kroppenstedtii		Corynebacterium kroppenstedtii DSM 44385 (645127.4)	645127.4		s__Corynebacterium_kroppenstedtii	species
1.0	Mouse	1121365.0		GCF_000375365.1	2515154131.0	Personal communication, Dr. Jan Krumsiek	Personal communication	0.0	0.0	Yes	0.0	Engineered	Food production	Unclassified	Dairy products	Gram+	Aerobe	0.0	Nonmotile	0.0	0.0	2371728.0	2303.0	1636135.0	69.0	2241.0	97.31	ftp://ftp.ncbi.nlm.nih.gov/genomes/all/GCF/000/375/365/GCF_000375365.1_ASM37536v1	s__Corynebacterium_mastitidis.json	1121365.0	d__Bacteria	p__Actinomycetota	c__Actinomycetes	o__Mycobacteriales	f__Mycobacteriaceae	g__Corynebacterium	s__Corynebacterium mastitidis		Corynebacterium mastitidis DSM 44356 (1121365.3)	1121365.3	0.0	s__Corynebacterium_mastitidis	species
0.0	Human					PMID:31171880	Literature research	0.0	0.0	Yes		Host-associated			Digestive system	Gram+	Aerobe		Nonmotile		0.0				57.0				s__Corynebacterium_matruchotii.json		d__Bacteria	p__Actinomycetota	c__Actinomycetes	o__Mycobacteriales	f__Mycobacteriaceae	g__Corynebacterium	s__Corynebacterium matruchotii					s__Corynebacterium_matruchotii	species
0.0	Human	401472.0	GCF_000215665.1	GCF_000747315.1	2597490209.0	PMID:20203603; PMID:24861948	AGORA 1.03	0.0	0.0	Yes	0.0	Host-associated	Human	Blood	Circulatory system	Gram+	Anaerobe	0.0	Nonmotile		0.0	2328278.0	2357.0	1513478.0	65.0	2289.0	97.11	ftp://ftp.ncbi.nlm.nih.gov/genomes/all/GCF/000/747/315/GCF_000747315.1_ASM74731v1	s__Corynebacterium_mucifaciens.json	401472.0	d__Bacteria	p__Actinomycetota	c__Actinomycetes	o__Mycobacteriales	f__Mycobacteriaceae	g__Corynebacterium	s__Corynebacterium mucifaciens					s__Corynebacterium_mucifaciens	species
0.0	Human	1737425.0	GCF_900049755.1	GCF_900049755.1		PMID:30745586	Literature research									Gram+												ftp.ncbi.nlm.nih.gov/genomes/all/GCA/900/049/755/GCA_900049755.1_PRJEB12691	s__Corynebacterium_neomassiliense.json	1737425.0	d__Bacteria	p__Actinomycetota	c__Actinomycetes	o__Mycobacteriales	f__Mycobacteriaceae	g__Corynebacterium	s__Corynebacterium neomassiliense					s__Corynebacterium_neomassiliense	species
2.0	Human	1121367.0		GCF_000375525.1	2515154156.0	PMID:20203603; PMID:24861948	AGORA 1.03	0.0	0.0	Yes	0.0	Host-associated	Human	Unclassified	Respiratory system	Gram+	Aerobe	0.0	0			2458635.0	2285.0	1387677.0	56.0	2228.0	97.51	ftp://ftp.ncbi.nlm.nih.gov/genomes/all/GCF/000/375/525/GCF_000375525.1_ASM37552v1	s__Corynebacterium_propinquum.json	1121367.0	d__Bacteria	p__Actinomycetota	c__Actinomycetes	o__Mycobacteriales	f__Mycobacteriaceae	g__Corynebacterium	s__Corynebacterium propinquum		Corynebacterium propinquum DSM 44285 (1121367.3)	1121367.3	0.0	s__Corynebacterium_propinquum	species
0.0	Human		NZ_JIAH01000001	GCF_000688415.1	2556921672.0			0.0	0.0	Yes	0.0	Host-associated	Human	Unclassified	Respiratory system	Gram+	Aerobe	0.0				2261008.0	2095.0	1250219.0	55.0	2038.0	97.28		s__Corynebacterium_pseudodiphtheriticum.json		d__Bacteria	p__Actinomycetota	c__Actinomycetes	o__Mycobacteriales	f__Mycobacteriaceae	g__Corynebacterium	s__Corynebacterium pseudodiphtheriticum					s__Corynebacterium_pseudodiphtheriticum	species
2.0	Human	525268.0		GCF_000159135.1	643886057.0	PMID:20203603; PMID:24861948	AGORA 1.03	0.0	0.0	Yes	0.0	Host-associated	Human	Unclassified	Unclassified	Gram+	Anaerobe	0.0	Nonmotile		0.0	2724288.0	2727.0	1618231.0	59.0	2677.0	98.17	ftp://ftp.ncbi.nlm.nih.gov/genomes/all/GCF/000/159/135/GCF_000159135.1_ASM15913v1	s__Corynebacterium_striatum.json	525268.0	d__Bacteria	p__Actinomycetota	c__Actinomycetes	o__Mycobacteriales	f__Mycobacteriaceae	g__Corynebacterium	s__Corynebacterium striatum		Corynebacterium striatum ATCC 6940 (525268.3)	525268.3		s__Corynebacterium_striatum	species
1.0	Human	525264.0		GCF_000156615.2	2562617094.0	PMID:31171880	Literature research	0.0	0.0	Yes	0.0	Host-associated	Human	Unclassified	Unclassified	Gram+	0	0.0	Nonmotile		0.0	2600726.0	2559.0	1548385.0	60.0	2493.0	97.42	ftp://ftp.ncbi.nlm.nih.gov/genomes/all/GCF/000/156/615/GCF_000156615.2_ASM15661v2	s__Corynebacterium_tuberculostearicum.json	525264.0	d__Bacteria	p__Actinomycetota	c__Actinomycetes	o__Mycobacteriales	f__Mycobacteriaceae	g__Corynebacterium	s__Corynebacterium tuberculostearicum		Corynebacterium pseudogenitalium ATCC 33035 (525264.4)	525264.4		s__Corynebacterium_tuberculostearicum	species
2.0	Human	553206.0		GCF_000175635.1	645058719.0	PMID:20203603; PMID:24861948	AGORA 1.03	0.0	0.0	Yes	0.0	Host-associated	Human	Unclassified	Skin	Gram+	Anaerobe	0.0	Nonmotile		0.0	2372261.0	2265.0	1423640.0	60.0	2210.0	97.57	ftp://ftp.ncbi.nlm.nih.gov/genomes/all/GCF/000/175/635/GCF_000175635.1_ASM17563v1	s__Corynebacterium_tuberculostearicum_C.json	553206.0	d__Bacteria	p__Actinomycetota	c__Actinomycetes	o__Mycobacteriales	f__Mycobacteriaceae	g__Corynebacterium	s__Corynebacterium tuberculostearicum_C		Corynebacterium tuberculostearicum SK141 (553206.4)	553206.4		s__Corynebacterium_tuberculostearicum_C	species
0.0	Human	1401064.0	GCF_000759055.1	GCA_000759055.1		species in vaginal microbiome	Personal communication									Gram+	Aerobe											https://www.ncbi.nlm.nih.gov/assembly/GCF_000759055.1/	s__Corynebacterium_tuscaniense.json	1401064.0	d__Bacteria	p__Actinomycetota	c__Actinomycetes	o__Mycobacteriales	f__Mycobacteriaceae	g__Corynebacterium	s__Corynebacterium tuscaniense					s__Corynebacterium_tuscaniense	species
2.0	Human							0.0	0.0	Yes		0	0	0	0	Gram+	Facultative	0.0	Nonmotile	0.0	0.0				53.0				s__Corynebacterium_ulcerans.json		d__Bacteria	p__Actinomycetota	c__Actinomycetes	o__Mycobacteriales	f__Mycobacteriaceae	g__Corynebacterium	s__Corynebacterium ulcerans					s__Corynebacterium_ulcerans	species
1.0	Human	858619.0		GCF_000179395.2	2511231114.0	https://www.biorxiv.org/content/10.1101/691030v1	Literature research	0.0	0.0	Yes	0.0	Engineered	Food production	Unclassified	Dairy products	Gram+	Aerobe	0.0	Nonmotile	0.0	0.0	3433007.0	3116.0	2305124.0	67.0	3039.0	97.53	ftp://ftp.ncbi.nlm.nih.gov/genomes/all/GCF/000/179/395/GCF_000179395.2_ASM17939v2	s__Corynebacterium_variabile.json	858619.0	d__Bacteria	p__Actinomycetota	c__Actinomycetes	o__Mycobacteriales	f__Mycobacteriaceae	g__Corynebacterium	s__Corynebacterium variabile		Corynebacterium variabile DSM 44702 (858619.3)	858619.3		s__Corynebacterium_variabile	species
	Human							0.0	0.0	Yes	0.0					Gram-	Facultative anaerobe	0.0		0.0	0.0								s__Cronobacter_sakazakii.json		d__Bacteria	p__Pseudomonadota	c__Gammaproteobacteria	o__Enterobacterales	f__Enterobacteriaceae	g__Cronobacter	s__Cronobacter sakazakii					s__Cronobacter_sakazakii	species
2.0	Human	469378.0	GCF_000339015.1	GCF_000023845.1	644736346.0	PMID:20203603; PMID:24861948	AGORA 1.03	0.0	0.0	Yes		Host-associated	Human	Oral	Digestive system	Gram+	Obligate anaerobe	0.0	Nonmotile		0.0	1617804.0	1421.0	823649.0	51.0	1364.0	95.99	ftp://ftp.ncbi.nlm.nih.gov/genomes/all/GCF/000/023/845/GCF_000023845.1_ASM2384v1	s__Cryptobacterium_curtum.json	469378.0	d__Bacteria	p__Actinomycetota	c__Coriobacteriia	o__Coriobacteriales	f__Eggerthellaceae	g__Cryptobacterium	s__Cryptobacterium curtum		Cryptobacterium curtum DSM 15641 (469378.5)	469378.5		s__Cryptobacterium_curtum	species
2.0	Human	742817.0		GCF_000243215.1	2513237280.0	PMID:20203603; PMID:24861948	AGORA 1.03	0.0	0.0	Yes	0.0	Host-associated	Human	Large intestine	Digestive system	Gram-	Anaerobe	0.0	Nonmotile			3753461.0	3164.0	1521882.0	41.0	3103.0	98.07	ftp://ftp.ncbi.nlm.nih.gov/genomes/all/GCF/000/243/215/GCF_000243215.1_Odor_lane_YIT_12061_V1	s__Culturomica_lanea.json	742817.0	d__Bacteria	p__Bacteroidota	c__Bacteroidia	o__Bacteroidales	f__Marinifilaceae	g__Culturomica	s__Culturomica lanea		Odoribacter laneus YIT 12061 (742817.3)	742817.3	0.0	s__Culturomica_lanea	species
0.0	Human	1841857.0	GCF_900091655.1	GCF_900091655.1		PMID:30745586	Literature research									Gram-												ftp.ncbi.nlm.nih.gov/genomes/all/GCF/900/091/655/GCF_900091655.1_PRJEB14541	s__Culturomica_massiliensis.json	1841857.0	d__Bacteria	p__Bacteroidota	c__Bacteroidia	o__Bacteroidales	f__Marinifilaceae	g__Culturomica	s__Culturomica massiliensis					s__Culturomica_massiliensis	species
0.0	Mouse	1796618.0	GCF_004216775.1	GCF_004216775.1	2802428826.0	PMID:27670113	Literature research	0.0	0.0	Yes	0.0	Host-associated	Mammals	Large intestine	Digestive system	Gram+	Anaerobe	0.0	0	0.0	0.0	3462725.0	3308.0	1699102.0	49.0	3230.0	97.64	ftp://ftp.ncbi.nlm.nih.gov/genomes/all/GCF/004/216/775/GCF_004216775.1_ASM421677v1	s__Cuneatibacter_caecimuris.json	1796618.0	d__Bacteria	p__Bacillota	c__Clostridia	o__Lachnospirales	f__Lachnospiraceae	g__Cuneatibacter	s__Cuneatibacter caecimuris	0.0			0.0	s__Cuneatibacter_caecimuris	species
2.0	Human	266264.0		GCF_000196015.1	637000230.0	Strains of species found in the human gut (PMID:24861948) present in PubSEED	Initial strain selection	0.0	0.0	Yes	0.0	Environmental	Aquatic	Lentic	Freshwater	Gram-	Aerobe	0.0	Motile	0.0	0.0	6913352.0	6430.0	4392121.0	64.0	6340.0	98.6	ftp://ftp.ncbi.nlm.nih.gov/genomes/all/GCF/000/196/015/GCF_000196015.1_ASM19601v1	s__Cupriavidus_metallidurans.json	266264.0	d__Bacteria	p__Pseudomonadota	c__Gammaproteobacteria	o__Burkholderiales	f__Burkholderiaceae	g__Cupriavidus	s__Cupriavidus metallidurans		Cupriavidus metallidurans CH34 (266264.4)	266264.4		s__Cupriavidus_metallidurans	species
2.0	Human	1292022.0		GCF_000349565.1	2547132189.0	PMID:20203603; PMID:24861948	AGORA 1.03	0.0	0.0	Yes	0.0	Engineered	Built environment	Unclassified	Unclassified	Gram+	Obligate aerobe	0.0	0	0.0	0.0	3692614.0	3585.0	2617951.0	71.0	3529.0	98.44	ftp://ftp.ncbi.nlm.nih.gov/genomes/all/GCF/000/349/565/GCF_000349565.1_Curtobacterium_flaccumfaciens_UCD-AKU	s__Curtobacterium_poinsettiae.json	1292022.0	d__Bacteria	p__Actinomycetota	c__Actinomycetes	o__Actinomycetales	f__Microbacteriaceae	g__Curtobacterium	s__Curtobacterium poinsettiae		Curtobacterium flaccumfaciens UCD-AKU (1292022.3)	1292022.3	0.0	s__Curtobacterium_poinsettiae	species
0.0	Human	1336244.0	GCF_000518645.1	GCF_000518645.1	2545555856.0	https://www.biorxiv.org/content/10.1101/691030v1	Literature research	0.0	0.0	Yes	0.0	Environmental	Aquatic	Unclassified	Freshwater	Gram-	0	0.0	0	0.0	0.0	6748240.0	6140.0	4452611.0	66.0	6071.0	98.88	ftp://ftp.ncbi.nlm.nih.gov/genomes/all/GCF/000/518/645/GCF_000518645.1_ASM51864v1	s__Curvibacter_gracilis.json	1336244.0	d__Bacteria	p__Pseudomonadota	c__Gammaproteobacteria	o__Burkholderiales	f__Burkholderiaceae_C	g__Curvibacter	s__Curvibacter gracilis				0.0	s__Curvibacter_gracilis	species
	Human							0.0	0.0	Yes						Gram+	Anaerobe	0.0							60.0				s__Cutibacterium_acnes.json		d__Bacteria	p__Actinomycetota	c__Actinomycetes	o__Propionibacteriales	f__Propionibacteriaceae	g__Cutibacterium	s__Cutibacterium acnes					s__Cutibacterium_acnes	species
	Human							0.0	0.0	Yes	0.0	Host-associated	Human			Gram+	Anaerobe	0.0		0.0	0.0				63.0				s__Cutibacterium_avidum.json		d__Bacteria	p__Actinomycetota	c__Actinomycetes	o__Propionibacteriales	f__Propionibacteriaceae	g__Cutibacterium	s__Cutibacterium avidum	0.0			0.0	s__Cutibacterium_avidum	species
0.0	Human		NZ_AOST01000001					0.0	0.0	Yes	0.0	Host-associated	Human	Unclassified		Gram+	Anaerobe	0.0	Nonmotile	0.0	0.0				64.0				s__Cutibacterium_granulosum.json		d__Bacteria	p__Actinomycetota	c__Actinomycetes	o__Propionibacteriales	f__Propionibacteriaceae	g__Cutibacterium	s__Cutibacterium granulosum					s__Cutibacterium_granulosum	species
2.0	Human					Strains of species found in the human gut (PMID:24861948) present in PubSEED	Initial strain selection	0.0	0.0	Yes	0.0	Host-associated	Human	Unclassified	Unclassified	Gram+	Anaerobe	0.0	0		0.0				60.0				s__Cutibacterium_modestum.json		d__Bacteria	p__Actinomycetota	c__Actinomycetes	o__Propionibacteriales	f__Propionibacteriaceae	g__Cutibacterium	s__Cutibacterium modestum					s__Cutibacterium_modestum	species
	Human							0.0	0.0	Yes	0.0					Gram+	Anaerobe	0.0	Nonmotile	0.0	0.0								s__Cutibacterium_namnetense.json		d__Bacteria	p__Actinomycetota	c__Actinomycetes	o__Propionibacteriales	f__Propionibacteriaceae	g__Cutibacterium	s__Cutibacterium namnetense	0.0				s__Cutibacterium_namnetense	species
0.0	Human	1307436.0		GCF_000565285.1	2568526233.0	PMID:20203603; PMID:24861948	AGORA 1.03	0.0	0.0	Yes	0.0	0	0	0	0	Gram+	Facultative anaerobe	0.0	0	0.0	0.0	4971242.0	5013.0	2060843.0	41.0	4922.0	98.18	ftp://ftp.ncbi.nlm.nih.gov/genomes/all/GCF/000/565/285/GCF_000565285.1_pBF	s__Cytobacillus_firmus_A.json	1307436.0	d__Bacteria	p__Bacillota	c__Bacilli	o__Bacillales	f__Cytobacillaceae	g__Cytobacillus	s__Cytobacillus firmus_A	0.0			0.0	s__Cytobacillus_firmus_A	species
0.0	Mouse	51515.0		GCF_002224645.1	2811995020.0	Personal communication, Dr. Jan Krumsiek	Personal communication	0.0	0.0	Yes	0.0	Engineered	Industrial production	Unclassified	Unclassified	Gram+	Anaerobe	0.0	0	0.0	0.0	3766545.0	3698.0	1625895.0	43.0	3605.0	97.49	ftp://ftp.ncbi.nlm.nih.gov/genomes/all/GCF/002/224/645/GCF_002224645.1_ASM222464v1	s__Dehalobacterium_formicoaceticum.json	51515.0	d__Bacteria	p__Bacillota	c__Dehalobacteriia	o__Dehalobacteriales	f__Dehalobacteriaceae	g__Dehalobacterium	s__Dehalobacterium formicoaceticum	0.0			0.0	s__Dehalobacterium_formicoaceticum	species
0.0	Human					https://www.biorxiv.org/content/10.1101/691030v1	Literature research	0.0	0.0							Gram+	Facultative anaerobe	0.0	0	0.0	0.0								s__Dellaglioa_algida.json		d__Bacteria	p__Bacillota	c__Bacilli	o__Lactobacillales	f__Lactobacillaceae	g__Dellaglioa	s__Dellaglioa algida	0.0			0.0	s__Dellaglioa_algida	species
1.0	Human	1203568.0	GCF_000413375.1	GCF_000413375.1	2541047015.0	PMID:31275260	Literature research	0.0	0.0	Yes	0.0	Host-associated	Human	Unclassified	Digestive system	Gram+	0	0.0	0			2361288.0	2190.0	1482415.0	63.0	2133.0	97.4	ftp://ftp.ncbi.nlm.nih.gov/genomes/all/GCF/000/413/375/GCF_000413375.1_Derm_sp_HFH0086_V1	s__Dermabacter_hominis.json	1203568.0	d__Bacteria	p__Actinomycetota	c__Actinomycetes	o__Actinomycetales	f__Dermabacteraceae	g__Dermabacter	s__Dermabacter hominis		Dermabacter sp. HFH0086 (1203568.3)	1203568.3	0.0	s__Dermabacter_hominis	species
	Human		GCF_000018665.1					0.0	0.0							Gram+	Aerobe	0.0	0	0.0	0.0								s__Dermacoccus_nishinomiyaensis.json		d__Bacteria	p__Actinomycetota	c__Actinomycetes	o__Actinomycetales	f__Dermatophilaceae	g__Dermacoccus	s__Dermacoccus nishinomiyaensis	0.0			0.0	s__Dermacoccus_nishinomiyaensis	species
1.0	Human					PMID:31275260	Literature research	0.0	0.0	Yes	0.0					Gram+	Anaerobe			0.0	0.0								s__Desulfitobacterium_hafniense.json		d__Bacteria	p__Bacillota	c__Desulfitobacteriia	o__Desulfitobacteriales	f__Desulfitobacteriaceae	g__Desulfitobacterium	s__Desulfitobacterium hafniense					s__Desulfitobacterium_hafniense	species
0.0	Human	888061.0	GCF_001553625.1	GCF_001553625.1	2684623057.0	https://www.biorxiv.org/content/10.1101/691030v1	Literature research	0.0	0.0	Yes	0.0	Host-associated	Animal	Unclassified	Digestive system	Gram-	Anaerobe	0.0	0			2783374.0	2623.0	1640120.0	59.0	2557.0	97.48	ftp://ftp.ncbi.nlm.nih.gov/genomes/all/GCF/001/553/625/GCF_001553625.1_ASM155362v1	s__Desulfomicrobium_orale.json	888061.0	d__Bacteria	p__Desulfobacterota	c__Desulfovibrionia	o__Desulfovibrionales	f__Desulfomicrobiaceae	g__Desulfomicrobium	s__Desulfomicrobium orale				0.0	s__Desulfomicrobium_orale	species
0.0	Human	1121445.0		GCF_000420465.1	2524614548.0	PMID:20203603; PMID:24861948	AGORA 1.03	0.0	0.0	Yes	0.0	Environmental	Terrestrial	Unclassified	Geologic	Gram-	Anaerobe		Motile	0.0	0.0	3391683.0	2958.0	1945591.0	57.0	2893.0	97.8	ftp://ftp.ncbi.nlm.nih.gov/genomes/all/GCF/000/420/465/GCF_000420465.1_ASM42046v1	s__Desulfovibrio_desulfuricans.json	1121445.0	d__Bacteria	p__Desulfobacterota	c__Desulfovibrionia	o__Desulfovibrionales	f__Desulfovibrionaceae	g__Desulfovibrio	s__Desulfovibrio desulfuricans				0.0	s__Desulfovibrio_desulfuricans	species
	Human							0.0	0.0	Yes	0.0	Host-associated	Human	Unclassified		Gram-	Anaerobe	0.0	Motile		0.0				61.0				s__Desulfovibrio_fairfieldensis.json		d__Bacteria	p__Desulfobacterota	c__Desulfovibrionia	o__Desulfovibrionales	f__Desulfovibrionaceae	g__Desulfovibrio	s__Desulfovibrio fairfieldensis					s__Desulfovibrio_fairfieldensis	species
2.0	Human	411464.0		GCF_000156375.1	642979316.0	PMID:20203603; PMID:24861948	AGORA 1.03	0.0	0.0	Yes	0.0	Host-associated	Human	Large intestine	Digestive system	Gram-	Anaerobe	0.0	Motile		0.0	2826240.0	3182.0	1781846.0	63.0	3114.0	97.86	ftp://ftp.ncbi.nlm.nih.gov/genomes/all/GCF/000/156/375/GCF_000156375.1_ASM15637v1	s__Desulfovibrio_piger.json	411464.0	d__Bacteria	p__Desulfobacterota	c__Desulfovibrionia	o__Desulfovibrionales	f__Desulfovibrionaceae	g__Desulfovibrio	s__Desulfovibrio piger		Desulfovibrio piger ATCC 29098 (411464.8)	411464.8		s__Desulfovibrio_piger	species
2.0	Human	592028.0		GCF_000160055.1	645951833.0	PMID:20203603; PMID:24861948	AGORA 1.03	0.0	0.0	Yes	0.0	Host-associated	Human	Oral	Digestive system	Gram-	Anaerobe	0.0	0			1895860.0	2017.0	862560.0	45.0	1954.0	96.88	ftp://ftp.ncbi.nlm.nih.gov/genomes/all/GCF/000/160/055/GCF_000160055.1_ASM16005v1	s__Dialister_invisus.json	592028.0	d__Bacteria	p__Bacillota	c__Negativicutes	o__Veillonellales	f__Dialisteraceae	g__Dialister	s__Dialister invisus		Dialister invisus DSM 15470 (592028.3)	592028.3		s__Dialister_invisus	species
	Human					PMID:31171880	Literature research	0.0	0.0	Yes	0.0	Host-associated	Human		Reproductive system	Gram-	Anaerobe	0.0											s__Dialister_micraerophilus.json		d__Bacteria	p__Bacillota	c__Negativicutes	o__Veillonellales	f__Dialisteraceae	g__Dialister	s__Dialister micraerophilus					s__Dialister_micraerophilus	species
2.0	Human	742743.0		GCF_000242435.1	2513237349.0	PMID:20203603; PMID:24861948	AGORA 1.03	0.0	0.0	Yes	0.0	Host-associated	Human	Large intestine	Digestive system	Gram-	Anaerobe	0.0	0			2457811.0	2219.0	1240198.0	50.0	2155.0	97.12	ftp://ftp.ncbi.nlm.nih.gov/genomes/all/GCF/000/242/435/GCF_000242435.1_Dial_succ_YIT_11850_V1	s__Dialister_succinatiphilus.json	742743.0	d__Bacteria	p__Bacillota	c__Negativicutes	o__Veillonellales	f__Dialisteraceae	g__Dialister	s__Dialister succinatiphilus		Dialister succinatiphilus YIT 11850 (742743.3)	742743.3		s__Dialister_succinatiphilus	species
0.0	Human	1223524.0	NZ_BCSW01000001	GCF_001571065.1	2675903565.0	PMID:31275260	Literature research	0.0	0.0	Yes	0.0	Host-associated	Human	Unclassified	Digestive system	Gram+	Aerobe	0.0	0	0.0	0.0	3581863.0	3421.0	2535619.0	71.0	3363.0	98.3	ftp://ftp.ncbi.nlm.nih.gov/genomes/all/GCF/001/571/065/GCF_001571065.1_ASM157106v1	s__Dietzia_cinnamea.json	1223524.0	d__Bacteria	p__Actinomycetota	c__Actinomycetes	o__Mycobacteriales	f__Mycobacteriaceae	g__Dietzia	s__Dietzia cinnamea				0.0	s__Dietzia_cinnamea	species
2.0	Human	910954.0		GCF_000186325.1	649989929.0	PMID:20203603; PMID:24861948	AGORA 1.03	0.0	0.0	Yes	0.0	Environmental	Terrestrial	Unclassified	Soil	Gram+	Aerobe	0.0	0	0.0	0.0	3555295.0	3593.0	2522844.0	71.0	3538.0	98.47	ftp://ftp.ncbi.nlm.nih.gov/genomes/all/GCF/000/186/325/GCF_000186325.1_ASM18632v1	s__Dietzia_cinnamea_A.json	910954.0	d__Bacteria	p__Actinomycetota	c__Actinomycetes	o__Mycobacteriales	f__Mycobacteriaceae	g__Dietzia	s__Dietzia cinnamea_A		Dietzia cinnamea P4 (910954.3)	910954.3		s__Dietzia_cinnamea_A	species
	Human				2513237341.0	PMID:31171880	Literature research	0.0	0.0	Yes	0.0	Host-associated	Human	Cerebrospinal fluid	Nervous system	Gram+	Facultative anaerobe	0.0	0		0.0	1846028.0	1723.0	730416.0	40.0	1692.0	98.2		s__Dolosigranulum_pigrum.json		d__Bacteria	p__Bacillota	c__Bacilli	o__Lactobacillales	f__Carnobacteriaceae_A	g__Dolosigranulum	s__Dolosigranulum pigrum		Dolosigranulum pigrum ATCC 51524 (883103.3)	883103.3	0.0	s__Dolosigranulum_pigrum	species
	Human							0.0	0.0	Yes	0.0	Host-associated	Human	Large intestine	Digestive system	Gram+	Anaerobe	0.0	0		0.0								s__Dorea_formicigenerans.json		d__Bacteria	p__Bacillota	c__Clostridia	o__Lachnospirales	f__Lachnospiraceae	g__Dorea	s__Dorea formicigenerans					s__Dorea_formicigenerans	species
2.0	Human	411462.0		GCF_000154065.1	640963046.0	PMID:20203603; PMID:24861948	AGORA 1.03	0.0	0.0	Yes	0.0	Host-associated	Human	Large intestine	Digestive system	Gram+	Anaerobe	0.0	0		0.0	2913833.0	3045.0	1207633.0	41.0	2970.0	97.54	ftp://ftp.ncbi.nlm.nih.gov/genomes/all/GCF/000/154/065/GCF_000154065.1_ASM15406v1	s__Dorea_A_longicatena.json	411462.0	d__Bacteria	p__Bacillota	c__Clostridia	o__Lachnospirales	f__Lachnospiraceae	g__Dorea_A	s__Dorea_A longicatena		Dorea longicatena DSM 13814 (411462.6)	411462.6		s__Dorea_A_longicatena	species
1.0	Human	1121482.0		GCF_000382205.1	2522125168.0	PMID:20203603; PMID:24861948	AGORA 1.03	0.0	0.0	Yes	0.0	Host-associated	Plants	Unclassified	Rhizoplane	Gram-	Aerobe		Nonmotile	0.0	0.0	7376607.0	6125.0	3840986.0	52.0	6075.0	99.18	ftp://ftp.ncbi.nlm.nih.gov/genomes/all/GCF/000/382/205/GCF_000382205.1_ASM38220v1	s__Dyadobacter_beijingensis.json	1121482.0	d__Bacteria	p__Bacteroidota	c__Bacteroidia	o__Cytophagales	f__Spirosomataceae	g__Dyadobacter	s__Dyadobacter beijingensis		Dyadobacter beijingensis DSM 21582 (1121482.3)	1121482.3		s__Dyadobacter_beijingensis	species
2.0	Human	471854.0		GCF_000023125.1	644736356.0	PMID:20203603; PMID:24861948	AGORA 1.03	0.0	0.0	Yes	0.0	Host-associated	Plants	Unclassified	Unclassified	Gram-	Aerobe	0.0	Nonmotile	0.0	0.0	6967790.0	5854.0	3591547.0	52.0	5804.0	99.15	ftp://ftp.ncbi.nlm.nih.gov/genomes/all/GCF/000/023/125/GCF_000023125.1_ASM2312v1	s__Dyadobacter_fermentans.json	471854.0	d__Bacteria	p__Bacteroidota	c__Bacteroidia	o__Cytophagales	f__Spirosomataceae	g__Dyadobacter	s__Dyadobacter fermentans		Dyadobacter fermentans DSM 18053 (471854.5)	471854.5		s__Dyadobacter_fermentans	species
2.0	Human	742766.0		GCF_000213555.1	651324026.0	PMID:20203603; PMID:24861948	AGORA 1.03	0.0	0.0	Yes	0.0	Host-associated	Human	Unclassified	Unclassified	Gram-	Anaerobe	0.0	0	0.0	0.0	5165995.0	4203.0	2046108.0	40.0	4156.0	98.88	ftp://ftp.ncbi.nlm.nih.gov/genomes/all/GCF/000/213/555/GCF_000213555.1_Dysg_gade_ATCC_V1	s__Dysgonomonas_gadei.json	742766.0	d__Bacteria	p__Bacteroidota	c__Bacteroidia	o__Bacteroidales	f__Dysgonomonadaceae	g__Dysgonomonas	s__Dysgonomonas gadei		Dysgonomonas gadei ATCC BAA-286 (742766.3)	742766.3		s__Dysgonomonas_gadei	species
1.0	Human	742767.0		GCF_000376405.1	651324027.0	PMID:31171880	Literature research	0.0	0.0	Yes	0.0	Host-associated	Human	Unclassified	Unclassified	Gram-	Anaerobe	0.0	0		0.0	3951265.0	3482.0	1480490.0	37.0	3429.0	98.48	ftp://ftp.ncbi.nlm.nih.gov/genomes/all/GCF/000/376/405/GCF_000376405.1_ASM37640v1	s__Dysgonomonas_mossii.json	742767.0	d__Bacteria	p__Bacteroidota	c__Bacteroidia	o__Bacteroidales	f__Dysgonomonadaceae	g__Dysgonomonas	s__Dysgonomonas mossii		Dysgonomonas mossii DSM 22836 (742767.3)	742767.3		s__Dysgonomonas_mossii	species
	Human							0.0	0.0	Yes	0.0					Gram-	Facultative anaerobe	0.0		0.0	0.0								s__ECMA0423_sp047199055.json		d__Bacteria	p__Pseudomonadota	c__Gammaproteobacteria	o__Enterobacterales	f__Enterobacteriaceae	g__ECMA0423	s__ECMA0423 sp047199055	0.0			0.0	s__ECMA0423_sp047199055	species
2.0	Human	667120.0		GCF_000264765.2	2547132206.0	Strains of species found in the human gut (PMID:24861948) present in PubSEED	Initial strain selection	0.0	0.0	Yes		Host-associated	Human	Unclassified	Unclassified	Gram-	Facultative anaerobe	0.0	Motile		0.0	4296944.0	3996.0	2508482.0	58.0	3871.0	96.87	ftp://ftp.ncbi.nlm.nih.gov/genomes/all/GCF/000/264/765/GCF_000264765.2_ASM26476v2	s__Edwardsiella_anguillarum.json	667120.0	d__Bacteria	p__Pseudomonadota	c__Gammaproteobacteria	o__Enterobacterales	f__Enterobacteriaceae	g__Edwardsiella	s__Edwardsiella anguillarum		Edwardsiella tarda 080813 (667120.5)	667120.5		s__Edwardsiella_anguillarum	species
	Human							0.0	0.0	Yes		Host-associated		Unclassified	Unclassified	Gram-	Facultative anaerobe	0.0			0.0				60.0				s__Edwardsiella_piscicida.json		d__Bacteria	p__Pseudomonadota	c__Gammaproteobacteria	o__Enterobacterales	f__Enterobacteriaceae	g__Edwardsiella	s__Edwardsiella piscicida				0.0	s__Edwardsiella_piscicida	species
	Human							0.0	0.0	Yes						Gram-	Facultative anaerobe	0.0							57.0				s__Edwardsiella_tarda.json		d__Bacteria	p__Pseudomonadota	c__Gammaproteobacteria	o__Enterobacterales	f__Enterobacteriaceae	g__Edwardsiella	s__Edwardsiella tarda					s__Edwardsiella_tarda	species
	Human							0.0	0.0	Yes	0.0					Gram+	Anaerobe	0.0							64.0				s__Eggerthella_lenta.json		d__Bacteria	p__Actinomycetota	c__Coriobacteriia	o__Coriobacteriales	f__Eggerthellaceae	g__Eggerthella	s__Eggerthella lenta				0.0	s__Eggerthella_lenta	species
0.0	Human	242230.0	GCF_003339815.1	GCF_003339815.1		https://www.biorxiv.org/content/10.1101/691030v1	Literature research	0.0	0.0							Gram+	Anaerobe	0.0	0	0.0	0.0							ftp://ftp.ncbi.nlm.nih.gov/genomes/all/GCF/003/339/815/GCF_003339815.1_ASM333981v1	s__Eggerthella_sinensis.json	242230.0	d__Bacteria	p__Actinomycetota	c__Coriobacteriia	o__Coriobacteriales	f__Eggerthellaceae	g__Eggerthella	s__Eggerthella sinensis	0.0			0.0	s__Eggerthella_sinensis	species
2.0	Human	999415.0		GCF_000422605.1	2537561938.0	PMID:20203603; PMID:24861948	AGORA 1.03	0.0	0.0	Yes	0.0	Host-associated	Human	Oral	Digestive system	Gram+	Anaerobe	0.0	Nonmotile		0.0	1935589.0	1952.0	634369.0	33.0	1884.0	96.52	ftp://ftp.ncbi.nlm.nih.gov/genomes/all/GCF/000/422/605/GCF_000422605.1_ASM42260v1	s__Eggerthia_catenaformis.json	999415.0	d__Bacteria	p__Bacillota_I	c__Bacilli_A	o__Erysipelotrichales	f__Coprobacillaceae	g__Eggerthia	s__Eggerthia catenaformis		Eggerthia catenaformis OT 569 = DSM 20559 (999415.3)	999415.3		s__Eggerthia_catenaformis	species
2.0	Human	546274.0		GCF_000158615.1	643886208.0	PMID:20203603; PMID:24861948	AGORA 1.03	0.0	0.0	Yes		Host-associated	Animal	Unclassified	Respiratory system	Gram-	Microaerophile	0.0	Motile		0.0	2135355.0	2675.0	1191844.0	56.0	2627.0	98.21	ftp://ftp.ncbi.nlm.nih.gov/genomes/all/GCF/000/158/615/GCF_000158615.1_ASM15861v1	s__Eikenella_corrodens.json	546274.0	d__Bacteria	p__Pseudomonadota	c__Gammaproteobacteria	o__Burkholderiales	f__Neisseriaceae	g__Eikenella	s__Eikenella corrodens		Eikenella corrodens ATCC 23834 (546274.4)	546274.4		s__Eikenella_corrodens	species
1.0	Human	1032488.0		GCF_000226875.1	2513237270.0	PMID:31275260	Literature research	0.0	0.0	Yes	0.0	Host-associated	Human	Pulmonary system	Respiratory system	Gram-	Microaerophile	0.0	Nonmotile		0.0	2292945.0	2580.0	1327471.0	58.0	2530.0	98.06	ftp://ftp.ncbi.nlm.nih.gov/genomes/all/GCF/000/226/875/GCF_000226875.1_ASM22687v1	s__Eikenella_shayeganii.json	1032488.0	d__Bacteria	p__Pseudomonadota	c__Gammaproteobacteria	o__Burkholderiales	f__Neisseriaceae	g__Eikenella	s__Eikenella shayeganii		Neisseria shayeganii 871 (1032488.3)	1032488.3		s__Eikenella_shayeganii	species
0.0	Human	1226325.0	GCF_000466465.2	GCF_000466465.2	2600255042.0	PMID:31171880	Literature research	0.0	0.0	Yes	0.0	Host-associated	Human	Large intestine	Digestive system	Gram+	Obligate anaerobe	0.0	0			6627751.0	5718.0	3174397.0	48.0	5654.0	98.88	ftp://ftp.ncbi.nlm.nih.gov/genomes/all/GCF/000/466/465/GCF_000466465.2_ASM46646v2	s__Eisenbergiella_porci.json	1226325.0	d__Bacteria	p__Bacillota	c__Clostridia	o__Lachnospirales	f__Lachnospiraceae	g__Eisenbergiella	s__Eisenbergiella porci				0.0	s__Eisenbergiella_porci	species
								0.0	0.0							Gram+	Anaerobe	0.0	0	0.0	0.0								s__Eisenbergiella_tayi.json		d__Bacteria	p__Bacillota	c__Clostridia	o__Lachnospirales	f__Lachnospiraceae	g__Eisenbergiella	s__Eisenbergiella tayi	0.0			0.0	s__Eisenbergiella_tayi	species
1.0	Human	445932.0		GCF_000020145.1	642555127.0	https://www.biorxiv.org/content/10.1101/691030v1	Literature research	0.0	0.0	Yes	0.0	Host-associated	Insecta	Unclassified	Digestive system	Gram-	Anaerobe		0			1643562.0	1596.0	656638.0	40.0	1548.0	96.99	ftp://ftp.ncbi.nlm.nih.gov/genomes/all/GCF/000/020/145/GCF_000020145.1_ASM2014v1	s__Elusimicrobium_minutum.json	445932.0	d__Bacteria	p__Elusimicrobiota	c__Elusimicrobia	o__Elusimicrobiales	f__Elusimicrobiaceae	g__Elusimicrobium	s__Elusimicrobium minutum		Elusimicrobium minutum Pei191 (445932.6)	445932.6	0.0	s__Elusimicrobium_minutum	species
0.0	Human							0.0	0.0							Gram+	Obligate anaerobe	0.0	0	0.0	0.0								s__Enorma_massiliensis.json		d__Bacteria	p__Actinomycetota	c__Coriobacteriia	o__Coriobacteriales	f__Coriobacteriaceae	g__Enorma	s__Enorma massiliensis	0.0			0.0	s__Enorma_massiliensis	species
0.0	Human		NZ_NFIE01000001			PMID:25567229	Literature research	0.0	0.0	Yes	0.0	Host-associated			Digestive system	Gram+		0.0		0.0	0.0				66.0				s__Enorma_sp000333815.json		d__Bacteria	p__Actinomycetota	c__Coriobacteriia	o__Coriobacteriales	f__Coriobacteriaceae	g__Enorma	s__Enorma sp000333815	0.0				s__Enorma_sp000333815	species
0.0	Human	1421338.0	NZ_CP007546	GCF_000632395.1	2576861468.0	PMID:31275260	Literature research	0.0	0.0	Yes	0.0	0	0	0	0	Gram-	Facultative anaerobe	0.0	0	0.0	0.0	4561905.0	4253.0	2557500.0	56.0	4143.0	97.41	ftp://ftp.ncbi.nlm.nih.gov/genomes/all/GCF/000/632/395/GCF_000632395.1_ASM63239v1	s__Enterobacter_asburiae.json	1421338.0	d__Bacteria	p__Pseudomonadota	c__Gammaproteobacteria	o__Enterobacterales	f__Enterobacteriaceae	g__Enterobacter	s__Enterobacter asburiae	0.0			0.0	s__Enterobacter_asburiae	species
2.0	Human	500639.0		GCF_000155995.1	2562617148.0	PMID:20203603; PMID:24861948	AGORA 1.03	0.0	0.0	Yes		Host-associated	Human	Large intestine	Digestive system	Gram-	Facultative anaerobe	0.0	Motile		0.0	4633453.0	4748.0	2588916.0	56.0	4618.0	97.26	ftp://ftp.ncbi.nlm.nih.gov/genomes/all/GCF/000/155/995/GCF_000155995.1_ASM15599v1	s__Enterobacter_cancerogenus.json	500639.0	d__Bacteria	p__Pseudomonadota	c__Gammaproteobacteria	o__Enterobacterales	f__Enterobacteriaceae	g__Enterobacter	s__Enterobacter cancerogenus		Enterobacter cancerogenus ATCC 35316 (500639.8)	500639.8		s__Enterobacter_cancerogenus	species
2.0	Human	716541.0	GCF_000315775.1	GCF_000025565.1	646564529.0	Strains of species found in the human gut (PMID:24861948) present in PubSEED	Initial strain selection	0.0	0.0	Yes		Host-associated	Human	Cerebrospinal fluid	Nervous system	Gram-	Facultative anaerobe	0.0	Motile	0.0	0.0	5598796.0	5627.0	3056042.0	55.0	5518.0	98.06	ftp://ftp.ncbi.nlm.nih.gov/genomes/all/GCF/000/025/565/GCF_000025565.1_ASM2556v1	s__Enterobacter_cloacae.json	716541.0	d__Bacteria	p__Pseudomonadota	c__Gammaproteobacteria	o__Enterobacterales	f__Enterobacteriaceae	g__Enterobacter	s__Enterobacter cloacae		Enterobacter cloacae subsp. cloacae ATCC 13047 (716541.4)	716541.4		s__Enterobacter_cloacae	species
2.0	Human	1104326.0		GCF_000235765.1	2519103114.0	Strains of species found in the human gut (PMID:24861948) present in PubSEED	Initial strain selection	0.0	0.0	Yes	0.0	Environmental	Terrestrial	Unclassified	Soil	Gram-	Facultative anaerobe	0.0	0	0.0	0.0	4968248.0	4646.0	2735346.0	55.0	4542.0	97.76	ftp://ftp.ncbi.nlm.nih.gov/genomes/all/GCF/000/235/765/GCF_000235765.1_ASM23576v3	s__Enterobacter_dissolvens.json	1104326.0	d__Bacteria	p__Pseudomonadota	c__Gammaproteobacteria	o__Enterobacterales	f__Enterobacteriaceae	g__Enterobacter	s__Enterobacter dissolvens		Enterobacter cloacae subsp. dissolvens SDM (1104326.3)	1104326.3	0.0	s__Enterobacter_dissolvens	species
	Human							0.0	0.0	Yes	0.0	Host-associated				Gram-	Facultative anaerobe	0.0		0.0	0.0								s__Enterobacter_flexneri_A.json		d__Bacteria	p__Pseudomonadota	c__Gammaproteobacteria	o__Enterobacterales	f__Enterobacteriaceae	g__Enterobacter	s__Enterobacter flexneri_A	0.0			0.0	s__Enterobacter_flexneri_A	species
2.0	Human	888063.0		GCF_001875655.1	651324029.0	Strains of species found in the human gut (PMID:24861948) present in PubSEED	Initial strain selection	0.0	0.0	Yes	0.0	Host-associated	Animal	Unclassified	Respiratory system	Gram-	Facultative anaerobe	0.0	0		0.0	4806970.0	4779.0	2655445.0	55.0	4671.0	97.74	ftp://ftp.ncbi.nlm.nih.gov/genomes/all/GCF/001/875/655/GCF_001875655.1_ASM187565v1	s__Enterobacter_hormaechei.json	888063.0	d__Bacteria	p__Pseudomonadota	c__Gammaproteobacteria	o__Enterobacterales	f__Enterobacteriaceae	g__Enterobacter	s__Enterobacter hormaechei		Enterobacter hormaechei ATCC 49162 (888063.3)	888063.3	0.0	s__Enterobacter_hormaechei	species
2.0	Human							0.0	0.0	Yes	0.0					Gram-	Facultative anaerobe	0.0		0.0	0.0				56.0				s__Enterobacter_hormaechei_C.json		d__Bacteria	p__Pseudomonadota	c__Gammaproteobacteria	o__Enterobacterales	f__Enterobacteriaceae	g__Enterobacter	s__Enterobacter hormaechei_C					s__Enterobacter_hormaechei_C	species
0.0	Human	1329817.0	GCF_000474805.1	GCF_000474805.1	2568526694.0	PMID:31171880	Literature research	0.0	0.0	Yes	0.0	0	0	0	0	Gram-	Facultative anaerobe	0.0	0	0.0	0.0	5229444.0	5107.0	2894178.0	55.0	5011.0	98.12	ftp://ftp.ncbi.nlm.nih.gov/genomes/all/GCF/000/474/805/GCF_000474805.1_Ente_cloa_complex_MGH_8_V1_PacBio	s__Enterobacter_intestinihominis.json	1329817.0	d__Bacteria	p__Pseudomonadota	c__Gammaproteobacteria	o__Enterobacterales	f__Enterobacteriaceae	g__Enterobacter	s__Enterobacter intestinihominis	0.0			0.0	s__Enterobacter_intestinihominis	species
1.0	Human	980518.0		GCF_000211415.1	2547132296.0	PMID:31171880	Literature research	0.0	0.0	Yes	0.0	Host-associated	Plants	Unclassified	Unclassified	Gram-	Facultative anaerobe	0.0	0	0.0	0.0	4953765.0	4799.0	2739321.0	55.0	4643.0	96.75	ftp://ftp.ncbi.nlm.nih.gov/genomes/all/GCF/000/211/415/GCF_000211415.1_ASM21141v1	s__Enterobacter_mori.json	980518.0	d__Bacteria	p__Pseudomonadota	c__Gammaproteobacteria	o__Enterobacterales	f__Enterobacteriaceae	g__Enterobacter	s__Enterobacter mori		Enterobacter mori LMG 25706 (980518.3)	980518.3	0.0	s__Enterobacter_mori	species
0.0	Human	1755099.0	GCF_900021175.1	GCF_900021175.1		PMID:30745586	Literature research									Gram-												ftp.ncbi.nlm.nih.gov/genomes/all/GCF/900/021/175/GCF_900021175.1_Enterobacter_timonensis	s__Enterobacter_timonensis.json	1755099.0	d__Bacteria	p__Pseudomonadota	c__Gammaproteobacteria	o__Enterobacterales	f__Enterobacteriaceae	g__Enterobacter	s__Enterobacter timonensis					s__Enterobacter_timonensis	species
	Human							0.0	0.0	Yes	0.0					Gram-	Facultative	0.0	Motile	0.0	0.0				57.0				s__Enterobacter_B_lignolyticus.json		d__Bacteria	p__Pseudomonadota	c__Gammaproteobacteria	o__Enterobacterales	f__Enterobacteriaceae	g__Enterobacter_B	s__Enterobacter_B lignolyticus	0.0				s__Enterobacter_B_lignolyticus	species
2.0	Human	518636.0		GCF_000158075.1	643886112.0	PMID:20203603; PMID:24861948	AGORA 1.03	0.0	0.0	Yes	0.0	Host-associated	Human	Large intestine	Digestive system	Gram+	Obligate anaerobe	0.0	Motile		0.0	6224391.0	6878.0	3461009.0	56.0	6818.0	99.13	ftp://ftp.ncbi.nlm.nih.gov/genomes/all/GCF/000/158/075/GCF_000158075.1_ASM15807v1	s__Enterocloster_asparagiformis.json	518636.0	d__Bacteria	p__Bacillota	c__Clostridia	o__Lachnospirales	f__Lachnospiraceae	g__Enterocloster	s__Enterocloster asparagiformis		Clostridium asparagiforme DSM 15981 (518636.5)	518636.5		s__Enterocloster_asparagiformis	species
	Human							0.0	0.0	Yes	0.0	Host-associated	Human			Gram+	Obligate anaerobe	0.0		0.0	0.0								s__Enterocloster_bolteae.json		d__Bacteria	p__Bacillota	c__Clostridia	o__Lachnospirales	f__Lachnospiraceae	g__Enterocloster	s__Enterocloster bolteae					s__Enterocloster_bolteae	species
2.0	Human	742733.0		GCF_000233455.1	2513237360.0	PMID:20203603; PMID:24861948	AGORA 1.03	0.0	0.0	Yes	0.0	Host-associated	Human	Large intestine	Digestive system	Gram+	Obligate anaerobe		Motile		0.0	6624812.0	6154.0	3240998.0	49.0	6079.0	98.78	ftp://ftp.ncbi.nlm.nih.gov/genomes/all/GCF/000/233/455/GCF_000233455.1_Clos_citr_WAL_17108_V1	s__Enterocloster_citroniae.json	742733.0	d__Bacteria	p__Bacillota	c__Clostridia	o__Lachnospirales	f__Lachnospiraceae	g__Enterocloster	s__Enterocloster citroniae		Clostridium citroniae WAL-17108 (742733.3)	742733.3		s__Enterocloster_citroniae	species
	Human							0.0	0.0	Yes	0.0	Host-associated				Gram+					0.0								s__Enterocloster_clostridioformis.json		d__Bacteria	p__Bacillota	c__Clostridia	o__Lachnospirales	f__Lachnospiraceae	g__Enterocloster	s__Enterocloster clostridioformis					s__Enterocloster_clostridioformis	species
2.0	Human	457421.0		GCF_000155435.1	643886007.0	PMID:20203603; PMID:24861948	AGORA 1.03	0.0	0.0	Yes	0.0	Host-associated	Human	Large intestine	Digestive system	Gram+	0	0.0	0		0.0	6514450.0	6241.0	3265849.0	50.0	6175.0	98.94	ftp://ftp.ncbi.nlm.nih.gov/genomes/all/GCF/000/155/435/GCF_000155435.1_ASM15543v1	s__Enterocloster_hominis.json	457421.0	d__Bacteria	p__Bacillota	c__Clostridia	o__Lachnospirales	f__Lachnospiraceae	g__Enterocloster	s__Enterocloster hominis		Clostridiales bacterium 1_7_47FAA (457421.5)	457421.5	0.0	s__Enterocloster_hominis	species
0.0	Mouse	460384.0		GCF_003024655.1	2623620521.0	Personal communication, Dr. Jan Krumsiek	Personal communication	0.0	0.0	Yes	0.0	0	0	0	0	Gram+	Anaerobe	0.0	Motile	0.0	0.0	6400899.0	5790.0	3541281.0	55.0	5670.0	97.93	ftp://ftp.ncbi.nlm.nih.gov/genomes/all/GCF/003/024/655/GCF_003024655.1_ASM302465v1	s__Enterocloster_lavalensis.json	460384.0	d__Bacteria	p__Bacillota	c__Clostridia	o__Lachnospirales	f__Lachnospiraceae	g__Enterocloster	s__Enterocloster lavalensis	0.0				s__Enterocloster_lavalensis	species
0.0	Human	1720194.0	GCF_001517625.2	GCF_001517625.2		PMID:30745586	Literature research									Gram+												ftp://ftp.ncbi.nlm.nih.gov/genomes/all/GCF/001/517/625/GCF_001517625.2_Clostridium_bouchedurhonense	s__Enterocloster_sp001517625.json	1720194.0	d__Bacteria	p__Bacillota	c__Clostridia	o__Lachnospirales	f__Lachnospiraceae	g__Enterocloster	s__Enterocloster sp001517625					s__Enterocloster_sp001517625	species
	Human							0.0	0.0	Yes						Gram+	Facultative anaerobe	0.0		0.0	0.0								s__Enterococcus_faecalis.json		d__Bacteria	p__Bacillota	c__Bacilli	o__Lactobacillales	f__Enterococcaceae	g__Enterococcus	s__Enterococcus faecalis				0.0	s__Enterococcus_faecalis	species
2.0	Human	1140002.0		GCF_000406965.1	2545824652.0	PMID:20203603; PMID:24861948	AGORA 1.03	0.0	0.0	Yes	0.0	Host-associated	Human	Large intestine	Digestive system	Gram+	Facultative anaerobe	0.0	0	0.0	0.0	4613601.0	4565.0	1797854.0	39.0	4512.0	98.84	ftp://ftp.ncbi.nlm.nih.gov/genomes/all/GCF/000/406/965/GCF_000406965.1_Ente_aviu_ATCC14025_V1	s__Enterococcus_A_avium.json	1140002.0	d__Bacteria	p__Bacillota	c__Bacilli	o__Lactobacillales	f__Enterococcaceae	g__Enterococcus_A	s__Enterococcus_A avium	0.0	Enterococcus avium ATCC 14025 (1140002.4)	1140002.4	0.0	s__Enterococcus_A_avium	species
1.0	Human	1158614.0	GCF_000394615.1	GCF_000407545.1	2558860916.0	PMID:31171880	Literature research	0.0	0.0	Yes	0.0	Host-associated	Human	Unclassified	Unclassified	Gram+	Facultative anaerobe	0.0	0	0.0	0.0	4154933.0	4192.0	1720411.0	41.0	4111.0	98.07	ftp://ftp.ncbi.nlm.nih.gov/genomes/all/GCF/000/407/545/GCF_000407545.1_Ente_gilf_BAA-350_PQ1_CCUG_45553_V2	s__Enterococcus_A_gilvus.json	1158614.0	d__Bacteria	p__Bacillota	c__Bacilli	o__Lactobacillales	f__Enterococcaceae	g__Enterococcus_A	s__Enterococcus_A gilvus		Enterococcus gilvus ATCC BAA-350 (1158614.4)	1158614.4	0.0	s__Enterococcus_A_gilvus	species
	Human				2558860914.0	https://www.biorxiv.org/content/10.1101/691030v1	Literature research	0.0	0.0	Yes	0.0	Host-associated	Animal	Unclassified	Digestive system	Gram+	Facultative anaerobe	0.0	0	0.0	0.0	5437682.0	5317.0	2178880.0	40.0	5233.0	98.42		s__Enterococcus_A_pallens.json		d__Bacteria	p__Bacillota	c__Bacilli	o__Lactobacillales	f__Enterococcaceae	g__Enterococcus_A	s__Enterococcus_A pallens		Enterococcus pallens ATCC BAA-351 (1158607.4)	1158607.4	0.0	s__Enterococcus_A_pallens	species
	Human					PMID:31171880	Literature research	0.0	0.0	Yes	0.0	Host-associated		Unclassified		Gram+	Facultative anaerobe	0.0	0	0.0	0.0				39.0				s__Enterococcus_A_raffinosus.json		d__Bacteria	p__Bacillota	c__Bacilli	o__Lactobacillales	f__Enterococcaceae	g__Enterococcus_A	s__Enterococcus_A raffinosus		Enterococcus raffinosus ATCC 49464 (1158602.4)	1158602.4	0.0	s__Enterococcus_A_raffinosus	species
	Human							0.0	0.0	Yes	0.0					Gram+	Facultative anaerobe	0.0	0	0.0	0.0				38.0				s__Enterococcus_B_durans.json		d__Bacteria	p__Bacillota	c__Bacilli	o__Lactobacillales	f__Enterococcaceae	g__Enterococcus_B	s__Enterococcus_B durans				0.0	s__Enterococcus_B_durans	species
	Human							0.0	0.0	Yes	0.0					Gram+	Facultative anaerobe	0.0							38.0				s__Enterococcus_B_faecium.json		d__Bacteria	p__Bacillota	c__Bacilli	o__Lactobacillales	f__Enterococcaceae	g__Enterococcus_B	s__Enterococcus_B faecium				0.0	s__Enterococcus_B_faecium	species
2.0	Human		GCF_000157535.1					0.0	0.0	Yes	0.0					Gram+	Facultative anaerobe	0.0		0.0	0.0				37.0				s__Enterococcus_B_hirae.json		d__Bacteria	p__Bacillota	c__Bacilli	o__Lactobacillales	f__Enterococcaceae	g__Enterococcus_B	s__Enterococcus_B hirae	0.0			0.0	s__Enterococcus_B_hirae	species
2.0	Human							0.0	0.0	Yes	0.0					Gram+	Facultative anaerobe	0.0			0.0				38.0				s__Enterococcus_B_lactis.json		d__Bacteria	p__Bacillota	c__Bacilli	o__Lactobacillales	f__Enterococcaceae	g__Enterococcus_B	s__Enterococcus_B lactis	0.0			0.0	s__Enterococcus_B_lactis	species
0.0	Human					PMID:31477907	Literature research	0.0	0.0	Yes	0.0					Gram+	Facultative anaerobe	0.0	0	0.0	0.0				38.0				s__Enterococcus_B_pernyi.json		d__Bacteria	p__Bacillota	c__Bacilli	o__Lactobacillales	f__Enterococcaceae	g__Enterococcus_B	s__Enterococcus_B pernyi	0.0			0.0	s__Enterococcus_B_pernyi	species
0.0	Human	1450511.0		GCF_000611895.1	2609459998.0	PMID:31477907	Literature research	0.0	0.0	Yes	0.0	0	0	0	0	Gram+	Facultative anaerobe	0.0	0	0.0	0.0	2866323.0	2821.0	1097463.0	38.0	2734.0	96.92	ftp://ftp.ncbi.nlm.nih.gov/genomes/all/GCF/000/611/895/GCF_000611895.1_E.mundtiiCRL35_1.0	s__Enterococcus_B_spodopteracolus.json	1450511.0	d__Bacteria	p__Bacillota	c__Bacilli	o__Lactobacillales	f__Enterococcaceae	g__Enterococcus_B	s__Enterococcus_B spodopteracolus	0.0			0.0	s__Enterococcus_B_spodopteracolus	species
2.0	Human	1158606.0		GCF_000407365.1	2545824658.0	PMID:20203603; PMID:24861948	AGORA 1.03	0.0	0.0	Yes	0.0	Host-associated	Mammals	Unclassified	Unclassified	Gram+	Facultative anaerobe	0.0	0		0.0	2572706.0	2512.0	1150424.0	45.0	2430.0	96.74	ftp://ftp.ncbi.nlm.nih.gov/genomes/all/GCF/000/407/365/GCF_000407365.1_Ente_asin_ATCC700915_V2	s__Enterococcus_C_asini.json	1158606.0	d__Bacteria	p__Bacillota	c__Bacilli	o__Lactobacillales	f__Enterococcaceae	g__Enterococcus_C	s__Enterococcus_C asini	0.0	Enterococcus asini ATCC 700915 (1158606.4)	1158606.4	0.0	s__Enterococcus_C_asini	species
2.0	Human	1139219.0		GCF_000407585.1	2541047447.0	PMID:20203603; PMID:24861948	AGORA 1.03	0.0	0.0	Yes	0.0	Host-associated	Human	Unclassified	Unclassified	Gram+	Facultative anaerobe	0.0	0	0.0	0.0	2804237.0	2716.0	1042372.0	37.0	2636.0	97.05	ftp://ftp.ncbi.nlm.nih.gov/genomes/all/GCF/000/407/585/GCF_000407585.1_Ente_disp_ATCC51266_V2	s__Enterococcus_C_dispar.json	1139219.0	d__Bacteria	p__Bacillota	c__Bacilli	o__Lactobacillales	f__Enterococcaceae	g__Enterococcus_C	s__Enterococcus_C dispar		Enterococcus dispar ATCC 51266 (1139219.4)	1139219.4	0.0	s__Enterococcus_C_dispar	species
0.0	Human	1640685.0	GCF_001050095.1	GCF_001050095.1		PMID:30745586	Literature research									Gram+												ftp.ncbi.nlm.nih.gov/genomes/all/GCF/001/050/095/GCF_001050095.1_Enterococcus_massiliensis	s__Enterococcus_C_songbeiensis.json	1640685.0	d__Bacteria	p__Bacillota	c__Bacilli	o__Lactobacillales	f__Enterococcaceae	g__Enterococcus_C	s__Enterococcus_C songbeiensis					s__Enterococcus_C_songbeiensis	species
	Human							0.0	0.0	Yes		Host-associated	Unclassified	Unclassified	Unclassified	Gram+	Facultative anaerobe	0.0		0.0	0.0				43.0				s__Enterococcus_D_casseliflavus.json		d__Bacteria	p__Bacillota	c__Bacilli	o__Lactobacillales	f__Enterococcaceae	g__Enterococcus_D	s__Enterococcus_D casseliflavus					s__Enterococcus_D_casseliflavus	species
	Human							0.0	0.0	Yes						Gram+	Facultative anaerobe	0.0		0.0	0.0				42.0				s__Enterococcus_D_entomosocium.json		d__Bacteria	p__Bacillota	c__Bacilli	o__Lactobacillales	f__Enterococcaceae	g__Enterococcus_D	s__Enterococcus_D entomosocium					s__Enterococcus_D_entomosocium	species
2.0	Human							0.0	0.0	Yes		Host-associated		Unclassified	Unclassified	Gram+	Facultative anaerobe	0.0		0.0	0.0				41.0				s__Enterococcus_D_gallinarum.json		d__Bacteria	p__Bacillota	c__Bacilli	o__Lactobacillales	f__Enterococcaceae	g__Enterococcus_D	s__Enterococcus_D gallinarum					s__Enterococcus_D_gallinarum	species
2.0	Human	1121864.0	GCF_000273565.1	GCF_001885885.1	2515154031.0	PMID:20203603; PMID:24861948	AGORA 1.03	0.0	0.0	Yes	0.0	Host-associated	Birds	Unclassified	Digestive system	Gram+	Facultative anaerobe	0.0	Nonmotile	0.0	0.0	2342719.0	2445.0	850626.0	36.0	2363.0	96.65	ftp://ftp.ncbi.nlm.nih.gov/genomes/all/GCF/001/885/885/GCF_001885885.1_ASM188588v1	s__Enterococcus_E_cecorum.json	1121864.0	d__Bacteria	p__Bacillota	c__Bacilli	o__Lactobacillales	f__Enterococcaceae	g__Enterococcus_E	s__Enterococcus_E cecorum		Enterococcus cecorum DSM 20682 = ATCC 43198 (1121864.4)	1121864.4		s__Enterococcus_E_cecorum	species
2.0	Human	1139996.0	GCF_000234175.1	GCF_000407005.1	2545824663.0	Strains of species found in the human gut (PMID:24861948) present in PubSEED	Initial strain selection	0.0	0.0	Yes	0.0	Host-associated	Plants	Unclassified	Unclassified	Gram+	Facultative anaerobe	0.0	0	0.0	0.0	2591178.0	2625.0	955777.0	37.0	2582.0	98.36	ftp://ftp.ncbi.nlm.nih.gov/genomes/all/GCF/000/407/005/GCF_000407005.1_Ente_sacc_ATCC43076_V1	s__Enterococcus_F_saccharolyticus.json	1139996.0	d__Bacteria	p__Bacillota	c__Bacilli	o__Lactobacillales	f__Enterococcaceae	g__Enterococcus_F	s__Enterococcus_F saccharolyticus	0.0	Enterococcus saccharolyticus ATCC 43076 (1139996.4)	1139996.4	0.0	s__Enterococcus_F_saccharolyticus	species
2.0	Human	1158610.0		GCF_000407505.1	2558860915.0	PMID:20203603; PMID:24861948	AGORA 1.03	0.0	0.0	Yes	0.0	Host-associated	Birds	Unclassified	Unclassified	Gram+	Facultative anaerobe	0.0	0	0.0	0.0	3921813.0	3587.0	1428916.0	36.0	3521.0	98.16	ftp://ftp.ncbi.nlm.nih.gov/genomes/all/GCF/000/407/505/GCF_000407505.1_Ente_phoe_BAA-412_V2	s__Enterococcus_K_phoeniculicola.json	1158610.0	d__Bacteria	p__Bacillota	c__Bacilli	o__Lactobacillales	f__Enterococcaceae	g__Enterococcus_K	s__Enterococcus_K phoeniculicola	0.0	Enterococcus phoeniculicola ATCC BAA-412 (1158610.4)	1158610.4	0.0	s__Enterococcus_K_phoeniculicola	species
2.0	Human	1158612.0		GCF_000407145.1	2558860917.0	PMID:20203603; PMID:24861948	AGORA 1.03	0.0	0.0	Yes	0.0	Host-associated	Human	Large intestine	Digestive system	Gram+	Facultative anaerobe	0.0	0	0.0	0.0	3544970.0	3311.0	1269089.0	36.0	3246.0	98.04	ftp://ftp.ncbi.nlm.nih.gov/genomes/all/GCF/000/407/145/GCF_000407145.1_Ente_cocc_BAA-1240_V2	s__Enterococcus_L_caccae.json	1158612.0	d__Bacteria	p__Bacillota	c__Bacilli	o__Lactobacillales	f__Enterococcaceae	g__Enterococcus_L	s__Enterococcus_L caccae		Enterococcus caccae ATCC BAA-1240 (1158612.4)	1158612.4	0.0	s__Enterococcus_L_caccae	species
2.0	Human	502558.0		GCF_000270285.1	650716034.0	PMID:20203603; PMID:24861948	AGORA 1.03	0.0	0.0	Yes	0.0	Host-associated	Human	Unclassified	Digestive system	Gram+	Anaerobe	0.0	0			3123671.0	2730.0	1755518.0	56.0	2680.0	98.17	ftp://ftp.ncbi.nlm.nih.gov/genomes/all/GCF/000/270/285/GCF_000270285.1_ASM27028v1	s__Enteroscipio_sp000270285.json	502558.0	d__Bacteria	p__Actinomycetota	c__Coriobacteriia	o__Coriobacteriales	f__Eggerthellaceae	g__Enteroscipio	s__Enteroscipio sp000270285		Eggerthella sp. YY7918 (502558.4)	502558.4	0.0	s__Enteroscipio_sp000270285	species
2.0	Human	675812.0		GCF_000176515.1	647000258.0	PMID:20203603; PMID:24861948	AGORA 1.03	0.0	0.0	Yes	0.0	Host-associated	Human	Large intestine	Digestive system	Gram-	Facultative	0.0	Motile		0.0	4002786.0	3694.0	1980305.0	49.0	3567.0	96.56	ftp://ftp.ncbi.nlm.nih.gov/genomes/all/GCF/000/176/515/GCF_000176515.1_ASM17651v1	s__Enterovibrio_hollisae.json	675812.0	d__Bacteria	p__Pseudomonadota	c__Gammaproteobacteria	o__Enterobacterales	f__Vibrionaceae	g__Enterovibrio	s__Enterovibrio hollisae		Grimontia hollisae CIP 101886 (675812.3)	675812.3		s__Enterovibrio_hollisae	species
1.0	Human	908337.0		GCF_000183205.1	649989944.0	PMID:31275260	Literature research	0.0	0.0	Yes	0.0	Host-associated	Human	Vagina	Reproductive system	Gram+	Facultative anaerobe	0.0	0			1773745.0	1773.0	691122.0	39.0	1720.0	97.01	ftp://ftp.ncbi.nlm.nih.gov/genomes/all/GCF/000/183/205/GCF_000183205.1_ASM18320v1	s__Eremococcus_coleocola.json	908337.0	d__Bacteria	p__Bacillota	c__Bacilli	o__Lactobacillales	f__Aerococcaceae	g__Eremococcus	s__Eremococcus coleocola		Eremococcus coleocola ACS-139-V-Col8 (908337.3)	908337.3	0.0	s__Eremococcus_coleocola	species
0.0	Human	69224.0	GCF_003846135.1	GCF_003846135.1		https://www.biorxiv.org/content/10.1101/691030v1	Literature research	0.0	0.0							Gram-	0	0.0	0	0.0	0.0							ftp://ftp.ncbi.nlm.nih.gov/genomes/all/GCF/003/846/135/GCF_003846135.1_ASM384613v1	s__Erwinia_psidii.json	69224.0	d__Bacteria	p__Pseudomonadota	c__Gammaproteobacteria	o__Enterobacterales	f__Enterobacteriaceae	g__Erwinia	s__Erwinia psidii	0.0			0.0	s__Erwinia_psidii	species
0.0	Human	55212.0	GCF_004364855.1	GCF_004364855.1	2784746747.0	https://www.biorxiv.org/content/10.1101/691030v1	Literature research	0.0	0.0	Yes	0.0	Host-associated	Invertebrates	Unclassified	Nematoda	Gram-	0	0.0	0	0.0	0.0	5287686.0	5017.0	2860191.0	54.0	4874.0	97.15	ftp://ftp.ncbi.nlm.nih.gov/genomes/all/GCF/004/364/855/GCF_004364855.1_ASM436485v1	s__Erwinia_rhapontici.json	55212.0	d__Bacteria	p__Pseudomonadota	c__Gammaproteobacteria	o__Enterobacterales	f__Enterobacteriaceae	g__Erwinia	s__Erwinia rhapontici	0.0			0.0	s__Erwinia_rhapontici	species
	Mouse					Personal communication, Dr. Jan Krumsiek	Personal communication	0.0	0.0	Yes	0.0	Host-associated		Unclassified	Unclassified	Gram+	Facultative	0.0			0.0								s__Erysipelothrix_rhusiopathiae.json		d__Bacteria	p__Bacillota_I	c__Bacilli_A	o__Erysipelotrichales	f__Erysipelotrichaceae	g__Erysipelothrix	s__Erysipelothrix rhusiopathiae		Erysipelothrix rhusiopathiae ATCC 19414 (525280.3)	525280.3		s__Erysipelothrix_rhusiopathiae	species
	Human		GCF_001549955.1					0.0	0.0	Yes	0.0					Gram-	Facultative anaerobe	0.0		0.0	0.0				50.0				s__Escherichia_albertii.json		d__Bacteria	p__Pseudomonadota	c__Gammaproteobacteria	o__Enterobacterales	f__Enterobacteriaceae	g__Escherichia	s__Escherichia albertii	0.0			0.0	s__Escherichia_albertii	species
	Human							0.0	0.0	Yes	0.0					Gram-	Facultative anaerobe	0.0		0.0	0.0								s__Escherichia_coli.json		d__Bacteria	p__Pseudomonadota	c__Gammaproteobacteria	o__Enterobacterales	f__Enterobacteriaceae	g__Escherichia	s__Escherichia coli	0.0			0.0	s__Escherichia_coli	species
2.0	Human					Strains of species found in the human gut (PMID:24861948) present in PubSEED	Initial strain selection	0.0	0.0	Yes	0.0					Gram-	Facultative anaerobe	0.0	Motile	0.0	0.0				50.0				s__Escherichia_coli_F.json		d__Bacteria	p__Pseudomonadota	c__Gammaproteobacteria	o__Enterobacterales	f__Enterobacteriaceae	g__Escherichia	s__Escherichia coli_F					s__Escherichia_coli_F	species
2.0	Human							0.0	0.0	Yes	0.0	Host-associated				Gram-	Facultative anaerobe	0.0	Motile	0.0	0.0				50.0				s__Escherichia_fergusonii.json		d__Bacteria	p__Pseudomonadota	c__Gammaproteobacteria	o__Enterobacterales	f__Enterobacteriaceae	g__Escherichia	s__Escherichia fergusonii					s__Escherichia_fergusonii	species
	Human							0.0	0.0	Yes	0.0					Gram-	Facultative anaerobe	0.0		0.0	0.0				50.0				s__Escherichia_marmotae.json		d__Bacteria	p__Pseudomonadota	c__Gammaproteobacteria	o__Enterobacterales	f__Enterobacteriaceae	g__Escherichia	s__Escherichia marmotae	0.0			0.0	s__Escherichia_marmotae	species
2.0	Human					Strains of species found in the human gut (PMID:24861948) present in PubSEED	Initial strain selection	0.0	0.0	Yes	0.0					Gram-	Facultative anaerobe	0.0		0.0	0.0				51.0				s__Escherichia_ruysiae.json		d__Bacteria	p__Pseudomonadota	c__Gammaproteobacteria	o__Enterobacterales	f__Enterobacteriaceae	g__Escherichia	s__Escherichia ruysiae					s__Escherichia_ruysiae	species
2.0	Human	511680.0		GCF_000156015.1	645951834.0	PMID:20203603; PMID:24861948	AGORA 1.03	0.0	0.0	Yes	0.0	Host-associated	Human	Large intestine	Digestive system	Gram+	Anaerobe	0.0	Motile		0.0	2482791.0	2546.0	937167.0	38.0	2495.0	98.0	ftp://ftp.ncbi.nlm.nih.gov/genomes/all/GCF/000/156/015/GCF_000156015.1_ASM15601v1	s__Eshraghiella_crossota.json	511680.0	d__Bacteria	p__Bacillota	c__Clostridia	o__Lachnospirales	f__Lachnospiraceae	g__Eshraghiella	s__Eshraghiella crossota		Butyrivibrio crossotus DSM 2876 (511680.4)	511680.4		s__Eshraghiella_crossota	species
1.0	Mouse	663278.0		GCF_000178115.2	649633043.0	Personal communication, Dr. Jan Krumsiek	Personal communication	0.0	0.0	Yes	0.0	Engineered	Wastewater	Unclassified	Activated Sludge	Gram+	Obligate anaerobe	0.0	Motile	0.0	0.0	3008576.0	2874.0	1671520.0	56.0	2800.0	97.43	ftp://ftp.ncbi.nlm.nih.gov/genomes/all/GCF/000/178/115/GCF_000178115.2_ASM17811v2	s__Ethanoligenens_harbinense.json	663278.0	d__Bacteria	p__Bacillota	c__Clostridia	o__Oscillospirales	f__Ethanoligenentaceae	g__Ethanoligenens	s__Ethanoligenens harbinense		Ethanoligenens harbinense YUAN-3 (663278.4)	663278.4		s__Ethanoligenens_harbinense	species
1.0	Human	883109.0		GCF_000242675.1	2513237384.0	PMID:31171880	Literature research	0.0	0.0	Yes	0.0	Host-associated	Human	Oral	Digestive system	Gram+	0	0.0	0			1900824.0	1812.0	762295.0	40.0	1765.0	97.41	ftp://ftp.ncbi.nlm.nih.gov/genomes/all/GCF/000/242/675/GCF_000242675.1_Euba_infi_F0142_V1	s__Eubacterium_B_infirmum.json	883109.0	d__Bacteria	p__Bacillota	c__Clostridia	o__Peptostreptococcales	f__Anaerovoracaceae	g__Eubacterium_B	s__Eubacterium_B infirmum		Eubacterium infirmum F0142 (883109.3)	883109.3	0.0	s__Eubacterium_B_infirmum	species
0.0	Human	888727.0		GCF_000526055.1	2558860286.0	PMID:20203603; PMID:24861948	AGORA 1.03	0.0	0.0	Yes	0.0	Host-associated	Human	Oral	Digestive system	Gram+	0	0.0	0		0.0	1728669.0	1634.0	689357.0	40.0	1587.0	97.12	ftp://ftp.ncbi.nlm.nih.gov/genomes/all/GCF/000/526/055/GCF_000526055.1_EsuATCC35585v1.0	s__Eubacterium_B_sulci.json	888727.0	d__Bacteria	p__Bacillota	c__Clostridia	o__Peptostreptococcales	f__Anaerovoracaceae	g__Eubacterium_B	s__Eubacterium_B sulci				0.0	s__Eubacterium_B_sulci	species
0.0	Mouse	1732.0		GCF_900104415.1	2593339221.0	Personal communication, Dr. Jan Krumsiek	Personal communication	0.0	0.0	Yes	0.0	Host-associated	Mammals	Foregut	Digestive system	Gram+	Obligate anaerobe		Nonmotile			2912287.0	2705.0	1159913.0	40.0	2629.0	97.19	ftp://ftp.ncbi.nlm.nih.gov/genomes/all/GCF/900/104/415/GCF_900104415.1_IMG-taxon_2593339221_annotated_assembly	s__Eubacterium_C_oxidoreducens.json	1732.0	d__Bacteria	p__Bacillota	c__Clostridia	o__Lachnospirales	f__Lachnospiraceae	g__Eubacterium_C	s__Eubacterium_C oxidoreducens	0.0				s__Eubacterium_C_oxidoreducens	species
2.0	Human	411463.0		GCF_000153885.1	640963022.0	PMID:20203603; PMID:24861948	AGORA 1.03	0.0	0.0	Yes	0.0	Host-associated	Human	Large intestine	Digestive system	Gram+	Obligate anaerobe	0.0	0		0.0	2869695.0	2892.0	1001955.0	35.0	2802.0	96.89	ftp://ftp.ncbi.nlm.nih.gov/genomes/all/GCF/000/153/885/GCF_000153885.1_ASM15388v1	s__Eubacterium_G_ventriosum.json	411463.0	d__Bacteria	p__Bacillota	c__Clostridia	o__Lachnospirales	f__Lachnospiraceae	g__Eubacterium_G	s__Eubacterium_G ventriosum		Eubacterium ventriosum ATCC 27560 (411463.4)	411463.4		s__Eubacterium_G_ventriosum	species
0.0	Human	1256908.0		GCF_000469345.1	2597490300.0	PMID:20203603; PMID:24861948	AGORA 1.03	0.0	0.0	Yes	0.0	Host-associated	Human	Large intestine	Digestive system	Gram+	Obligate anaerobe	0.0	0		0.0	3436269.0	3218.0	1464755.0	43.0	3142.0	97.64	ftp://ftp.ncbi.nlm.nih.gov/genomes/all/GCF/000/469/345/GCF_000469345.1_ASM46934v1	s__Eubacterium_I_ramulus.json	1256908.0	d__Bacteria	p__Bacillota	c__Clostridia	o__Lachnospirales	f__Lachnospiraceae	g__Eubacterium_I	s__Eubacterium_I ramulus					s__Eubacterium_I_ramulus	species
1.0	Mouse	1235802.0		GCF_000364225.1	2563367173.0	Personal communication, Dr. Jan Krumsiek	Personal communication	0.0	0.0	Yes	0.0	0	0	0	0	Gram+	Obligate anaerobe	0.0	0	0.0	0.0	6104768.0	6290.0	2616801.0	43.0	6217.0	98.84	ftp://ftp.ncbi.nlm.nih.gov/genomes/all/GCF/000/364/225/GCF_000364225.1_Euba_plex_ASF492_V1	s__Eubacterium_J_plexicaudatum.json	1235802.0	d__Bacteria	p__Bacillota	c__Clostridia	o__Lachnospirales	f__Lachnospiraceae	g__Eubacterium_J	s__Eubacterium_J plexicaudatum	0.0	Eubacterium plexicaudatum ASF492 (1235802.3)	1235802.3	0.0	s__Eubacterium_J_plexicaudatum	species
2.0	Human	592031.0		GCF_000161975.1	645058705.0	PMID:20203603; PMID:24861948	AGORA 1.03	0.0	0.0	Yes	0.0	Host-associated	Human	Oral	Digestive system	Gram+	Anaerobe	0.0	0			1084501.0	998.0	439890.0	41.0	954.0	95.59	ftp://ftp.ncbi.nlm.nih.gov/genomes/all/GCF/000/161/975/GCF_000161975.1_ASM16197v1	s__Eubacterium_N_saphenum.json	592031.0	d__Bacteria	p__Bacillota	c__Clostridia	o__Peptostreptococcales	f__Anaerovoracaceae	g__Eubacterium_N	s__Eubacterium_N saphenum		Eubacterium saphenum ATCC 49989 (592031.3)	592031.3		s__Eubacterium_N_saphenum	species
0.0	Human	1121344.0	GCF_000332015.1	GCF_000620945.1	2558309036.0	PMID:20203603; PMID:24861948	AGORA 1.03	0.0	0.0	Yes	0.0	Engineered	Wastewater	Unclassified	Unclassified	Gram+	Anaerobe	0.0	Motile	0.0	0.0	2415478.0	2385.0	1189878.0	49.0	2313.0	96.98	ftp://ftp.ncbi.nlm.nih.gov/genomes/all/GCF/000/620/945/GCF_000620945.1_ASM62094v1	s__Evtepia_viridis.json	1121344.0	d__Bacteria	p__Bacillota	c__Clostridia	o__Oscillospirales	f__Oscillospiraceae	g__Evtepia	s__Evtepia viridis					s__Evtepia_viridis	species
0.0	Human	910964.0	GCF_000735345.1	GCF_000735345.1	2588253786.0	https://www.biorxiv.org/content/10.1101/691030v1	Literature research	0.0	0.0	Yes	0.0	Host-associated	Human	Nasopharyngeal	Respiratory system	Gram-	Facultative anaerobe	0.0	0	0.0	0.0	4867810.0	4460.0	2623508.0	54.0	4398.0	98.61	ftp://ftp.ncbi.nlm.nih.gov/genomes/all/GCF/000/735/345/GCF_000735345.1_GEAM_DRAFTv1	s__Ewingella_americana.json	910964.0	d__Bacteria	p__Pseudomonadota	c__Gammaproteobacteria	o__Enterobacterales	f__Enterobacteriaceae	g__Ewingella	s__Ewingella americana					s__Ewingella_americana	species
0.0	Human	1397694.0		GCF_000702585.1	2562617001.0	PMID:20203603; PMID:24861948	AGORA 1.03	0.0	0.0	Yes	0.0	Host-associated	Plants	Unclassified	Unclassified	Gram+	Facultative	0.0	0	0.0	0.0	3037601.0	3172.0	1603654.0	53.0	3067.0	96.69	ftp://ftp.ncbi.nlm.nih.gov/genomes/all/GCF/000/702/585/GCF_000702585.1_ASM70258v1	s__Exiguobacterium_aurantiacum.json	1397694.0	d__Bacteria	p__Bacillota	c__Bacilli	o__Exiguobacteriales	f__Exiguobacteriaceae	g__Exiguobacterium	s__Exiguobacterium aurantiacum	0.0			0.0	s__Exiguobacterium_aurantiacum	species
0.0	Human	273528.0				PMID:30718869	Forster et al. resource	0.0	0.0							Gram+	Facultative	0.0	0	0.0	0.0							ftp.sra.ebi.ac.uk/vol1/fastq/ERR222/004/ERR2221224/ERR2221224_1.fastq.gz;ftp.sra.ebi.ac.uk/vol1/fastq/ERR222/004/ERR2221224/ERR2221224_2.fastq.gz	s__Exiguobacterium_marinum.json	273528.0	d__Bacteria	p__Bacillota	c__Bacilli	o__Exiguobacteriales	f__Exiguobacteriaceae	g__Exiguobacterium	s__Exiguobacterium marinum	0.0			0.0	s__Exiguobacterium_marinum	species
0.0	Human	169177.0				PMID:30718869	Forster et al. resource	0.0	0.0							Gram+	Facultative	0.0	0	0.0	0.0							ftp.sra.ebi.ac.uk/vol1/fastq/ERR222/003/ERR2221363/ERR2221363_1.fastq.gz;ftp.sra.ebi.ac.uk/vol1/fastq/ERR222/003/ERR2221363/ERR2221363_2.fastq.gz	s__Exiguobacterium_A_undae.json	169177.0	d__Bacteria	p__Bacillota	c__Bacilli	o__Exiguobacteriales	f__Exiguobacteriaceae	g__Exiguobacterium_A	s__Exiguobacterium_A undae	0.0			0.0	s__Exiguobacterium_A_undae	species
2.0	Human	553973.0		GCF_000156515.1	642979359.0	PMID:20203603; PMID:24861948	AGORA 1.03	0.0	0.0	Yes	0.0	Host-associated	Human	Large intestine	Digestive system	Gram+	Anaerobe	0.0	Motile		0.0	3802096.0	3813.0	1856930.0	49.0	3764.0	98.71	ftp://ftp.ncbi.nlm.nih.gov/genomes/all/GCF/000/156/515/GCF_000156515.1_ASM15651v1	s__Extibacter_hylemonae.json	553973.0	d__Bacteria	p__Bacillota	c__Clostridia	o__Lachnospirales	f__Lachnospiraceae	g__Extibacter	s__Extibacter hylemonae		Clostridium hylemonae DSM 15053 (553973.6)	553973.6		s__Extibacter_hylemonae	species
0.0	Human	1816694.0	GCF_900086625.1	GCF_900086625.1		PMID:30745586	Literature research									Gram+												ftp://ftp.ncbi.nlm.nih.gov/genomes/all/GCF/900/086/625/GCF_900086625.1_PRJEB13961	s__Extibacter_muris.json	1816694.0	d__Bacteria	p__Bacillota	c__Clostridia	o__Lachnospirales	f__Lachnospiraceae	g__Extibacter	s__Extibacter muris					s__Extibacter_muris	species
0.0	Human	658665.0	GCF_001185345.1	GCF_001185345.1		PMID:30745586	Literature research									Gram+												ftp.ncbi.nlm.nih.gov/genomes/all/GCF/001/185/345/GCF_001185345.1_ASM118534v2	s__Extibacter_sp001185345.json	658665.0	d__Bacteria	p__Bacillota	c__Clostridia	o__Lachnospirales	f__Lachnospiraceae	g__Extibacter	s__Extibacter sp001185345					s__Extibacter_sp001185345	species
0.0	Human	575590.0		GCF_000163695.1	648861005.0	PMID:31275260	Literature research	0.0	0.0	Yes	0.0	Host-associated	Human	Oral	Digestive system	Gram-	Anaerobe	0.0	Nonmotile		0.0	2113539.0	1905.0	906654.0	43.0	1856.0	97.43	ftp://ftp.ncbi.nlm.nih.gov/genomes/all/GCF/000/163/695/GCF_000163695.1_ASM16369v1	s__F0058_sp000163695.json	575590.0	d__Bacteria	p__Bacteroidota	c__Bacteroidia	o__Bacteroidales	f__Paludibacteraceae	g__F0058	s__F0058 sp000163695					s__F0058_sp000163695	species
0.0	Human	944564.0		GCF_000221605.1	2512047076.0	PMID:31275260	Literature research	0.0	0.0	Yes	0.0	Host-associated	Human	Oral	Digestive system	Gram-	Anaerobe	0.0	Motile		0.0	1731014.0	1646.0	682840.0	39.0	1588.0	96.48	ftp://ftp.ncbi.nlm.nih.gov/genomes/all/GCF/000/221/605/GCF_000221605.1_ASM22160v1	s__F0422_sp001553345.json	944564.0	d__Bacteria	p__Bacillota	c__Negativicutes	o__Veillonellales	f__Veillonellaceae	g__F0422	s__F0422 sp001553345		Veillonella sp. oral taxon 780 str. F0422 (944564.4)	944564.4		s__F0422_sp001553345	species
0.0	Human					species in vaginal microbiome	Personal communication									Gram+	Facultative anaerobe												s__Facklamia_hominis.json		d__Bacteria	p__Bacillota	c__Bacilli	o__Lactobacillales	f__Aerococcaceae	g__Facklamia	s__Facklamia hominis					s__Facklamia_hominis	species
1.0	Human	883113.0		GCF_000245795.1	2513237358.0	https://www.biorxiv.org/content/10.1101/691030v1	Literature research	0.0	0.0	Yes	0.0	Host-associated	Human	Unclassified	Unclassified	Gram+	Facultative anaerobe	0.0	0		0.0	1708389.0	1581.0	749336.0	44.0	1528.0	96.65	ftp://ftp.ncbi.nlm.nih.gov/genomes/all/GCF/000/245/795/GCF_000245795.1_Fack_lang_CCUG_37842_V1	s__Facklamia_languida.json	883113.0	d__Bacteria	p__Bacillota	c__Bacilli	o__Lactobacillales	f__Aerococcaceae	g__Facklamia	s__Facklamia languida		Facklamia languida CCUG 37842 (883113.3)	883113.3	0.0	s__Facklamia_languida	species
0.0	Human	1504823.0		GCF_000752095.2		PMID:25567229	Literature research																					ftp://ftp.ncbi.nlm.nih.gov/genomes/all/GCF/000/752/095/GCF_000752095.2_Guyana_massiliensis	s__Faecalibacillus_intestinalis.json	1504823.0	d__Bacteria	p__Bacillota_I	c__Bacilli_A	o__Erysipelotrichales	f__Coprobacillaceae	g__Faecalibacillus	s__Faecalibacillus intestinalis					s__Faecalibacillus_intestinalis	species
2.0	Human	411483.0		GCF_000162015.1	645951831.0	PMID:20203603; PMID:24861948	AGORA 1.03	0.0	0.0	Yes	0.0	Host-associated	Human	Large intestine	Digestive system	Gram+	Obligate anaerobe	0.0	Nonmotile		0.0	3080849.0	3553.0	1737391.0	56.0	3475.0	97.8	ftp://ftp.ncbi.nlm.nih.gov/genomes/all/GCF/000/162/015/GCF_000162015.1_ASM16201v1	s__Faecalibacterium_duncaniae.json	411483.0	d__Bacteria	p__Bacillota	c__Clostridia	o__Oscillospirales	f__Ruminococcaceae	g__Faecalibacterium	s__Faecalibacterium duncaniae		Faecalibacterium prausnitzii A2-165 (411483.3)	411483.3		s__Faecalibacterium_duncaniae	species
2.0	Human	718252.0	GCF_000210735.1	GCA_000210735.1	650377941.0	PMID:20203603; PMID:24861948	AGORA 1.03	0.0	0.0	Yes	0.0	Host-associated	Unclassified	Unclassified	Unclassified	Gram+	Obligate anaerobe	0.0	0			3321367.0	2820.0	1845729.0	57.0	2756.0	97.73	ftp://ftp.ncbi.nlm.nih.gov/genomes/all/GCA/000/210/735/GCA_000210735.1_ASM21073v1	s__Faecalibacterium_longum.json	718252.0	d__Bacteria	p__Bacillota	c__Clostridia	o__Oscillospirales	f__Ruminococcaceae	g__Faecalibacterium	s__Faecalibacterium longum		Faecalibacterium prausnitzii L2-6 (718252.3)	718252.3	0.0	s__Faecalibacterium_longum	species
2.0	Human					PMID:20203603; PMID:24861948	AGORA 1.03	0.0	0.0	Yes	0.0	Host-associated				Gram+	Obligate anaerobe	0.0			0.0				56.0				s__Faecalibacterium_prausnitzii.json		d__Bacteria	p__Bacillota	c__Clostridia	o__Oscillospirales	f__Ruminococcaceae	g__Faecalibacterium	s__Faecalibacterium prausnitzii					s__Faecalibacterium_prausnitzii	species
2.0	Human	748224.0		GCF_000166035.1	649989951.0	PMID:20203603; PMID:24861948	AGORA 1.03	0.0	0.0	Yes	0.0	Host-associated	Human	Unclassified	Unclassified	Gram+	Obligate anaerobe	0.0	Nonmotile			2926561.0	3414.0	1647968.0	56.0	3355.0	98.27	ftp://ftp.ncbi.nlm.nih.gov/genomes/all/GCF/000/166/035/GCF_000166035.1_ASM16603v1	s__Faecalibacterium_taiwanense.json	748224.0	d__Bacteria	p__Bacillota	c__Clostridia	o__Oscillospirales	f__Ruminococcaceae	g__Faecalibacterium	s__Faecalibacterium taiwanense		Faecalibacterium cf. prausnitzii KLE1255 (748224.3)	748224.3		s__Faecalibacterium_taiwanense	species
0.0	Human	1658112.0	GCF_001244405.1	GCF_001244405.1		PMID:30745586	Literature research									Gram+												ftp://ftp.ncbi.nlm.nih.gov/genomes/all/GCF/001/244/405/GCF_001244405.1_Eubacterium_massiliense	s__Faecalicatena_contortus_B.json	1658112.0	d__Bacteria	p__Bacillota	c__Clostridia	o__Lachnospirales	f__Lachnospiraceae	g__Faecalicatena	s__Faecalicatena contortus_B					s__Faecalicatena_contortus_B	species
1.0	Human	556261.0		GCF_000190355.1	651285002.0	PMID:31171880	Literature research	0.0	0.0	Yes	0.0	Host-associated	Human	Large intestine	Digestive system	Gram+	Obligate anaerobe	0.0	Motile		0.0	5427315.0	4553.0	2443979.0	45.0	4498.0	98.79	ftp://ftp.ncbi.nlm.nih.gov/genomes/all/GCF/000/190/355/GCF_000190355.1_ASM19035v1	s__Faecalicatena_fissicatena_A.json	556261.0	d__Bacteria	p__Bacillota	c__Clostridia	o__Lachnospirales	f__Lachnospiraceae	g__Faecalicatena	s__Faecalicatena fissicatena_A		Clostridium sp. D5 (556261.3)	556261.3		s__Faecalicatena_fissicatena_A	species
0.0	Human	1123313.0		GCF_000420345.1	2524614880.0	PMID:20203603; PMID:24861948	AGORA 1.03	0.0	0.0	Yes	0.0	Host-associated	Birds	Unclassified	Digestive system	Gram+	Anaerobe	0.0	0	0.0	0.0	1992636.0	2065.0	777816.0	39.0	2004.0	97.05	ftp://ftp.ncbi.nlm.nih.gov/genomes/all/GCF/000/420/345/GCF_000420345.1_ASM42034v1	s__Faecalicoccus_pleomorphus.json	1123313.0	d__Bacteria	p__Bacillota_I	c__Bacilli_A	o__Erysipelotrichales	f__Erysipelotrichaceae	g__Faecalicoccus	s__Faecalicoccus pleomorphus					s__Faecalicoccus_pleomorphus	species
0.0	Human	1301100.0		GCF_000499525.1	2619619272.0	PMID:25567229	Literature research	0.0	0.0	Yes	0.0	0	0	0	0	Gram+	Anaerobe	0.0	Motile	0.0	0.0	3735472.0	3901.0	1045296.0	28.0	3810.0	97.67	ftp://ftp.ncbi.nlm.nih.gov/genomes/all/GCF/000/499/525/GCF_000499525.1_Clostridium_dakarense_01	s__Faecalimicrobium_dakarense.json	1301100.0	d__Bacteria	p__Bacillota	c__Clostridia	o__Peptostreptococcales	f__Peptostreptococcaceae	g__Faecalimicrobium	s__Faecalimicrobium dakarense	0.0				s__Faecalimicrobium_dakarense	species
2.0	Human	500632.0		GCF_000156035.2	642979369.0	PMID:20203603; PMID:24861948	AGORA 1.03	0.0	0.0	Yes	0.0	Host-associated	Human	Large intestine	Digestive system	Gram+	Anaerobe	0.0	Motile		0.0	3861016.0	4297.0	1547976.0	40.0	4239.0	98.65	ftp://ftp.ncbi.nlm.nih.gov/genomes/all/GCF/000/156/035/GCF_000156035.2_ASM15603v2	s__Faecalimonas_phoceensis.json	500632.0	d__Bacteria	p__Bacillota	c__Clostridia	o__Lachnospirales	f__Lachnospiraceae	g__Faecalimonas	s__Faecalimonas phoceensis		Clostridium nexile DSM 1787 (500632.7)	500632.7		s__Faecalimonas_phoceensis	species
0.0	Human	742723.0	GCF_000209385.2	GCF_000209385.2	2562617190.0	PMID:31171880	Literature research	0.0	0.0	Yes	0.0	Host-associated	Human	Unclassified	Digestive system	Gram+	Anaerobe	0.0	Nonmotile		0.0	2218229.0	2137.0	859952.0	39.0	2078.0	97.24	ftp://ftp.ncbi.nlm.nih.gov/genomes/all/GCF/000/209/385/GCF_000209385.2_Lach_bact_2_1_46_FAA_V2	s__Faecalimonas_sp000209385.json	742723.0	d__Bacteria	p__Bacillota	c__Clostridia	o__Lachnospirales	f__Lachnospiraceae	g__Faecalimonas	s__Faecalimonas sp000209385					s__Faecalimonas_sp000209385	species
1.0	Human						Literature research	0.0	0.0	Yes	0.0	Host-associated				Gram+	Anaerobe	0.0	0		0.0								s__Faecalimonas_umbilicata.json		d__Bacteria	p__Bacillota	c__Clostridia	o__Lachnospirales	f__Lachnospiraceae	g__Faecalimonas	s__Faecalimonas umbilicata	0.0			0.0	s__Faecalimonas_umbilicata	species
	Human		NZ_CBYL010000001				Literature research	0.0	0.0	Yes	0.0	Host-associated	Human			Gram+	Obligate anaerobe	0.0	0						52.0				s__Faecalispora_jeddahensis.json		d__Bacteria	p__Bacillota	c__Clostridia	o__Oscillospirales	f__Acutalibacteraceae	g__Faecalispora	s__Faecalispora jeddahensis	0.0			0.0	s__Faecalispora_jeddahensis	species
2.0	Human	1121334.0	GCF_000240115.1	GCF_000383295.1	2519899647.0	PMID:20203603; PMID:24861948	AGORA 1.03	0.0	0.0	Yes	0.0	Host-associated	Unclassified	Unclassified	Unclassified	Gram+	Anaerobe	0.0	0	0.0	0.0	3176598.0	3019.0	1700798.0	54.0	2957.0	97.95	ftp://ftp.ncbi.nlm.nih.gov/genomes/all/GCF/000/383/295/GCF_000383295.1_ASM38329v1	s__Faecalispora_sporosphaeroides.json	1121334.0	d__Bacteria	p__Bacillota	c__Clostridia	o__Oscillospirales	f__Acutalibacteraceae	g__Faecalispora	s__Faecalispora sporosphaeroides		Clostridium sporosphaeroides DSM 1294 (1121334.3)	1121334.3		s__Faecalispora_sporosphaeroides	species
0.0	Human	649755.0	GCF_000469305.1	GCF_000469305.1		PMID:30745586	Literature research									Gram+												ftp://ftp.ncbi.nlm.nih.gov/genomes/all/GCF/000/469/305/GCF_000469305.1_ASM46930v1	s__Faecalitalea_cylindroides.json	649755.0	d__Bacteria	p__Bacillota_I	c__Bacilli_A	o__Erysipelotrichales	f__Erysipelotrichaceae	g__Faecalitalea	s__Faecalitalea cylindroides					s__Faecalitalea_cylindroides	species
1.0	Human	866774.0		GCF_000179715.1	648276621.0	PMID:31171880	Literature research	0.0	0.0	Yes	0.0	Host-associated	Human	Vagina	Reproductive system	Gram+	Anaerobe	0.0	0			1449613.0	1268.0	705990.0	49.0	1217.0	95.98	ftp://ftp.ncbi.nlm.nih.gov/genomes/all/GCF/000/179/715/GCF_000179715.1_ASM17971v1	s__Fannyhessea_massiliensis.json	866774.0	d__Bacteria	p__Actinomycetota	c__Coriobacteriia	o__Coriobacteriales	f__Atopobiaceae	g__Fannyhessea	s__Fannyhessea massiliensis		Atopobium vaginae PB189-T1-4 (866774.4)	866774.4		s__Fannyhessea_massiliensis	species
	Human					PMID:31171880	Literature research	0.0	0.0							Gram+	Anaerobe	0.0		0.0	0.0								s__Fannyhessea_vaginae.json		d__Bacteria	p__Actinomycetota	c__Coriobacteriia	o__Coriobacteriales	f__Atopobiaceae	g__Fannyhessea	s__Fannyhessea vaginae	0.0			0.0	s__Fannyhessea_vaginae	species
0.0	Human	1723384.0	GCF_001457835.1	GCF_001457835.1		PMID:30745586	Literature research									Gram-												ftp://ftp.ncbi.nlm.nih.gov/genomes/all/GCF/001/457/835/GCF_001457835.1_Micromassilia_timonensis	s__Fenollaria_timonensis.json	1723384.0	d__Bacteria	p__Bacillota	c__Clostridia	o__Tissierellales	f__Peptoniphilaceae	g__Fenollaria	s__Fenollaria timonensis					s__Fenollaria_timonensis	species
2.0	Human	546269.0		GCF_000163895.2	2511231077.0	PMID:20203603; PMID:24861948	AGORA 1.03	0.0	0.0	Yes	0.0	Host-associated	Human	Oral	Digestive system	Gram+	0	0.0	0			1931012.0	1700.0	684457.0	35.0	1641.0	96.53	ftp://ftp.ncbi.nlm.nih.gov/genomes/all/GCF/000/163/895/GCF_000163895.2_ASM16389v2	s__Filifactor_alocis.json	546269.0	d__Bacteria	p__Bacillota	c__Clostridia	o__Peptostreptococcales	f__Filifactoraceae	g__Filifactor	s__Filifactor alocis		Filifactor alocis ATCC 35896 (546269.5)	546269.5		s__Filifactor_alocis	species
2.0	Human	525282.0	GCF_000010185.1	GCF_000159695.1	648276675.0	Strains of species found in the human gut (PMID:24861948) present in PubSEED	Initial strain selection	0.0	0.0	Yes	0.0	Host-associated	Human	Vagina	Reproductive system	Gram+	Anaerobe	0.0	0			1908011.0	1893.0	615609.0	32.0	1838.0	97.09	ftp://ftp.ncbi.nlm.nih.gov/genomes/all/GCF/000/159/695/GCF_000159695.1_ASM15969v1	s__Finegoldia_magna_F.json	525282.0	d__Bacteria	p__Bacillota	c__Clostridia	o__Tissierellales	f__Peptoniphilaceae	g__Finegoldia	s__Finegoldia magna_F		Finegoldia magna ATCC 53516 (525282.5)	525282.5	0.0	s__Finegoldia_magna_F	species
2.0	Human							0.0	0.0	Yes	0.0	Host-associated	Human			Gram+	Anaerobe	0.0	0						32.0				s__Finegoldia_magna_H.json		d__Bacteria	p__Bacillota	c__Clostridia	o__Tissierellales	f__Peptoniphilaceae	g__Finegoldia	s__Finegoldia magna_H					s__Finegoldia_magna_H	species
0.0	Human	1522309.0		GCF_001375495.1	2775506831.0	PMID:25567229	Literature research	0.0	0.0	Yes	0.0	0	0	0	0	Gram+	Facultative anaerobe	0.0	0	0.0	0.0	2629316.0	2507.0	1554451.0	59.0	2442.0	97.41	ftp://ftp.ncbi.nlm.nih.gov/genomes/all/GCF/001/375/495/GCF_001375495.1_Flaviflexus_massiliensis	s__Flaviflexus_massiliensis.json	1522309.0	d__Bacteria	p__Actinomycetota	c__Actinomycetes	o__Actinomycetales	f__Actinomycetaceae	g__Flaviflexus	s__Flaviflexus massiliensis	0.0			0.0	s__Flaviflexus_massiliensis	species
0.0	Human	295428.0				https://www.biorxiv.org/content/10.1101/691030v1	Literature research	0.0	0.0	Yes	0.0					Gram-	Aerobe	0.0	0	0.0	0.0				32.0				s__Flavobacterium_cheniae.json	295428.0	d__Bacteria	p__Bacteroidota	c__Bacteroidia	o__Flavobacteriales	f__Flavobacteriaceae	g__Flavobacterium	s__Flavobacterium cheniae	0.0			0.0	s__Flavobacterium_cheniae	species
0.0	Human	416016.0	GCF_900148835.1	GCF_900148835.1	2698536819.0	https://www.biorxiv.org/content/10.1101/691030v1	Literature research	0.0	0.0	Yes	0.0	Environmental	Terrestrial	Unclassified	Soil	Gram-	Aerobe	0.0	0	0.0	0.0	2854482.0	2730.0	945502.0	33.0	2676.0	98.02	ftp://ftp.ncbi.nlm.nih.gov/genomes/all/GCF/900/148/835/GCF_900148835.1_IMG-taxon_2698536819_annotated_assembly	s__Flavobacterium_cucumis.json	416016.0	d__Bacteria	p__Bacteroidota	c__Bacteroidia	o__Flavobacteriales	f__Flavobacteriaceae	g__Flavobacterium	s__Flavobacterium cucumis				0.0	s__Flavobacterium_cucumis	species
1.0	Human					PMID:31275260	Literature research	0.0	0.0	Yes	0.0	Host-associated	Human	Unclassified	Unclassified	Gram-	Aerobe	0.0	0		0.0				34.0				s__Flavobacterium_odoratimimum.json		d__Bacteria	p__Bacteroidota	c__Bacteroidia	o__Flavobacteriales	f__Flavobacteriaceae	g__Flavobacterium	s__Flavobacterium odoratimimum				0.0	s__Flavobacterium_odoratimimum	species
	Human							0.0	0.0	Yes	0.0	Host-associated	Human	Large intestine	Digestive system	Gram+		0.0			0.0								s__Flavonifractor_plautii.json		d__Bacteria	p__Bacillota	c__Clostridia	o__Oscillospirales	f__Oscillospiraceae	g__Flavonifractor	s__Flavonifractor plautii					s__Flavonifractor_plautii	species
0.0	Human	1274374.0	NZ_HG005139	GCF_000455265.1	2602041565.0	PMID:25567229	Literature research	0.0	0.0	Yes	0.0	Host-associated	Human	Unclassified	Unclassified	Gram+	Facultative anaerobe	0.0	0	0.0	0.0	5572970.0	5180.0	2736346.0	49.0	5074.0	97.95	ftp://ftp.ncbi.nlm.nih.gov/genomes/all/GCF/000/455/265/GCF_000455265.1_Pa_GD11	s__Fontibacillus_antibioticophila.json	1274374.0	d__Bacteria	p__Bacillota	c__Bacilli	o__Paenibacillales	f__Paenibacillaceae	g__Fontibacillus	s__Fontibacillus antibioticophila	0.0			0.0	s__Fontibacillus_antibioticophila	species
2.0	Human	1235795.0		GCF_000403375.2	2563367168.0	PMID:20203603; PMID:24861948	AGORA 1.03	0.0	0.0	Yes	0.0	0	0	0	0	Gram+	Facultative anaerobe	0.0	0	0.0	0.0	4749952.0	4394.0	2466683.0	52.0	4307.0	98.02	ftp://ftp.ncbi.nlm.nih.gov/genomes/all/GCF/000/403/375/GCF_000403375.2_Paen_bare_G22_V1	s__Fontibacillus_barengoltzii.json	1235795.0	d__Bacteria	p__Bacillota	c__Bacilli	o__Paenibacillales	f__Paenibacillaceae	g__Fontibacillus	s__Fontibacillus barengoltzii	0.0	Paenibacillus barengoltzii G22 (1235795.3)	1235795.3	0.0	s__Fontibacillus_barengoltzii	species
0.0	Human	687436.0	GCF_001403875.1	GCF_001403875.1		PMID:30745586	Literature research									Gram+												ftp.ncbi.nlm.nih.gov/genomes/all/GCF/001/403/875/GCF_001403875.1_Paenibacillus_ihumii	s__Fontibacillus_ihumii.json	687436.0	d__Bacteria	p__Bacillota	c__Bacilli	o__Paenibacillales	f__Paenibacillaceae	g__Fontibacillus	s__Fontibacillus ihumii					s__Fontibacillus_ihumii	species
0.0	Human	1776378.0	GCF_900021165.1	GCF_900021165.1		PMID:30745586	Literature research									Gram+												ftp.ncbi.nlm.nih.gov/genomes/all/GCF/900/021/165/GCF_900021165.1_Paenibacillus_phoceensis	s__Fontibacillus_phocaensis.json	1776378.0	d__Bacteria	p__Bacillota	c__Bacilli	o__Paenibacillales	f__Paenibacillaceae	g__Fontibacillus	s__Fontibacillus phocaensis					s__Fontibacillus_phocaensis	species
0.0	Human	1720296.0	GCF_001486505.1	GCF_001486505.1		PMID:30745586	Literature research									Gram+												ftp.ncbi.nlm.nih.gov/genomes/all/GCF/001/486/505/GCF_001486505.1_Paenibacillus_rubiinfantis	s__Fontibacillus_rubinfantis.json	1720296.0	d__Bacteria	p__Bacillota	c__Bacilli	o__Paenibacillales	f__Paenibacillaceae	g__Fontibacillus	s__Fontibacillus rubinfantis					s__Fontibacillus_rubinfantis	species
0.0	Human	1737426.0	GCF_001486585.1	GCF_001486585.1		PMID:30745586	Literature research									Gram+												ftp.ncbi.nlm.nih.gov/genomes/all/GCF/001/486/585/GCF_001486585.1_Paenibacillus_senegalomassiliensis	s__Fontibacillus_senegalimassiliensis.json	1737426.0	d__Bacteria	p__Bacillota	c__Bacilli	o__Paenibacillales	f__Paenibacillaceae	g__Fontibacillus	s__Fontibacillus senegalimassiliensis					s__Fontibacillus_senegalimassiliensis	species
0.0	Human	1622070.0	GCF_900069005.2	GCF_900069005.2		PMID:30745586	Literature research									Gram+												ftp://ftp.ncbi.nlm.nih.gov/genomes/all/GCF/900/069/005/GCF_900069005.2_Paenibacillus_numidis	s__Fontibacillus_sp900069005.json	1622070.0	d__Bacteria	p__Bacillota	c__Bacilli	o__Paenibacillales	f__Paenibacillaceae	g__Fontibacillus	s__Fontibacillus sp900069005					s__Fontibacillus_sp900069005	species
0.0	Human	1816681.0	GCF_900086655.1	GCF_900086655.1		PMID:30745586	Literature research									Gram+												ftp.ncbi.nlm.nih.gov/genomes/all/GCF/900/086/655/GCF_900086655.1_PRJEB13948	s__Fontibacillus_tuaregi.json	1816681.0	d__Bacteria	p__Bacillota	c__Bacilli	o__Paenibacillales	f__Paenibacillaceae	g__Fontibacillus	s__Fontibacillus tuaregi					s__Fontibacillus_tuaregi	species
0.0	Mouse	1796636.0	GCF_004340975.1	GCF_004340975.1	2795385452.0	PMID:27670113	Literature research	0.0	0.0	Yes	0.0	Host-associated	Mammals	Large intestine	Digestive system	Gram+	Anaerobe	0.0	0	0.0	0.0	2716364.0	2693.0	1186715.0	44.0	2612.0	96.99	ftp://ftp.ncbi.nlm.nih.gov/genomes/all/GCF/004/340/975/GCF_004340975.1_ASM434097v1	s__Frisingicoccus_caecimuris.json	1796636.0	d__Bacteria	p__Bacillota	c__Clostridia	o__Lachnospirales	f__Lachnospiraceae	g__Frisingicoccus	s__Frisingicoccus caecimuris	0.0			0.0	s__Frisingicoccus_caecimuris	species
1.0	Human	1221537.0		GCF_000304715.1	2519899552.0	PMID:31275260	Literature research	0.0	0.0	Yes	0.0	Host-associated	Plants	Unclassified	Unclassified	Gram+	Facultative anaerobe	0.0	0	0.0	0.0	1261842.0	1208.0	524074.0	42.0	1190.0	98.51	ftp://ftp.ncbi.nlm.nih.gov/genomes/all/GCF/000/304/715/GCF_000304715.1_2F_v3c	s__Fructilactobacillus_florum.json	1221537.0	d__Bacteria	p__Bacillota	c__Bacilli	o__Lactobacillales	f__Lactobacillaceae	g__Fructilactobacillus	s__Fructilactobacillus florum	0.0	Lactobacillus florum 2F (1221537.3)	1221537.3	0.0	s__Fructilactobacillus_florum	species
0.0	Human				2700989268.0	https://www.biorxiv.org/content/10.1101/691030v1	Literature research	0.0	0.0	Yes	0.0	Engineered	Food production	Unclassified	Fermented beverages	Gram+	Aerobe	0.0	0	0.0	0.0	1437561.0	1523.0	490361.0	34.0	1455.0	95.54		s__Fructilactobacillus_lindneri.json		d__Bacteria	p__Bacillota	c__Bacilli	o__Lactobacillales	f__Lactobacillaceae	g__Fructilactobacillus	s__Fructilactobacillus lindneri					s__Fructilactobacillus_lindneri	species
	Human					PMID:31171880	Literature research	0.0	0.0	Yes	0.0					Gram+	Aerobe	0.0		0.0	0.0				35.0				s__Fructilactobacillus_sanfranciscensis.json		d__Bacteria	p__Bacillota	c__Bacilli	o__Lactobacillales	f__Lactobacillaceae	g__Fructilactobacillus	s__Fructilactobacillus sanfranciscensis	0.0			0.0	s__Fructilactobacillus_sanfranciscensis	species
0.0	Human	283737.0	GCF_900112405.1	GCF_900112405.1	2603880187.0	https://www.biorxiv.org/content/10.1101/691030v1	Literature research	0.0	0.0	Yes	0.0	0	0	0	0	Gram+	Facultative anaerobe	0.0	Nonmotile	0.0	0.0	1327392.0	1330.0	593934.0	45.0	1262.0	94.89	ftp://ftp.ncbi.nlm.nih.gov/genomes/all/GCF/900/112/405/GCF_900112405.1_IMG-taxon_2603880187_annotated_assembly	s__Fructobacillus_durionis.json	283737.0	d__Bacteria	p__Bacillota	c__Bacilli	o__Lactobacillales	f__Lactobacillaceae	g__Fructobacillus	s__Fructobacillus durionis					s__Fructobacillus_durionis	species
0.0	Human	220714.0	GCF_900108455.1	GCF_900108455.1	2814123065.0	https://www.biorxiv.org/content/10.1101/691030v1	Literature research	0.0	0.0	Yes	0.0	0	0	0	0	Gram+	Facultative anaerobe	0.0	Nonmotile	0.0	0.0	1409147.0	1398.0	626688.0	44.0	1340.0	95.85	ftp://ftp.ncbi.nlm.nih.gov/genomes/all/GCF/900/108/455/GCF_900108455.1_IMG-taxon_2600254955_annotated_assembly	s__Fructobacillus_pseudoficulneus.json	220714.0	d__Bacteria	p__Bacillota	c__Bacilli	o__Lactobacillales	f__Lactobacillaceae	g__Fructobacillus	s__Fructobacillus pseudoficulneus					s__Fructobacillus_pseudoficulneus	species
0.0	Human	709323.0	GCF_001047135.1	GCF_001047135.2	2775506866.0	https://www.biorxiv.org/content/10.1101/691030v1	Literature research	0.0	0.0	Yes	0.0	0	0	0	0	Gram+	Facultative anaerobe	0.0	0	0.0	0.0	1659583.0	1718.0	734364.0	44.0	1653.0	96.22	ftp://ftp.ncbi.nlm.nih.gov/genomes/all/GCF/001/047/135/GCF_001047135.2_ASM104713v2	s__Fructobacillus_tropaeoli.json	709323.0	d__Bacteria	p__Bacillota	c__Bacilli	o__Lactobacillales	f__Lactobacillaceae	g__Fructobacillus	s__Fructobacillus tropaeoli	0.0			0.0	s__Fructobacillus_tropaeoli	species
	Human					https://www.biorxiv.org/content/10.1101/691030v1	Literature research	0.0	0.0	Yes	0.0					Gram-	Aerobe	0.0		0.0	0.0				61.0				s__Fulvimarina_pelagi.json		d__Bacteria	p__Pseudomonadota	c__Alphaproteobacteria	o__Rhizobiales	f__Rhizobiaceae	g__Fulvimarina	s__Fulvimarina pelagi	0.0			0.0	s__Fulvimarina_pelagi	species
0.0	Human	348151.0	GCF_001437435.1	GCF_001437435.1	2667528109.0	PMID:31275260	Literature research	0.0	0.0	Yes	0.0	Engineered	Food production	Unclassified	Unclassified	Gram+	Aerobe	0.0	0	0.0	0.0	2064408.0	2073.0	900504.0	44.0	2006.0	96.77	ftp://ftp.ncbi.nlm.nih.gov/genomes/all/GCF/001/437/435/GCF_001437435.1_ASM143743v1	s__Furfurilactobacillus_siliginis.json	348151.0	d__Bacteria	p__Bacillota	c__Bacilli	o__Lactobacillales	f__Lactobacillaceae	g__Furfurilactobacillus	s__Furfurilactobacillus siliginis	0.0			0.0	s__Furfurilactobacillus_siliginis	species
2.0	Human							0.0	0.0	Yes	0.0	Host-associated	Human	Unclassified		Gram-	Anaerobe	0.0	Nonmotile						27.0				s__Fusobacterium_animalis.json		d__Bacteria	p__Fusobacteriota	c__Fusobacteriia	o__Fusobacteriales	f__Fusobacteriaceae	g__Fusobacterium	s__Fusobacterium animalis					s__Fusobacterium_animalis	species
0.0	Human	1852365.0	GCF_900095705.1	GCF_900095705.1		PMID:30745586	Literature research									Gram-												ftp.ncbi.nlm.nih.gov/genomes/all/GCF/900/095/705/GCF_900095705.1_PRJEB15286	s__Fusobacterium_massiliense.json	1852365.0	d__Bacteria	p__Fusobacteriota	c__Fusobacteriia	o__Fusobacteriales	f__Fusobacteriaceae	g__Fusobacterium	s__Fusobacterium massiliense					s__Fusobacterium_massiliense	species
	Human															Gram-													s__Fusobacterium_nucleatum.json		d__Bacteria	p__Fusobacteriota	c__Fusobacteriia	o__Fusobacteriales	f__Fusobacteriaceae	g__Fusobacterium	s__Fusobacterium nucleatum					s__Fusobacterium_nucleatum	species
2.0	Human	546275.0	GCF_000158215.3	GCF_000160475.1	645951848.0	Strains of species found in the human gut (PMID:24861948) present in PubSEED	Initial strain selection	0.0	0.0	Yes		Host-associated	Human	Oral	Digestive system	Gram-	Anaerobe	0.0	Nonmotile		0.0	2567761.0	2597.0	702907.0	27.0	2544.0	97.96	ftp://ftp.ncbi.nlm.nih.gov/genomes/all/GCF/000/160/475/GCF_000160475.1_ASM16047v1	s__Fusobacterium_periodonticum.json	546275.0	d__Bacteria	p__Fusobacteriota	c__Fusobacteriia	o__Fusobacteriales	f__Fusobacteriaceae	g__Fusobacterium	s__Fusobacterium periodonticum		Fusobacterium periodonticum ATCC 33693 (546275.3)	546275.3		s__Fusobacterium_periodonticum	species
2.0	Human	469621.0	GCF_000158255.2	GCF_000163935.1	647533168.0	PMID:20203603; PMID:24861948	AGORA 1.03	0.0	0.0	Yes	0.0	Host-associated	Human	Unclassified	Digestive system	Gram-	Anaerobe	0.0	Nonmotile		0.0	2479455.0	2379.0	684373.0	28.0	2325.0	97.73	ftp://ftp.ncbi.nlm.nih.gov/genomes/all/GCF/000/163/935/GCF_000163935.1_ASM16393v1	s__Fusobacterium_periodonticum_B.json	469621.0	d__Bacteria	p__Fusobacteriota	c__Fusobacteriia	o__Fusobacteriales	f__Fusobacteriaceae	g__Fusobacterium	s__Fusobacterium periodonticum_B		Fusobacterium periodonticum 1_1_41FAA (469621.3)	469621.3		s__Fusobacterium_periodonticum_B	species
2.0	Human	469599.0	GCF_000163935.1	GCF_000158215.3	646206262.0	PMID:20203603; PMID:24861948	AGORA 1.03	0.0	0.0	Yes	0.0	Host-associated	Human	Unclassified	Digestive system	Gram-	Anaerobe	0.0	Nonmotile		0.0	2532453.0	2341.0	672614.0	28.0	2297.0	98.12	ftp://ftp.ncbi.nlm.nih.gov/genomes/all/GCF/000/158/215/GCF_000158215.3_Fuso_sp_2_1_31_V3	s__Fusobacterium_periodonticum_D.json	469599.0	d__Bacteria	p__Fusobacteriota	c__Fusobacteriia	o__Fusobacteriales	f__Fusobacteriaceae	g__Fusobacterium	s__Fusobacterium periodonticum_D		Fusobacterium periodonticum 2_1_31 (469599.3)	469599.3		s__Fusobacterium_periodonticum_D	species
	Human															Gram-													s__Fusobacterium_polymorphum.json		d__Bacteria	p__Fusobacteriota	c__Fusobacteriia	o__Fusobacteriales	f__Fusobacteriaceae	g__Fusobacterium	s__Fusobacterium polymorphum					s__Fusobacterium_polymorphum	species
2.0	Human	1278306.0	GCF_000160475.1	GCF_000381725.1	2519899634.0	PMID:20203603; PMID:24861948	AGORA 1.03	0.0	0.0	Yes	0.0	Host-associated	Unclassified	Unclassified	Unclassified	Gram-	Anaerobe	0.0	0	0.0	0.0	1941804.0	1817.0	554381.0	29.0	1761.0	96.92	ftp://ftp.ncbi.nlm.nih.gov/genomes/all/GCF/000/381/725/GCF_000381725.1_ASM38172v1	s__Fusobacterium_russii.json	1278306.0	d__Bacteria	p__Fusobacteriota	c__Fusobacteriia	o__Fusobacteriales	f__Fusobacteriaceae	g__Fusobacterium	s__Fusobacterium russii		Fusobacterium russii ATCC 25533 (1278306.3)	1278306.3	0.0	s__Fusobacterium_russii	species
	Human							0.0	0.0	Yes	0.0	Host-associated	Human	Unclassified		Gram-	Anaerobe	0.0	Nonmotile		0.0				27.0				s__Fusobacterium_vincentii.json		d__Bacteria	p__Fusobacteriota	c__Fusobacteriia	o__Fusobacteriales	f__Fusobacteriaceae	g__Fusobacterium	s__Fusobacterium vincentii					s__Fusobacterium_vincentii	species
2.0	Human	469616.0	GCF_003019695.1	GCF_003019315.1	646206254.0	PMID:20203603; PMID:24861948	AGORA 1.03	0.0	0.0	Yes	0.0	Host-associated	Human	Unclassified	Digestive system	Gram-	Anaerobe	0.0	Nonmotile		0.0	2691446.0	2605.0	765745.0	29.0	2552.0	97.97	ftp://ftp.ncbi.nlm.nih.gov/genomes/all/GCF/003/019/315/GCF_003019315.1_ASM301931v1	s__Fusobacterium_A_mortiferum.json	469616.0	d__Bacteria	p__Fusobacteriota	c__Fusobacteriia	o__Fusobacteriales	f__Fusobacteriaceae	g__Fusobacterium_A	s__Fusobacterium_A mortiferum		Fusobacterium mortiferum ATCC 9817 (469616.3)	469616.3		s__Fusobacterium_A_mortiferum	species
0.0	Human	858.0	GCF_900450765.1	GCF_900450765.1		https://www.biorxiv.org/content/10.1101/691030v1	Literature research	0.0	0.0							Gram-	Anaerobe	0.0	0	0.0	0.0							ftp://ftp.ncbi.nlm.nih.gov/genomes/all/GCF/900/450/765/GCF_900450765.1_42650_B02	s__Fusobacterium_A_necrogenes.json	858.0	d__Bacteria	p__Fusobacteriota	c__Fusobacteriia	o__Fusobacteriales	f__Fusobacteriaceae	g__Fusobacterium_A	s__Fusobacterium_A necrogenes	0.0			0.0	s__Fusobacterium_A_necrogenes	species
2.0	Human	457404.0		GCF_000242995.2	2562617095.0	Strains of species found in the human gut (PMID:24861948) present in PubSEED	Initial strain selection	0.0	0.0	Yes	0.0	Host-associated	Human	Unclassified	Digestive system	Gram-	Anaerobe	0.0	Nonmotile			3677742.0	3625.0	1115246.0	30.0	3559.0	98.18	ftp://ftp.ncbi.nlm.nih.gov/genomes/all/GCF/000/242/995/GCF_000242995.2_Fusobacterium_sp_12_1B_V2	s__Fusobacterium_A_ulcerans.json	457404.0	d__Bacteria	p__Fusobacteriota	c__Fusobacteriia	o__Fusobacteriales	f__Fusobacteriaceae	g__Fusobacterium_A	s__Fusobacterium_A ulcerans		Fusobacterium ulcerans 12-1B (457404.5)	457404.5		s__Fusobacterium_A_ulcerans	species
2.0	Human	469618.0	GCF_000158315.2	GCF_003019655.1	646206275.0	PMID:20203603; PMID:24861948	AGORA 1.03	0.0	0.0	Yes	0.0	Host-associated	Human	Unclassified	Digestive system	Gram-	Anaerobe	0.0	Nonmotile		0.0	3321664.0	3067.0	951823.0	29.0	3012.0	98.21	ftp://ftp.ncbi.nlm.nih.gov/genomes/all/GCF/003/019/655/GCF_003019655.1_ASM301965v1	s__Fusobacterium_A_varium.json	469618.0	d__Bacteria	p__Fusobacteriota	c__Fusobacteriia	o__Fusobacteriales	f__Fusobacteriaceae	g__Fusobacterium_A	s__Fusobacterium_A varium		Fusobacterium varium ATCC 27725 (469618.3)	469618.3		s__Fusobacterium_A_varium	species
2.0	Human					PMID:20203603; PMID:24861948	AGORA 1.03	0.0	0.0	Yes	0.0	Host-associated	Human	Unclassified	Digestive system	Gram-	Anaerobe	0.0	Nonmotile		0.0				32.0				s__Fusobacterium_C_gonidiaformans.json		d__Bacteria	p__Fusobacteriota	c__Fusobacteriia	o__Fusobacteriales	f__Fusobacteriaceae	g__Fusobacterium_C	s__Fusobacterium_C gonidiaformans					s__Fusobacterium_C_gonidiaformans	species
	Human							0.0	0.0	Yes	0.0	Host-associated		Unclassified		Gram-	Anaerobe	0.0			0.0				35.0				s__Fusobacterium_C_necrophorum.json		d__Bacteria	p__Fusobacteriota	c__Fusobacteriia	o__Fusobacteriales	f__Fusobacteriaceae	g__Fusobacterium_C	s__Fusobacterium_C necrophorum					s__Fusobacterium_C_necrophorum	species
	Human							0.0	0.0	Yes	0.0					Gram-	Facultative anaerobe	0.0		0.0	0.0				51.0				s__G047199095_sp047199095.json		d__Bacteria	p__Pseudomonadota	c__Gammaproteobacteria	o__Enterobacterales	f__Enterobacteriaceae	g__G047199095	s__G047199095 sp047199095					s__G047199095_sp047199095	species
0.0	Human	1720195.0	GCF_001487125.1	GCF_001487125.1		PMID:30745586	Literature research									Gram-												ftp.ncbi.nlm.nih.gov/genomes/all/GCA/001/487/125/GCA_001487125.1_Sanguibacteroides_massiliensis	s__Gabonibacter_massiliensis.json	1720195.0	d__Bacteria	p__Bacteroidota	c__Bacteroidia	o__Bacteroidales	f__Marinifilaceae	g__Gabonibacter	s__Gabonibacter massiliensis					s__Gabonibacter_massiliensis	species
0.0	Human	1321814.0		GCF_000488855.1	2558860285.0	PMID:20203603; PMID:24861948	AGORA 1.03	0.0	0.0	Yes	0.0	Host-associated	Human	Oral	Digestive system	Gram+	0	0.0	0		0.0	1543725.0	1519.0	585205.0	38.0	1479.0	97.37	ftp://ftp.ncbi.nlm.nih.gov/genomes/all/GCF/000/488/855/GCF_000488855.1_ASM48885v1	s__Gallibacter_brachus.json	1321814.0	d__Bacteria	p__Bacillota	c__Clostridia	o__Peptostreptococcales	f__Anaerovoracaceae	g__Gallibacter	s__Gallibacter brachus				0.0	s__Gallibacter_brachus	species
1.0	Human	546270.0		GCF_000173915.1	645058834.0	PMID:20203603; PMID:24861948	AGORA 1.03	0.0	0.0	Yes		Host-associated	Human	Oral	Digestive system	Gram+	Facultative	0.0	Motile		0.0	1916192.0	1764.0	591636.0	31.0	1710.0	96.94	ftp://ftp.ncbi.nlm.nih.gov/genomes/all/GCF/000/173/915/GCF_000173915.1_ASM17391v1	s__Gemella_haemolysans.json	546270.0	d__Bacteria	p__Bacillota	c__Bacilli	o__Staphylococcales	f__Gemellaceae	g__Gemella	s__Gemella haemolysans		Gemella haemolysans ATCC 10379 (546270.5)	546270.5		s__Gemella_haemolysans	species
2.0	Human	562981.0		GCF_000204355.1	651324034.0	Strains of species found in the human gut (PMID:24861948) present in PubSEED	Initial strain selection	0.0	0.0	Yes		Host-associated	Human	Unclassified	Respiratory system	Gram+	Facultative	0.0	Motile			2034879.0	1982.0	624843.0	31.0	1933.0	97.53	ftp://ftp.ncbi.nlm.nih.gov/genomes/all/GCF/000/204/355/GCF_000204355.1_Geme_haem_M341_V1	s__Gemella_haemolysans_A.json	562981.0	d__Bacteria	p__Bacillota	c__Bacilli	o__Staphylococcales	f__Gemellaceae	g__Gemella	s__Gemella haemolysans_A		Gemella haemolysans M341 (562981.3)	562981.3		s__Gemella_haemolysans_A	species
2.0	Human	562982.0	GCF_000204355.1	GCF_000185645.1	649989952.0	PMID:20203603; PMID:24861948	AGORA 1.03	0.0	0.0	Yes		Host-associated	Human	Unclassified	Respiratory system	Gram+	Facultative	0.0	Motile			1745783.0	1666.0	537662.0	31.0	1622.0	97.36	ftp://ftp.ncbi.nlm.nih.gov/genomes/all/GCF/000/185/645/GCF_000185645.1_ASM18564v1	s__Gemella_morbillorum.json	562982.0	d__Bacteria	p__Bacillota	c__Bacilli	o__Staphylococcales	f__Gemellaceae	g__Gemella	s__Gemella morbillorum		Gemella moribillum M424 (562982.3)	562982.3		s__Gemella_morbillorum	species
	Human					PMID:20203603; PMID:24861948	AGORA 1.03	0.0	0.0	Yes	0.0	Host-associated	Human			Gram+	Facultative	0.0		0.0	0.0				30.0				s__Gemella_sanguinis.json		d__Bacteria	p__Bacillota	c__Bacilli	o__Staphylococcales	f__Gemellaceae	g__Gemella	s__Gemella sanguinis				0.0	s__Gemella_sanguinis	species
1.0	Human	214688.0		GCF_000171775.1	641736268.0	https://www.biorxiv.org/content/10.1101/691030v1	Literature research	0.0	0.0	Yes	0.0	Environmental	Aquatic	Unclassified	Freshwater	Gram-	Aerobe	0.0	Motile	0.0	0.0	9161841.0	8086.0	6154508.0	67.0	7989.0	98.8	ftp://ftp.ncbi.nlm.nih.gov/genomes/all/GCF/000/171/775/GCF_000171775.1_ASM17177v1	s__Gemmata_obscuriglobus.json	214688.0	d__Bacteria	p__Planctomycetota	c__Planctomycetia	o__Gemmatales	f__Gemmataceae	g__Gemmata	s__Gemmata obscuriglobus		Gemmata obscuriglobus UQM 2246 (214688.3)	214688.3		s__Gemmata_obscuriglobus	species
1.0	Human	379066.0		GCF_000010305.1	643692024.0	https://www.biorxiv.org/content/10.1101/691030v1	Literature research	0.0	0.0	Yes	0.0	Engineered	Biotransformation	Unclassified	Unclassified	Gram-	Aerobe	0.0	Motile	0.0	0.0	4636964.0	3987.0	2980379.0	64.0	3935.0	98.7	ftp://ftp.ncbi.nlm.nih.gov/genomes/all/GCF/000/010/305/GCF_000010305.1_ASM1030v1	s__Gemmatimonas_aurantiaca.json	379066.0	d__Bacteria	p__Gemmatimonadota	c__Gemmatimonadetes	o__Gemmatimonadales	f__Gemmatimonadaceae	g__Gemmatimonas	s__Gemmatimonas aurantiaca	0.0	Gemmatimonas aurantiaca T-27 (379066.3)	379066.3		s__Gemmatimonas_aurantiaca	species
1.0	Human	411471.0	GCF_000180075.1	GCF_000157955.1	2562617078.0	PMID:20203603; PMID:24861948	AGORA 1.03	0.0	0.0	Yes	0.0	Host-associated	Human	Large intestine	Digestive system	Gram+	Anaerobe	0.0	Nonmotile		0.0	3237471.0	3450.0	1875069.0	58.0	3381.0	98.0	ftp://ftp.ncbi.nlm.nih.gov/genomes/all/GCF/000/157/955/GCF_000157955.1_ASM15795v1	s__Gemmiger_variabilis.json	411471.0	d__Bacteria	p__Bacillota	c__Clostridia	o__Oscillospirales	f__Ruminococcaceae	g__Gemmiger	s__Gemmiger variabilis		Subdoligranulum variabile DSM 15176 (411471.5)	411471.5		s__Gemmiger_variabilis	species
0.0	Human	937593.0		GCF_000705495.1	2609459972.0	PMID:20203603; PMID:24861948	AGORA 1.03	0.0	0.0	Yes	0.0	Engineered	Food production	Unclassified	Unclassified	Gram+	Aerobe	0.0	Motile	0.0	0.0	2787229.0	3073.0	1460171.0	52.0	2956.0	96.19	ftp://ftp.ncbi.nlm.nih.gov/genomes/all/GCF/000/705/495/GCF_000705495.1_GbsDonk1.0	s__Geobacillus_stearothermophilus.json	937593.0	d__Bacteria	p__Bacillota	c__Bacilli	o__Bacillales	f__Anoxybacillaceae	g__Geobacillus	s__Geobacillus stearothermophilus					s__Geobacillus_stearothermophilus	species
0.0	Human	1382315.0		GCF_000733845.1	2574179705.0	PMID:20203603; PMID:24861948	AGORA 1.03	0.0	0.0	Yes	0.0	0	0	0	0	Gram+	Aerobe	0.0	0	0.0	0.0	3389115.0	3523.0	1776055.0	52.0	3386.0	96.11	ftp://ftp.ncbi.nlm.nih.gov/genomes/all/GCF/000/733/845/GCF_000733845.1_ASM73384v1	s__Geobacillus_vulcani.json	1382315.0	d__Bacteria	p__Bacillota	c__Bacilli	o__Bacillales	f__Anoxybacillaceae	g__Geobacillus	s__Geobacillus vulcani	0.0			0.0	s__Geobacillus_vulcani	species
0.0	Human	66228.0	GCF_002871995.1	GCF_002871995.1	2808606627.0	PMID:31171880	Literature research	0.0	0.0	Yes	0.0	Host-associated	Human	Unclassified	Excretory system	Gram+	Facultative anaerobe	0.0	Nonmotile	0.0	0.0	2069850.0	1917.0	1162744.0	56.0	1853.0	96.66	ftp://ftp.ncbi.nlm.nih.gov/genomes/all/GCF/002/871/995/GCF_002871995.1_ASM287199v1	s__Gleimia_europaea.json	66228.0	d__Bacteria	p__Actinomycetota	c__Actinomycetes	o__Actinomycetales	f__Actinomycetaceae	g__Gleimia	s__Gleimia europaea	0.0			0.0	s__Gleimia_europaea	species
1.0	Human	883069.0	GCF_000411155.1	GCF_000411155.1	2541046977.0	PMID:31171880	Literature research	0.0	0.0	Yes	0.0	Host-associated	Human	Vagina	Reproductive system	Gram+	Facultative anaerobe	0.0	Nonmotile			1905561.0	1729.0	1079574.0	57.0	1670.0	96.59	ftp://ftp.ncbi.nlm.nih.gov/genomes/all/GCF/000/411/155/GCF_000411155.1_Acti_euro_ACS-120-V-COL10B_V1	s__Gleimia_europaea_B.json	883069.0	d__Bacteria	p__Actinomycetota	c__Actinomycetes	o__Actinomycetales	f__Actinomycetaceae	g__Gleimia	s__Gleimia europaea_B		Actinomyces europaeus ACS-120-V-Col10b (883069.3)	883069.3		s__Gleimia_europaea_B	species
2.0	Human	1077975.0		GCF_000327325.1	2523231045.0	PMID:20203603; PMID:24861948	AGORA 1.03	0.0	0.0	Yes	0.0	Environmental	Terrestrial	Unclassified	Soil	Gram+	Aerobe	0.0	0	0.0	0.0	5204225.0	4856.0	3506763.0	67.0	4801.0	98.87	ftp://ftp.ncbi.nlm.nih.gov/genomes/all/GCF/000/327/325/GCF_000327325.1_ASM32732v1	s__Gordonia_rubripertincta.json	1077975.0	d__Bacteria	p__Actinomycetota	c__Actinomycetes	o__Mycobacteriales	f__Mycobacteriaceae	g__Gordonia	s__Gordonia rubripertincta		Gordonia rubripertincta NBRC 101908 (1077975.4)	1077975.4	0.0	s__Gordonia_rubripertincta	species
2.0	Human	1316928.0		GCF_000390025.1	2545824722.0	PMID:20203603; PMID:24861948	AGORA 1.03	0.0	0.0	Yes	0.0	Environmental	Terrestrial	Unclassified	Soil	Gram+	Aerobe	0.0	0	0.0	0.0	5170241.0	4694.0	3510583.0	68.0	4645.0	98.96	ftp://ftp.ncbi.nlm.nih.gov/genomes/all/GCF/000/390/025/GCF_000390025.1_C-6	s__Gordonia_sp000143885.json	1316928.0	d__Bacteria	p__Actinomycetota	c__Actinomycetes	o__Mycobacteriales	f__Mycobacteriaceae	g__Gordonia	s__Gordonia sp000143885	0.0	Gordonia terrae C-6 (1316928.3)	1316928.3	0.0	s__Gordonia_sp000143885	species
2.0	Human	1089454.0	GCF_000390025.1	GCF_000248035.1	2513237320.0	PMID:20203603; PMID:24861948	AGORA 1.03	0.0	0.0	Yes	0.0	Environmental	Terrestrial	Unclassified	Soil	Gram+	Aerobe	0.0	0	0.0	0.0	5669149.0	5181.0	3845864.0	68.0	5129.0	99.0	ftp://ftp.ncbi.nlm.nih.gov/genomes/all/GCF/000/248/035/GCF_000248035.1_ASM24803v2	s__Gordonia_terrae.json	1089454.0	d__Bacteria	p__Actinomycetota	c__Actinomycetes	o__Mycobacteriales	f__Mycobacteriaceae	g__Gordonia	s__Gordonia terrae		Gordonia terrae NBRC 100016 (1089454.3)	1089454.3	0.0	s__Gordonia_terrae	species
2.0	Human	657308.0		GCF_000210055.1	650377943.0	PMID:20203603; PMID:24861948	AGORA 1.03	0.0	0.0	Yes	0.0	Host-associated	Human	Unclassified	Unclassified	Gram+	Obligate anaerobe	0.0	Motile			3608022.0	2077.0	2180199.0	65.0	2027.0	97.59	ftp://ftp.ncbi.nlm.nih.gov/genomes/all/GCF/000/210/055/GCF_000210055.1_ASM21005v1	s__Gordonibacter_pamelaeae.json	657308.0	d__Bacteria	p__Actinomycetota	c__Coriobacteriia	o__Coriobacteriales	f__Eggerthellaceae	g__Gordonibacter	s__Gordonibacter pamelaeae		Gordonibacter pamelaeae 7-10-1-b (657308.3)	657308.3		s__Gordonibacter_pamelaeae	species
0.0	Human	1689269.0	GCF_001457415.1	GCF_001457415.1		PMID:30745586	Literature research									Gram-												ftp.ncbi.nlm.nih.gov/genomes/all/GCF/001/457/415/GCF_001457415.1_Gorillibacterium_timonense	s__Gorillibacterium_timonense.json	1689269.0	d__Bacteria	p__Bacillota	c__Bacilli	o__Paenibacillales	f__NBRC-103111	g__Gorillibacterium	s__Gorillibacterium timonense					s__Gorillibacterium_timonense	species
0.0	Human	1128398.0	GCF_000299355.1	GCF_000299355.1	2517487003.0	PMID:31275260	Literature research	0.0	0.0	Yes	0.0	Environmental	Terrestrial	Unclassified	Soil	Gram+	Obligate anaerobe	0.0	Motile	0.0	0.0	3108248.0	2945.0	930410.0	30.0	2842.0	96.5	ftp://ftp.ncbi.nlm.nih.gov/genomes/all/GCF/000/299/355/GCF_000299355.1_ASM29935v1	s__Gottschalkia_acidurici.json	1128398.0	d__Bacteria	p__Bacillota	c__Clostridia	o__Tissierellales	f__Gottschalkiaceae	g__Gottschalkia	s__Gottschalkia acidurici					s__Gottschalkia_acidurici	species
0.0	Mouse	1503.0		GCF_001190785.1	2645727973.0	Personal communication, Dr. Jan Krumsiek	Personal communication	0.0	0.0	Yes	0.0	0	0	0	0	Gram+	0	0.0	0	0.0	0.0	3386069.0	3404.0	974623.0	29.0	3335.0	97.97	ftp://ftp.ncbi.nlm.nih.gov/genomes/all/GCF/001/190/785/GCF_001190785.1_ASM119078v1	s__Gottschalkia_A_purinilytica.json	1503.0	d__Bacteria	p__Bacillota	c__Clostridia	o__Tissierellales	f__Gottschalkiaceae	g__Gottschalkia_A	s__Gottschalkia_A purinilytica	0.0			0.0	s__Gottschalkia_A_purinilytica	species
0.0	Human	1564956.0	GCF_001458115.1	GCF_001458115.1		PMID:30745586	Literature research									Gram+												ftp.ncbi.nlm.nih.gov/genomes/all/GCF/001/458/115/GCF_001458115.1_Gracilibacillus_massiliensis	s__Gracilibacillus_massiliensis.json	1564956.0	d__Bacteria	p__Bacillota	c__Bacilli	o__Bacillales	f__Amphibacillaceae	g__Gracilibacillus	s__Gracilibacillus massiliensis					s__Gracilibacillus_massiliensis	species
0.0	Human	1816696.0	GCF_900086715.1	GCF_900086715.1		PMID:30745586	Literature research									Gram+												ftp.ncbi.nlm.nih.gov/genomes/all/GCF/900/086/715/GCF_900086715.1_PRJEB13933	s__Gracilibacillus_timonensis.json	1816696.0	d__Bacteria	p__Bacillota	c__Bacilli	o__Bacillales	f__Amphibacillaceae	g__Gracilibacillus	s__Gracilibacillus timonensis					s__Gracilibacillus_timonensis	species
2.0	Human	638301.0		GCF_000160675.1	645951817.0	PMID:20203603; PMID:24861948	AGORA 1.03	0.0	0.0	Yes	0.0	Host-associated	Human	Unclassified	Unclassified	Gram+	Facultative anaerobe	0.0	Nonmotile		0.0	1923088.0	1949.0	724024.0	38.0	1920.0	98.51	ftp://ftp.ncbi.nlm.nih.gov/genomes/all/GCF/000/160/675/GCF_000160675.1_ASM16067v1	s__Granulicatella_adiacens.json	638301.0	d__Bacteria	p__Bacillota	c__Bacilli	o__Lactobacillales	f__Aerococcaceae	g__Granulicatella	s__Granulicatella adiacens		Granulicatella adiacens ATCC 49175 (638301.3)	638301.3		s__Granulicatella_adiacens	species
2.0	Human	626369.0		GCF_000162475.2	647533172.0	PMID:20203603; PMID:24861948	AGORA 1.03	0.0	0.0	Yes	0.0	Host-associated	Human	Pulmonary system	Respiratory system	Gram+	Facultative anaerobe	0.0	Nonmotile		0.0	1900014.0	1745.0	627345.0	33.0	1701.0	97.48	ftp://ftp.ncbi.nlm.nih.gov/genomes/all/GCF/000/162/475/GCF_000162475.2_Gran_ele_ATCC_700633_V2	s__Granulicatella_elegans.json	626369.0	d__Bacteria	p__Bacillota	c__Bacilli	o__Lactobacillales	f__Aerococcaceae	g__Granulicatella	s__Granulicatella elegans		Granulicatella elegans ATCC 700633 (626369.3)	626369.3	0.0	s__Granulicatella_elegans	species
2.0	Human	1095742.0		GCF_000262285.1	2531839471.0	Strains of species found in the human gut (PMID:24861948) present in PubSEED	Initial strain selection	0.0	0.0	Yes	0.0	Host-associated	Human	Unclassified	Respiratory system	Gram-	Aerobe	0.0	0		0.0	1822726.0	1775.0	702541.0	39.0	1731.0	97.52	ftp://ftp.ncbi.nlm.nih.gov/genomes/all/GCF/000/262/285/GCF_000262285.1_ASM26228v1	s__Haemophilus_haemolyticus.json	1095742.0	d__Bacteria	p__Pseudomonadota	c__Gammaproteobacteria	o__Enterobacterales	f__Pasteurellaceae	g__Haemophilus	s__Haemophilus haemolyticus		Haemophilus haemolyticus HK386 (1095742.3)	1095742.3	0.0	s__Haemophilus_haemolyticus	species
1.0	Human	1028803.0	GCF_000262285.1	GCF_000222025.1	2529292793.0	PMID:20203603; PMID:24861948	AGORA 1.03	0.0	0.0	Yes	0.0	0	0	0	0	Gram-	Aerobe	0.0	0	0.0	0.0	1884911.0	1747.0	725389.0	38.0	1747.0	100.0	ftp://ftp.ncbi.nlm.nih.gov/genomes/all/GCF/000/222/025/GCF_000222025.1_ASM22202v2	s__Haemophilus_haemolyticus_G.json	1028803.0	d__Bacteria	p__Pseudomonadota	c__Gammaproteobacteria	o__Enterobacterales	f__Pasteurellaceae	g__Haemophilus	s__Haemophilus haemolyticus_G	0.0	Haemophilus haemolyticus M19501 (1028803.3)	1028803.3	0.0	s__Haemophilus_haemolyticus_G	species
1.0	Human	1028804.0		GCF_000222045.1	2534681807.0	Strains of species found in the human gut (PMID:24861948) present in KBase	Initial strain selection	0.0	0.0	Yes	0.0	Host-associated	Animal	Unclassified	Circulatory system	Gram-	Aerobe	0.0	0	0.0	0.0	1945624.0	1808.0	750348.0	39.0	1808.0	100.0	ftp://ftp.ncbi.nlm.nih.gov/genomes/all/GCF/000/222/045/GCF_000222045.1_ASM22204v2	s__Haemophilus_haemolyticus_N.json	1028804.0	d__Bacteria	p__Pseudomonadota	c__Gammaproteobacteria	o__Enterobacterales	f__Pasteurellaceae	g__Haemophilus	s__Haemophilus haemolyticus_N	0.0	Haemophilus haemolyticus M21127 (1028804.3)	1028804.3	0.0	s__Haemophilus_haemolyticus_N	species
	Human							0.0	0.0	Yes	0.0	Host-associated				Gram-		0.0	Nonmotile						38.0				s__Haemophilus_influenzae.json		d__Bacteria	p__Pseudomonadota	c__Gammaproteobacteria	o__Enterobacterales	f__Pasteurellaceae	g__Haemophilus	s__Haemophilus influenzae					s__Haemophilus_influenzae	species
2.0	Human	374932.0		GCF_000169815.1	640612207.0	Strains of species found in the human gut (PMID:24861948) present in PubSEED	Initial strain selection	0.0	0.0	Yes		Host-associated	Human	Unclassified	Skin	Gram-	Facultative anaerobe	0.0	Nonmotile		0.0	1837347.0	2022.0	698274.0	38.0	1977.0	97.77	ftp://ftp.ncbi.nlm.nih.gov/genomes/all/GCF/000/169/815/GCF_000169815.1_ASM16981v1	s__Haemophilus_influenzae_E.json	374932.0	d__Bacteria	p__Pseudomonadota	c__Gammaproteobacteria	o__Enterobacterales	f__Pasteurellaceae	g__Haemophilus	s__Haemophilus influenzae_E		Haemophilus influenzae PittHH (374932.4)	374932.4		s__Haemophilus_influenzae_E	species
2.0	Human					Strains of species found in the human gut (PMID:24861948) present in PubSEED	Initial strain selection	0.0	0.0	Yes		Host-associated		Unclassified		Gram-	Facultative anaerobe	0.0	Nonmotile		0.0				38.0				s__Haemophilus_influenzae_I.json		d__Bacteria	p__Pseudomonadota	c__Gammaproteobacteria	o__Enterobacterales	f__Pasteurellaceae	g__Haemophilus	s__Haemophilus influenzae_I					s__Haemophilus_influenzae_I	species
2.0	Human	1028806.0		GCF_000222085.1	2534681808.0	Strains of species found in the human gut (PMID:24861948) present in PubSEED	Initial strain selection	0.0	0.0	Yes	0.0	Host-associated	Animal	Unclassified	Circulatory system	Gram-	Aerobe	0.0	0	0.0	0.0	2328161.0	2224.0	898479.0	39.0	2224.0	100.0	https://www.ncbi.nlm.nih.gov/assembly/GCF_000222085.1/	s__Haemophilus_quentini.json	1028806.0	d__Bacteria	p__Pseudomonadota	c__Gammaproteobacteria	o__Enterobacterales	f__Pasteurellaceae	g__Haemophilus	s__Haemophilus quentini	0.0	Haemophilus haemolyticus M21639 (1028806.3)	1028806.3	0.0	s__Haemophilus_quentini	species
1.0	Human	1095744.0		GCF_900450675.1		PMID:31171880	Literature research	0.0	0.0							Gram-	Aerobe	0.0	0	0.0	0.0							ftp://ftp.ncbi.nlm.nih.gov/genomes/all/GCF/900/450/675/GCF_900450675.1_53694_G01	s__Haemophilus_A_parahaemolyticus.json	1095744.0	d__Bacteria	p__Pseudomonadota	c__Gammaproteobacteria	o__Enterobacterales	f__Pasteurellaceae	g__Haemophilus_A	s__Haemophilus_A parahaemolyticus	0.0	Haemophilus parahaemolyticus HK385 (1095744.4)	1095744.4	0.0	s__Haemophilus_A_parahaemolyticus	species
0.0	Human	1430896.0		GCF_000826045.1	2636415946.0	PMID:31171880	Literature research	0.0	0.0	Yes	0.0	0	0	0	0	Gram-	Aerobe	0.0	0	0.0	0.0	2037768.0	2091.0	817367.0	40.0	2026.0	96.89	ftp://ftp.ncbi.nlm.nih.gov/genomes/all/GCF/000/826/045/GCF_000826045.1_Haemophilus_parahaemolyticus_G321	s__Haemophilus_A_parahaemolyticus_B.json	1430896.0	d__Bacteria	p__Pseudomonadota	c__Gammaproteobacteria	o__Enterobacterales	f__Pasteurellaceae	g__Haemophilus_A	s__Haemophilus_A parahaemolyticus_B	0.0			0.0	s__Haemophilus_A_parahaemolyticus_B	species
1.0	Human	1095743.0		GCF_000260675.1		PMID:31171880	Literature research	0.0	0.0							Gram-	Aerobe	0.0	0	0.0	0.0							ftp://ftp.ncbi.nlm.nih.gov/genomes/all/GCF/000/260/675/GCF_000260675.1_HparaphrohaemolyticusHK411v1.0	s__Haemophilus_A_paraphrohaemolyticus.json	1095743.0	d__Bacteria	p__Pseudomonadota	c__Gammaproteobacteria	o__Enterobacterales	f__Pasteurellaceae	g__Haemophilus_A	s__Haemophilus_A paraphrohaemolyticus	0.0	Haemophilus paraphrohaemolyticus HK411 (1095743.3)	1095743.3	0.0	s__Haemophilus_A_paraphrohaemolyticus	species
2.0	Human							0.0	0.0	Yes	0.0	Host-associated	Human			Gram-	Facultative anaerobe	0.0			0.0								s__Haemophilus_A_sputorum.json		d__Bacteria	p__Pseudomonadota	c__Gammaproteobacteria	o__Enterobacterales	f__Pasteurellaceae	g__Haemophilus_A	s__Haemophilus_A sputorum					s__Haemophilus_A_sputorum	species
2.0	Human	888828.0		GCF_000191405.1	651324039.0	Strains of species found in the human gut (PMID:24861948) present in PubSEED	Initial strain selection	0.0	0.0	Yes	0.0	Host-associated	Human	Unclassified	Unclassified	Gram-	Facultative anaerobe	0.0	Nonmotile		0.0	2110314.0	2067.0	826857.0	39.0	2010.0	97.24	ftp://ftp.ncbi.nlm.nih.gov/genomes/all/GCF/000/191/405/GCF_000191405.1_ASM19140v1	s__Haemophilus_D_parainfluenzae.json	888828.0	d__Bacteria	p__Pseudomonadota	c__Gammaproteobacteria	o__Enterobacterales	f__Pasteurellaceae	g__Haemophilus_D	s__Haemophilus_D parainfluenzae		Haemophilus parainfluenzae ATCC 33392 (888828.3)	888828.3		s__Haemophilus_D_parainfluenzae	species
2.0	Human	862965.0	GCF_000259485.1	GCF_000210895.1	650377947.0	PMID:20203603; PMID:24861948	AGORA 1.03	0.0	0.0	Yes	0.0	0	0	0	0	Gram-	Facultative anaerobe	0.0	Nonmotile	0.0	0.0	2086875.0	2057.0	825815.0	40.0	1981.0	96.31	ftp://ftp.ncbi.nlm.nih.gov/genomes/all/GCF/000/210/895/GCF_000210895.1_ASM21089v1	s__Haemophilus_D_parainfluenzae_A.json	862965.0	d__Bacteria	p__Pseudomonadota	c__Gammaproteobacteria	o__Enterobacterales	f__Pasteurellaceae	g__Haemophilus_D	s__Haemophilus_D parainfluenzae_A		Haemophilus parainfluenzae T3T1 (862965.3)	862965.3		s__Haemophilus_D_parainfluenzae_A	species
2.0	Human					Strains of species found in the human gut (PMID:24861948) present in PubSEED	Initial strain selection	0.0	0.0	Yes	0.0	Host-associated	Human	Unclassified		Gram-	Facultative anaerobe	0.0	0	0.0	0.0				39.0				s__Haemophilus_D_parainfluenzae_AD.json		d__Bacteria	p__Pseudomonadota	c__Gammaproteobacteria	o__Enterobacterales	f__Pasteurellaceae	g__Haemophilus_D	s__Haemophilus_D parainfluenzae_AD				0.0	s__Haemophilus_D_parainfluenzae_AD	species
	Human				2512047060.0	PMID:31171880	Literature research	0.0	0.0	Yes	0.0	Host-associated	Human	Oral	Digestive system	Gram-	Aerobe	0.0	0		0.0	2182608.0	2473.0	928499.0	43.0	2390.0	96.64		s__Haemophilus_D_pittmaniae.json		d__Bacteria	p__Pseudomonadota	c__Gammaproteobacteria	o__Enterobacterales	f__Pasteurellaceae	g__Haemophilus_D	s__Haemophilus_D pittmaniae		Haemophilus pittmaniae HK 85 (1035188.3)	1035188.3	0.0	s__Haemophilus_D_pittmaniae	species
0.0	Human	1453496.0	NZ_CP009706	GCF_000597785.2	2667527506.0	PMID:31275260	Literature research	0.0	0.0	Yes	0.0	0	0	0	0	Gram-	Facultative anaerobe	0.0	0	0.0	0.0	4712721.0	4428.0	2308775.0	49.0	4260.0	96.21	ftp://ftp.ncbi.nlm.nih.gov/genomes/all/GCF/000/597/785/GCF_000597785.2_ASM59778v2	s__Hafnia_alvei.json	1453496.0	d__Bacteria	p__Pseudomonadota	c__Gammaproteobacteria	o__Enterobacterales	f__Enterobacteriaceae	g__Hafnia	s__Hafnia alvei	0.0			0.0	s__Hafnia_alvei	species
	Human							0.0	0.0	Yes	0.0	Host-associated	Human			Gram-		0.0			0.0				48.0				s__Hafnia_paralvei.json		d__Bacteria	p__Pseudomonadota	c__Gammaproteobacteria	o__Enterobacterales	f__Enterobacteriaceae	g__Hafnia	s__Hafnia paralvei				0.0	s__Hafnia_paralvei	species
0.0	Human					https://www.biorxiv.org/content/10.1101/691030v1	Literature research	0.0	0.0	Yes	0.0					Gram-	0		0	0.0	0.0				49.0				s__Hafnia_protea.json		d__Bacteria	p__Pseudomonadota	c__Gammaproteobacteria	o__Enterobacterales	f__Enterobacteriaceae	g__Hafnia	s__Hafnia protea	0.0			0.0	s__Hafnia_protea	species
2.0	Human	272558.0		GCF_000011145.1	637000020.0	PMID:20203603; PMID:24861948	AGORA 1.03	0.0	0.0	Yes	0.0	0	0	0	0	Gram+	Facultative	0.0	Motile	0.0	0.0	4202352.0	4239.0	1835819.0	44.0	4066.0	95.92	ftp://ftp.ncbi.nlm.nih.gov/genomes/all/GCF/000/011/145/GCF_000011145.1_ASM1114v1	s__Halalkalibacterium_halodurans.json	272558.0	d__Bacteria	p__Bacillota	c__Bacilli	o__Bacillales	f__Bacillaceae_D	g__Halalkalibacterium	s__Halalkalibacterium halodurans		Bacillus halodurans C-125 (272558.8)	272558.8		s__Halalkalibacterium_halodurans	species
0.0	Human	931277.0		GCF_000336695.1		PMID:20203603; PMID:24861948	AGORA 1.03	0.0	0.0							Gram-	0	0.0	0	0.0	0.0							https://www.ncbi.nlm.nih.gov/assembly/GCF_000336695.1/	s__Halococcus_morrhuae.json	931277.0	d__Archaea	p__Halobacteriota	c__Halobacteria	o__Halobacteriales	f__Halococcaceae	g__Halococcus	s__Halococcus morrhuae	0.0			0.0	s__Halococcus_morrhuae	species
2.0	Human	1121444.0		GCF_000384815.1	2518645586.0	Strains of species found in the human gut (PMID:24861948) present in PubSEED	Initial strain selection	0.0	0.0	Yes	0.0	Environmental	Terrestrial	Unclassified	Soil	Gram-	Anaerobe	0.0	0	0.0	0.0	3551290.0	3251.0	1602320.0	45.0	3139.0	96.55	ftp://ftp.ncbi.nlm.nih.gov/genomes/all/GCF/000/384/815/GCF_000384815.1_ASM38481v1	s__Halodesulfovibrio_aestuarii.json	1121444.0	d__Bacteria	p__Desulfobacterota	c__Desulfovibrionia	o__Desulfovibrionales	f__Desulfovibrionaceae	g__Halodesulfovibrio	s__Halodesulfovibrio aestuarii		Desulfovibrio desulfuricans subsp. aestuarii DSM 17919 = ATCC 29578 (1121444.3)	1121444.3	0.0	s__Halodesulfovibrio_aestuarii	species
2.0	Human							0.0	0.0	Yes						Gram-	Microaerophile	0.0							39.0				s__Helicobacter_pylori.json		d__Bacteria	p__Campylobacterota	c__Campylobacteria	o__Campylobacterales	f__Helicobacteraceae	g__Helicobacter	s__Helicobacter pylori					s__Helicobacter_pylori	species
2.0	Human	907239.0	GCF_000224575.1	GCF_000185245.1	650377952.0	Strains of species found in the human gut (PMID:24861948) present in PubSEED	Initial strain selection	0.0	0.0	Yes		Host-associated	Unclassified	Unclassified	Unclassified	Gram-	Microaerophile	0.0	Motile		0.0	1679829.0	1614.0	645470.0	38.0	1572.0	97.4	ftp://ftp.ncbi.nlm.nih.gov/genomes/all/GCF/000/185/245/GCF_000185245.1_ASM18524v1	s__Helicobacter_pylori_A.json	907239.0	d__Bacteria	p__Campylobacterota	c__Campylobacteria	o__Campylobacterales	f__Helicobacteraceae	g__Helicobacter	s__Helicobacter pylori_A		Helicobacter pylori SouthAfrica7 (907239.3)	907239.3		s__Helicobacter_pylori_A	species
	Human						Initial strain selection	0.0	0.0	Yes						Gram-	Microaerophile	0.0			0.0				39.0				s__Helicobacter_pylori_BU.json		d__Bacteria	p__Campylobacterota	c__Campylobacteria	o__Campylobacterales	f__Helicobacteraceae	g__Helicobacter	s__Helicobacter pylori_BU					s__Helicobacter_pylori_BU	species
	Human						Initial strain selection	0.0	0.0	Yes						Gram-	Microaerophile	0.0							39.0				s__Helicobacter_pylori_C.json		d__Bacteria	p__Campylobacterota	c__Campylobacteria	o__Campylobacterales	f__Helicobacteraceae	g__Helicobacter	s__Helicobacter pylori_C					s__Helicobacter_pylori_C	species
1.0	Human					Strains of species found in the human gut (PMID:24861948) present in KBase	Initial strain selection	0.0	0.0	Yes	0.0	0	0	0	0	Gram-	Microaerophile		0	0.0	0.0				39.0				s__Helicobacter_pylori_CI.json		d__Bacteria	p__Campylobacterota	c__Campylobacteria	o__Campylobacterales	f__Helicobacteraceae	g__Helicobacter	s__Helicobacter pylori_CI					s__Helicobacter_pylori_CI	species
	Human						Initial strain selection	0.0	0.0	Yes	0.0	Host-associated		Unclassified	Unclassified	Gram-	Microaerophile	0.0		0.0	0.0				39.0				s__Helicobacter_pylori_CN.json		d__Bacteria	p__Campylobacterota	c__Campylobacteria	o__Campylobacterales	f__Helicobacteraceae	g__Helicobacter	s__Helicobacter pylori_CN				0.0	s__Helicobacter_pylori_CN	species
2.0	Human	1321939.0	GCF_000401375.1	GCF_000392515.3	2545824636.0	Strains of species found in the human gut (PMID:24861948) present in PubSEED	Initial strain selection	0.0	0.0	Yes	0.0	Host-associated	Human	Unclassified	Digestive system	Gram-	Microaerophile	0.0	0	0.0	0.0	1694406.0	1679.0	659134.0	39.0	1637.0	97.5	ftp://ftp.ncbi.nlm.nih.gov/genomes/all/GCF/000/392/515/GCF_000392515.3_ASM39251v3	s__Helicobacter_pylori_CP.json	1321939.0	d__Bacteria	p__Campylobacterota	c__Campylobacteria	o__Campylobacterales	f__Helicobacteraceae	g__Helicobacter	s__Helicobacter pylori_CP	0.0	Helicobacter pylori UM037 (1321939.6)	1321939.6	0.0	s__Helicobacter_pylori_CP	species
2.0	Human					Strains of species found in the human gut (PMID:24861948) present in PubSEED	Initial strain selection	0.0	0.0	Yes						Gram-	Microaerophile	0.0			0.0				39.0				s__Helicobacter_pylori_CT.json		d__Bacteria	p__Campylobacterota	c__Campylobacteria	o__Campylobacterales	f__Helicobacteraceae	g__Helicobacter	s__Helicobacter pylori_CT					s__Helicobacter_pylori_CT	species
2.0	Human					Strains of species found in the human gut (PMID:24861948) present in PubSEED	Initial strain selection	0.0	0.0							Gram-	Microaerophile	0.0	0	0.0	0.0								s__Helicobacter_pylori_CU.json		d__Bacteria	p__Campylobacterota	c__Campylobacteria	o__Campylobacterales	f__Helicobacteraceae	g__Helicobacter	s__Helicobacter pylori_CU	0.0			0.0	s__Helicobacter_pylori_CU	species
2.0	Human					Strains of species found in the human gut (PMID:24861948) present in PubSEED	Initial strain selection	0.0	0.0	Yes	0.0					Gram-	Microaerophile			0.0	0.0				39.0				s__Helicobacter_pylori_CV.json		d__Bacteria	p__Campylobacterota	c__Campylobacteria	o__Campylobacterales	f__Helicobacteraceae	g__Helicobacter	s__Helicobacter pylori_CV					s__Helicobacter_pylori_CV	species
2.0	Human	1248725.0	GCF_000274925.1	GCF_000348865.1	2597489927.0	Strains of species found in the human gut (PMID:24861948) present in PubSEED	Initial strain selection	0.0	0.0	Yes	0.0	0	0	0	0	Gram-	Microaerophile	0.0	0	0.0	0.0	1616617.0	1574.0	626117.0	39.0	1527.0	97.01	ftp://ftp.ncbi.nlm.nih.gov/genomes/all/GCF/000/348/865/GCF_000348865.1_ASM34886v1	s__Helicobacter_pylori_CY.json	1248725.0	d__Bacteria	p__Campylobacterota	c__Campylobacteria	o__Campylobacterales	f__Helicobacteraceae	g__Helicobacter	s__Helicobacter pylori_CY	0.0	Helicobacter pylori OK113 (1248725.3)	1248725.3	0.0	s__Helicobacter_pylori_CY	species
2.0	Human					Strains of species found in the human gut (PMID:24861948) present in PubSEED	Initial strain selection	0.0	0.0	Yes						Gram-	Microaerophile	0.0							39.0				s__Helicobacter_pylori_DD.json		d__Bacteria	p__Campylobacterota	c__Campylobacteria	o__Campylobacterales	f__Helicobacteraceae	g__Helicobacter	s__Helicobacter pylori_DD					s__Helicobacter_pylori_DD	species
2.0	Human					Strains of species found in the human gut (PMID:24861948) present in PubSEED	Initial strain selection	0.0	0.0	Yes		Host-associated	Unclassified	Unclassified	Unclassified	Gram-	Microaerophile	0.0	Motile						39.0				s__Helicobacter_pylori_DE.json		d__Bacteria	p__Campylobacterota	c__Campylobacteria	o__Campylobacterales	f__Helicobacteraceae	g__Helicobacter	s__Helicobacter pylori_DE					s__Helicobacter_pylori_DE	species
1.0	Human	981219.0	GCF_000285115.1	GCF_000285215.1	2548876500.0	Strains of species found in the human gut (PMID:24861948) present in KBase	Initial strain selection	0.0	0.0	Yes	0.0	0	0	0	0	Gram-	Microaerophile		0	0.0	0.0	1622411.0	1703.0	634192.0	39.0	1659.0	97.42	https://www.ncbi.nlm.nih.gov/assembly/GCF_000285215.1/	s__Helicobacter_pylori_DG.json	981219.0	d__Bacteria	p__Campylobacterota	c__Campylobacteria	o__Campylobacterales	f__Helicobacteraceae	g__Helicobacter	s__Helicobacter pylori_DG		Helicobacter pylori NQ367 (981219.3)	981219.3		s__Helicobacter_pylori_DG	species
2.0	Human	765962.0	GCF_000020245.1	GCF_000148855.1	648028032.0	Strains of species found in the human gut (PMID:24861948) present in PubSEED	Initial strain selection	0.0	0.0	Yes		Host-associated	Human	Unclassified	Unclassified	Gram-	Microaerophile	0.0	Motile		0.0	1658051.0	1623.0	644966.0	39.0	1581.0	97.41	ftp://ftp.ncbi.nlm.nih.gov/genomes/all/GCF/000/148/855/GCF_000148855.1_ASM14885v1	s__Helicobacter_pylori_DH.json	765962.0	d__Bacteria	p__Campylobacterota	c__Campylobacteria	o__Campylobacterales	f__Helicobacteraceae	g__Helicobacter	s__Helicobacter pylori_DH		Helicobacter pylori SJM180 (765962.4)	765962.4		s__Helicobacter_pylori_DH	species
	Human						Initial strain selection	0.0	0.0	Yes	0.0	0	0	0	0	Gram-	Microaerophile		0	0.0	0.0				39.0				s__Helicobacter_pylori_DI.json		d__Bacteria	p__Campylobacterota	c__Campylobacteria	o__Campylobacterales	f__Helicobacteraceae	g__Helicobacter	s__Helicobacter pylori_DI					s__Helicobacter_pylori_DI	species
	Human						Initial strain selection	0.0	0.0	Yes		Host-associated	Unclassified	Unclassified	Unclassified	Gram-	Microaerophile	0.0	Motile						39.0				s__Helicobacter_pylori_DL.json		d__Bacteria	p__Campylobacterota	c__Campylobacteria	o__Campylobacterales	f__Helicobacteraceae	g__Helicobacter	s__Helicobacter pylori_DL					s__Helicobacter_pylori_DL	species
2.0	Human	992028.0	GCF_000285155.1	GCF_000274625.1	2526164637.0	Strains of species found in the human gut (PMID:24861948) present in PubSEED	Initial strain selection	0.0	0.0	Yes		Host-associated	Unclassified	Unclassified	Unclassified	Gram-	Microaerophile	0.0	Motile			1728524.0	1807.0	669016.0	39.0	1766.0	97.73	ftp://ftp.ncbi.nlm.nih.gov/genomes/all/GCF/000/274/625/GCF_000274625.1_ASM27462v1	s__Helicobacter_pylori_DP.json	992028.0	d__Bacteria	p__Campylobacterota	c__Campylobacteria	o__Campylobacterales	f__Helicobacteraceae	g__Helicobacter	s__Helicobacter pylori_DP		Helicobacter pylori NQ4044 (992028.3)	992028.3		s__Helicobacter_pylori_DP	species
2.0	Human	1235804.0	GCF_000158435.2	GCF_000364285.1	2563367170.0	Strains of species found in the human gut (PMID:24861948) present in PubSEED	Initial strain selection	0.0	0.0	Yes	0.0	Host-associated	Mammals	Large intestine	Digestive system	Gram-	Microaerophile	0.0	0	0.0	0.0	2548580.0	2436.0	887777.0	35.0	2390.0	98.11	ftp://ftp.ncbi.nlm.nih.gov/genomes/all/GCF/000/364/285/GCF_000364285.1_Heli_bili_WiWa_V1	s__Helicobacter_A_bilis.json	1235804.0	d__Bacteria	p__Campylobacterota	c__Campylobacteria	o__Campylobacterales	f__Helicobacteraceae	g__Helicobacter_A	s__Helicobacter_A bilis	0.0	Helicobacter bilis WiWa (1235804.3)	1235804.3	0.0	s__Helicobacter_A_bilis	species
2.0	Human	613026.0	NZ_CP021886	GCF_000158435.2	2562617155.0	PMID:20203603; PMID:24861948	AGORA 1.03	0.0	0.0	Yes	0.0	Host-associated	Human	Large intestine	Digestive system	Gram-	Microaerophile	0.0	Motile		0.0	2523721.0	2307.0	878086.0	35.0	2269.0	98.35	ftp://ftp.ncbi.nlm.nih.gov/genomes/all/GCF/000/158/435/GCF_000158435.2_Heli_bilis_ATCC43879_V2	s__Helicobacter_A_rappini.json	613026.0	d__Bacteria	p__Campylobacterota	c__Campylobacteria	o__Campylobacterales	f__Helicobacteraceae	g__Helicobacter_A	s__Helicobacter_A rappini		Helicobacter bilis ATCC 43879 (613026.4)	613026.4		s__Helicobacter_A_rappini	species
0.0	Mouse	50960.0	GCF_000262655.1	GCF_900198495.1	2657245476.0	Personal communication, Dr. Jan Krumsiek	Personal communication	0.0	0.0	Yes	0.0	0	0	0	0	Gram-	Microaerophile	0.0	0	0.0	0.0	2389774.0	2402.0	795980.0	33.0	2359.0	98.21	ftp://ftp.ncbi.nlm.nih.gov/genomes/all/GCF/900/198/495/GCF_900198495.1_50960_7	s__Helicobacter_A_trogontum.json	50960.0	d__Bacteria	p__Campylobacterota	c__Campylobacteria	o__Campylobacterales	f__Helicobacteraceae	g__Helicobacter_A	s__Helicobacter_A trogontum	0.0			0.0	s__Helicobacter_A_trogontum	species
0.0	Human	1357399.0	GCF_000507865.1	GCF_000507865.1		PMID:30745586	Literature research									Gram-												ftp://ftp.ncbi.nlm.nih.gov/genomes/all/GCF/000/507/865/GCF_000507865.1_Heli_cani_NCTC_12740_V1	s__Helicobacter_B_canis.json	1357399.0	d__Bacteria	p__Campylobacterota	c__Campylobacteria	o__Campylobacterales	f__Helicobacteraceae	g__Helicobacter_B	s__Helicobacter_B canis					s__Helicobacter_B_canis	species
0.0	Human					https://www.biorxiv.org/content/10.1101/691030v1	Literature research	0.0	0.0	Yes	0.0	0	0	0	0	Gram-	Microaerophile	0.0	0	0.0	0.0				38.0				s__Helicobacter_B_fennelliae.json		d__Bacteria	p__Campylobacterota	c__Campylobacteria	o__Campylobacterales	f__Helicobacteraceae	g__Helicobacter_B	s__Helicobacter_B fennelliae	0.0			0.0	s__Helicobacter_B_fennelliae	species
0.0	Human	1357400.0	GCF_000507845.1	GCF_000507845.1		PMID:30745586	Literature research									Gram-												ftp://ftp.ncbi.nlm.nih.gov/genomes/all/GCF/000/507/845/GCF_000507845.1_Heli_maca_MIT_99-5501_V1	s__Helicobacter_B_macacae.json	1357400.0	d__Bacteria	p__Campylobacterota	c__Campylobacteria	o__Campylobacterales	f__Helicobacteraceae	g__Helicobacter_B	s__Helicobacter_B macacae					s__Helicobacter_B_macacae	species
2.0	Human	537971.0	GCF_000349975.1	GCF_000349975.1	643886141.0	PMID:20203603; PMID:24861948	AGORA 1.03	0.0	0.0	Yes		Host-associated	Animal	Unclassified	Digestive system	Gram-	Microaerophile	0.0	Motile		0.0	2182709.0	2424.0	839410.0	38.0	2384.0	98.35	ftp://ftp.ncbi.nlm.nih.gov/genomes/all/GCF/000/349/975/GCF_000349975.1_ASM34997v1	s__Helicobacter_C_cinaedi.json	537971.0	d__Bacteria	p__Campylobacterota	c__Campylobacteria	o__Campylobacterales	f__Helicobacteraceae	g__Helicobacter_C	s__Helicobacter_C cinaedi		Helicobacter cinaedi CCUG 18818 (537971.5)	537971.5		s__Helicobacter_C_cinaedi	species
2.0	Mouse	235279.0		GCF_000007905.1	637000131.0	Personal communication, Dr. Jan Krumsiek	Personal communication	0.0	0.0	Yes		Host-associated	Mammals	Unclassified	Excretory system	Gram-	Microaerophile	0.0	Motile			1799146.0	1919.0	646456.0	36.0	1875.0	97.71	ftp://ftp.ncbi.nlm.nih.gov/genomes/all/GCF/000/007/905/GCF_000007905.1_ASM790v1	s__Helicobacter_C_hepaticus.json	235279.0	d__Bacteria	p__Campylobacterota	c__Campylobacteria	o__Campylobacterales	f__Helicobacteraceae	g__Helicobacter_C	s__Helicobacter_C hepaticus		Helicobacter hepaticus ATCC 51449 (235279.5)	235279.5		s__Helicobacter_C_hepaticus	species
0.0	Mouse	76936.0	NZ_JRPK01000001	GCF_000765765.2	2687453639.0	Personal communication, Dr. Jan Krumsiek	Personal communication	0.0	0.0	Yes	0.0	0	0	0	0	Gram-	Microaerophile	0.0	0	0.0	0.0	1920832.0	1964.0	746338.0	39.0	1914.0	97.45	ftp://ftp.ncbi.nlm.nih.gov/genomes/all/GCF/000/765/765/GCF_000765765.2_ASM76576v2	s__Helicobacter_C_typhlonius.json	76936.0	d__Bacteria	p__Campylobacterota	c__Campylobacteria	o__Campylobacterales	f__Helicobacteraceae	g__Helicobacter_C	s__Helicobacter_C typhlonius	0.0			0.0	s__Helicobacter_C_typhlonius	species
0.0	Mouse	135569.0		GCF_003097575.1	2660238202.0	Personal communication, Dr. Jan Krumsiek	Personal communication	0.0	0.0	Yes	0.0	0	0	0	0	Gram-	Microaerophile	0.0	0	0.0	0.0	1961009.0	2217.0	648990.0	33.0	2175.0	98.11	ftp://ftp.ncbi.nlm.nih.gov/genomes/all/GCF/003/097/575/GCF_003097575.1_ASM309757v1	s__Helicobacter_D_apodemus.json	135569.0	d__Bacteria	p__Campylobacterota	c__Campylobacteria	o__Campylobacterales	f__Helicobacteraceae	g__Helicobacter_D	s__Helicobacter_D apodemus	0.0			0.0	s__Helicobacter_D_apodemus	species
2.0	Human	537970.0	GCF_000364285.1	GCF_000162575.1	2806310687.0	PMID:20203603; PMID:24861948	AGORA 1.03	0.0	0.0	Yes		Host-associated	Human	Unclassified	Unclassified	Gram-	Microaerophile	0.0	Motile		0.0	1623845.0	1634.0	547014.0	34.0	1580.0	96.7	ftp://ftp.ncbi.nlm.nih.gov/genomes/all/GCF/000/162/575/GCF_000162575.1_ASM16257v1	s__Helicobacter_D_canadensis.json	537970.0	d__Bacteria	p__Campylobacterota	c__Campylobacteria	o__Campylobacterales	f__Helicobacteraceae	g__Helicobacter_D	s__Helicobacter_D canadensis		Helicobacter canadensis MIT 98-5491 (Prj:30719) (537970.9)	537970.9		s__Helicobacter_D_canadensis	species
2.0	Human	537972.0	GCF_000349975.1	GCF_000155495.1	643886218.0	PMID:20203603; PMID:24861948	AGORA 1.03	0.0	0.0	Yes		Host-associated	Human	Unclassified	Unclassified	Gram-	Microaerophile	0.0	Motile		0.0	1919070.0	2113.0	655362.0	34.0	2074.0	98.15	ftp://ftp.ncbi.nlm.nih.gov/genomes/all/GCF/000/155/495/GCF_000155495.1_ASM15549v1	s__Helicobacter_D_pullorum.json	537972.0	d__Bacteria	p__Campylobacterota	c__Campylobacteria	o__Campylobacterales	f__Helicobacteraceae	g__Helicobacter_D	s__Helicobacter_D pullorum		Helicobacter pullorum MIT 98-5489 (537972.5)	537972.5		s__Helicobacter_D_pullorum	species
0.0	Mouse	1449345.0		GCF_000687535.1	2558309108.0	Personal communication, Dr. Jan Krumsiek	Personal communication	0.0	0.0	Yes	0.0	Host-associated	Mammals	Large intestine	Digestive system	Gram-	Microaerophile	0.0	Motile			1812891.0	1849.0	671717.0	37.0	1803.0	97.51	ftp://ftp.ncbi.nlm.nih.gov/genomes/all/GCF/000/687/535/GCF_000687535.1_ASM68753v1	s__Helicobacter_D_rodentium.json	1449345.0	d__Bacteria	p__Campylobacterota	c__Campylobacteria	o__Campylobacterales	f__Helicobacteraceae	g__Helicobacter_D	s__Helicobacter_D rodentium					s__Helicobacter_D_rodentium	species
2.0	Human	556267.0	NZ_LN907858	GCF_000158455.1	646206255.0	PMID:20203603; PMID:24861948	AGORA 1.03	0.0	0.0	Yes	0.0	Host-associated	Human	Large intestine	Digestive system	Gram-	Microaerophile	0.0	Motile		0.0	1690216.0	1677.0	587256.0	35.0	1639.0	97.73	ftp://ftp.ncbi.nlm.nih.gov/genomes/all/GCF/000/158/455/GCF_000158455.1_ASM15845v1	s__Helicobacter_D_winghamensis.json	556267.0	d__Bacteria	p__Campylobacterota	c__Campylobacteria	o__Campylobacterales	f__Helicobacteraceae	g__Helicobacter_D	s__Helicobacter_D winghamensis		Helicobacter winghamensis ATCC BAA-430 (556267.4)	556267.4		s__Helicobacter_D_winghamensis	species
0.0	Human	1235558.0	GCF_000478365.1	GCF_000478365.1	2551306420.0	https://www.biorxiv.org/content/10.1101/691030v1	Literature research	0.0	0.0	Yes	0.0	Environmental	Aquatic	Drinking water	Freshwater	Gram-	0	0.0	0	0.0	0.0	5777919.0	5306.0	3598256.0	62.0	5237.0	98.7	ftp://ftp.ncbi.nlm.nih.gov/genomes/all/GCF/000/478/365/GCF_000478365.1_Hputei1.0	s__Herbaspirillum_huttiense.json	1235558.0	d__Bacteria	p__Pseudomonadota	c__Gammaproteobacteria	o__Burkholderiales	f__Burkholderiaceae_D	g__Herbaspirillum	s__Herbaspirillum huttiense				0.0	s__Herbaspirillum_huttiense	species
2.0	Human	518637.0		GCF_000156655.1	642979360.0	PMID:20203603; PMID:24861948	AGORA 1.03	0.0	0.0	Yes	0.0	Host-associated	Human	Large intestine	Digestive system	Gram+	Anaerobe	0.0	0		0.0	2415920.0	2577.0	816316.0	34.0	2529.0	98.14	ftp://ftp.ncbi.nlm.nih.gov/genomes/all/GCF/000/156/655/GCF_000156655.1_ASM15665v1	s__Holdemanella_biformis.json	518637.0	d__Bacteria	p__Bacillota_I	c__Bacilli_A	o__Erysipelotrichales	f__Erysipelotrichaceae	g__Holdemanella	s__Holdemanella biformis		Eubacterium biforme DSM 3989 (518637.5)	518637.5		s__Holdemanella_biformis	species
2.0	Human	545696.0		GCF_000157995.1	643886103.0	PMID:20203603; PMID:24861948	AGORA 1.03	0.0	0.0	Yes	0.0	Host-associated	Human	Large intestine	Digestive system	Gram+	Anaerobe	0.0	0		0.0	3803745.0	4272.0	1908909.0	50.0	4223.0	98.85	ftp://ftp.ncbi.nlm.nih.gov/genomes/all/GCF/000/157/995/GCF_000157995.1_ASM15799v1	s__Holdemania_filiformis.json	545696.0	d__Bacteria	p__Bacillota_I	c__Bacilli_A	o__Erysipelotrichales	f__Erysipelotrichaceae	g__Holdemania	s__Holdemania filiformis		Holdemania filiformis DSM 12042 (545696.5)	545696.5		s__Holdemania_filiformis	species
1.0	Human	1211819.0		GCF_000327285.1	2551306369.0	PMID:25567229	Literature research	0.0	0.0	Yes	0.0	Host-associated	Human	Large intestine	Digestive system	Gram+	Anaerobe	0.0	Nonmotile		0.0	3757316.0	3519.0	1767168.0	47.0	3460.0	98.32	ftp://ftp.ncbi.nlm.nih.gov/genomes/all/GCF/000/327/285/GCF_000327285.1_ASM32728v1	s__Holdemania_massiliensis.json	1211819.0	d__Bacteria	p__Bacillota_I	c__Bacilli_A	o__Erysipelotrichales	f__Erysipelotrichaceae	g__Holdemania	s__Holdemania massiliensis	0.0	Holdemania sp. AP2 (1211819.3)	1211819.3	0.0	s__Holdemania_massiliensis	species
2.0	Human	697329.0		GCF_000179635.2	649633094.0	PMID:20203603; PMID:24861948	AGORA 1.03	0.0	0.0	Yes	0.0	Host-associated	Mammals	Foregut	Digestive system	Gram+	Anaerobe		Nonmotile	0.0	0.0	4482087.0	4103.0	1954876.0	44.0	4014.0	97.83	ftp://ftp.ncbi.nlm.nih.gov/genomes/all/GCF/000/179/635/GCF_000179635.2_ASM17963v2	s__Hominimerdicola_alba.json	697329.0	d__Bacteria	p__Bacillota	c__Clostridia	o__Oscillospirales	f__Ruminococcaceae	g__Hominimerdicola	s__Hominimerdicola alba		Ruminococcus albus 7 (697329.10)	697329.1		s__Hominimerdicola_alba	species
2.0	Human	246199.0	GCF_000621285.1	GCF_000178155.2	2562617137.0	Strains of species found in the human gut (PMID:24861948) present in PubSEED	Initial strain selection	0.0	0.0	Yes	0.0	Host-associated	Mammals	Foregut	Digestive system	Gram+	Anaerobe		Nonmotile			4052160.0	3897.0	1888117.0	47.0	3833.0	98.36	ftp://ftp.ncbi.nlm.nih.gov/genomes/all/GCF/000/178/155/GCF_000178155.2_ASM17815v2	s__Hominimerdicola_alba_C.json	246199.0	d__Bacteria	p__Bacillota	c__Clostridia	o__Oscillospirales	f__Ruminococcaceae	g__Hominimerdicola	s__Hominimerdicola alba_C		Ruminococcus albus 8 (246199.4)	246199.4		s__Hominimerdicola_alba_C	species
0.0	Human	1720315.0	GCF_001486445.1	GCF_001486445.1		PMID:30745586	Literature research									Gram+												ftp.ncbi.nlm.nih.gov/genomes/all/GCA/001/486/445/GCA_001486445.1_Hugonella_massiliensis	s__Hugonella_massiliensis.json	1720315.0	d__Bacteria	p__Actinomycetota	c__Coriobacteriia	o__Coriobacteriales	f__Eggerthellaceae	g__Hugonella	s__Hugonella massiliensis					s__Hugonella_massiliensis	species
0.0	Mouse					Personal communication, Dr. Jan Krumsiek	Personal communication	0.0	0.0	Yes	0.0					Gram+	Anaerobe			0.0	0.0				39.0				s__Hungateiclostridium_thermocellum.json		d__Bacteria	p__Bacillota	c__Clostridia	o__Acetivibrionales	f__Acetivibrionaceae	g__Hungateiclostridium	s__Hungateiclostridium thermocellum					s__Hungateiclostridium_thermocellum	species
1.0	Human	999412.0		GCF_000371445.1	2534682211.0	PMID:20203603; PMID:24861948	AGORA 1.03	0.0	0.0	Yes	0.0	Host-associated	Human	Unclassified	Unclassified	Gram+	Obligate anaerobe	0.0	0	0.0	0.0	6848759.0	6008.0	3373589.0	49.0	5936.0	98.8	ftp://ftp.ncbi.nlm.nih.gov/genomes/all/GCF/000/371/445/GCF_000371445.1_Clos_hath_12489931_V1	s__Hungatella_effluvii.json	999412.0	d__Bacteria	p__Bacillota	c__Clostridia	o__Lachnospirales	f__Lachnospiraceae	g__Hungatella	s__Hungatella effluvii		Clostridium hathewayi 12489931 (999412.4)	999412.4	0.0	s__Hungatella_effluvii	species
0.0	Human	566550.0		GCF_000160095.1	645951835.0	PMID:20203603; PMID:24861948	AGORA 1.03	0.0	0.0	Yes	0.0	Host-associated	Human	Large intestine	Digestive system	Gram+	Obligate anaerobe	0.0	Motile		0.0	6626224.0	7232.0	3188813.0	48.0	7169.0	99.13	ftp://ftp.ncbi.nlm.nih.gov/genomes/all/GCF/000/160/095/GCF_000160095.1_ASM16009v1	s__Hungatella_hathewayi.json	566550.0	d__Bacteria	p__Bacillota	c__Clostridia	o__Lachnospirales	f__Lachnospiraceae	g__Hungatella	s__Hungatella hathewayi					s__Hungatella_hathewayi	species
1.0	Human	742737.0		GCF_000235505.1	2513237275.0	Strains of species found in the human gut (PMID:24861948) present in KBase	Initial strain selection	0.0	0.0	Yes	0.0	Host-associated	Human	Large intestine	Digestive system	Gram+	Obligate anaerobe		Motile		0.0	5654180.0	5251.0	2827985.0	50.0	5183.0	98.71	ftp://ftp.ncbi.nlm.nih.gov/genomes/all/GCF/000/235/505/GCF_000235505.1_Clos_hath_WAL_18680_V1	s__Hungatella_A_hathewayi_A.json	742737.0	d__Bacteria	p__Bacillota	c__Clostridia	o__Lachnospirales	f__Lachnospiraceae	g__Hungatella_A	s__Hungatella_A hathewayi_A		Clostridium hathewayi WAL-18680 (742737.3)	742737.3		s__Hungatella_A_hathewayi_A	species
0.0	Human	714549.0	GCF_900089555.1	GCF_900089555.1	2751185699.0	https://www.biorxiv.org/content/10.1101/691030v1	Literature research	0.0	0.0	Yes	0.0	0	0	0	0	Gram-	0	0.0	0	0.0	0.0	3403620.0	3098.0	1265207.0	37.0	3053.0	98.55	ftp://ftp.ncbi.nlm.nih.gov/genomes/all/GCF/900/089/555/GCF_900089555.1_J04	s__Hydrotalea_flava.json	714549.0	d__Bacteria	p__Bacteroidota	c__Bacteroidia	o__Chitinophagales	f__Chitinophagaceae	g__Hydrotalea	s__Hydrotalea flava	0.0			0.0	s__Hydrotalea_flava	species
0.0	Mouse	1002672.0		GCF_000195085.1	650716017.0	Personal communication, Dr. Jan Krumsiek	Personal communication	0.0	0.0	Yes	0.0	Environmental	Aquatic	Unclassified	Marine	Gram-	Aerobe	0.0	0	0.0	0.0	1284727.0	1482.0	406882.0	32.0	1447.0	97.64	ftp://ftp.ncbi.nlm.nih.gov/genomes/all/GCF/000/195/085/GCF_000195085.1_ASM19508v1	s__IMCC9063_sp000195085.json	1002672.0	d__Bacteria	p__Pseudomonadota	c__Alphaproteobacteria	o__Pelagibacterales	f__Pelagibacteraceae	g__IMCC9063	s__IMCC9063 sp000195085		Pelagibacter sp. IMCC9063 (1002672.3)	1002672.3		s__IMCC9063_sp000195085	species
2.0	Human	445973.0		GCF_000154445.1	641736113.0	PMID:20203603; PMID:24861948	AGORA 1.03	0.0	0.0	Yes	0.0	Host-associated	Human	Large intestine	Digestive system	Gram+	Anaerobe	0.0	Motile		0.0	2971856.0	2875.0	856965.0	29.0	2787.0	96.94	ftp://ftp.ncbi.nlm.nih.gov/genomes/all/GCF/000/154/445/GCF_000154445.1_ASM15444v1	s__Intestinibacter_bartlettii.json	445973.0	d__Bacteria	p__Bacillota	c__Clostridia	o__Peptostreptococcales	f__Peptostreptococcaceae	g__Intestinibacter	s__Intestinibacter bartlettii		Clostridium bartlettii DSM 16795 (445973.7)	445973.7		s__Intestinibacter_bartlettii	species
0.0	Human	679200.0		GCF_000235445.1	2513237274.0	https://www.biorxiv.org/content/10.1101/691030v1	Literature research	0.0	0.0	Yes	0.0	Host-associated	Human	Oral	Digestive system	Gram+	Anaerobe	0.0	Nonmotile			2672404.0	2359.0	954988.0	36.0	2308.0	97.84	ftp://ftp.ncbi.nlm.nih.gov/genomes/all/GCF/000/235/445/GCF_000235445.1_John_igna_ATCC_51276_V1	s__Johnsonella_ignava.json	679200.0	d__Bacteria	p__Bacillota	c__Clostridia	o__Lachnospirales	f__Lachnospiraceae	g__Johnsonella	s__Johnsonella ignava					s__Johnsonella_ignava	species
1.0	Human					PMID:31171880	Literature research	0.0	0.0	Yes	0.0	Host-associated	Human			Gram-	Obligate anaerobe	0.0	Motile										s__Jonquetella_anthropi.json		d__Bacteria	p__Synergistota	c__Synergistia	o__Synergistales	f__Dethiosulfovibrionaceae	g__Jonquetella	s__Jonquetella anthropi					s__Jonquetella_anthropi	species
0.0	Human	1686287.0	GCF_001286805.1	GCF_001286805.1		PMID:30745586	Literature research									Gram+												ftp://ftp.ncbi.nlm.nih.gov/genomes/all/GCF/001/286/805/GCF_001286805.1_Kallipyga_gabonensis	s__Kallipyga_gabonensis.json	1686287.0	d__Bacteria	p__Bacillota	c__Clostridia	o__Tissierellales	f__Peptoniphilaceae	g__Kallipyga	s__Kallipyga gabonensis					s__Kallipyga_gabonensis	species
0.0	Human	1118059.0		GCF_000311985.1	2547132195.0	PMID:20203603; PMID:24861948	AGORA 1.03	0.0	0.0	Yes	0.0	Host-associated	Human	Large intestine	Digestive system	Gram+	Anaerobe	0.0	Nonmotile	0.0	0.0	1751953.0	1623.0	900083.0	51.0	1567.0	96.55	ftp://ftp.ncbi.nlm.nih.gov/genomes/all/GCF/000/311/985/GCF_000311985.1_ASM31198v1	s__Kallipyga_massiliensis.json	1118059.0	d__Bacteria	p__Bacillota	c__Clostridia	o__Tissierellales	f__Peptoniphilaceae	g__Kallipyga	s__Kallipyga massiliensis				0.0	s__Kallipyga_massiliensis	species
0.0	Human	1410657.0		GCF_001436965.1	2561511092.0	PMID:20203603; PMID:24861948	AGORA 1.03	0.0	0.0	Yes	0.0	0	0	0	0	Gram+	0	0.0	0	0.0	0.0	2126709.0	2201.0	741888.0	35.0	2122.0	96.41	ftp://ftp.ncbi.nlm.nih.gov/genomes/all/GCF/001/436/965/GCF_001436965.1_ASM143696v1	s__Kandleria_vitulina.json	1410657.0	d__Bacteria	p__Bacillota_I	c__Bacilli_A	o__Erysipelotrichales	f__Coprobacillaceae	g__Kandleria	s__Kandleria vitulina	0.0			0.0	s__Kandleria_vitulina	species
0.0	Human				649989956.0	https://www.biorxiv.org/content/10.1101/691030v1	Literature research	0.0	0.0	Yes	0.0	Host-associated	Mammals	Nasopharyngeal	Respiratory system	Gram-	Microaerophile	0.0	0			2186592.0	2574.0	1182633.0	54.0	2518.0	97.82		s__Kingella_A_denitrificans.json		d__Bacteria	p__Pseudomonadota	c__Gammaproteobacteria	o__Burkholderiales	f__Neisseriaceae	g__Kingella_A	s__Kingella_A denitrificans		Kingella denitrificans ATCC 33394 (888741.3)	888741.3	0.0	s__Kingella_A_denitrificans	species
2.0	Human	629741.0		GCF_000160435.1	643886193.0	PMID:20203603; PMID:24861948	AGORA 1.03	0.0	0.0	Yes	0.0	Host-associated	Human	Oral	Digestive system	Gram-	Microaerophile	0.0	0			2405975.0	3218.0	1307074.0	54.0	3165.0	98.35	ftp://ftp.ncbi.nlm.nih.gov/genomes/all/GCF/000/160/435/GCF_000160435.1_ASM16043v1	s__Kingella_B_oralis.json	629741.0	d__Bacteria	p__Pseudomonadota	c__Gammaproteobacteria	o__Burkholderiales	f__Neisseriaceae	g__Kingella_B	s__Kingella_B oralis		Kingella oralis ATCC 51147 (629741.3)	629741.3		s__Kingella_B_oralis	species
2.0	Human							0.0	0.0	Yes	0.0					Gram-	Facultative anaerobe	0.0			0.0				55.0				s__Klebsiella_aerogenes.json		d__Bacteria	p__Pseudomonadota	c__Gammaproteobacteria	o__Enterobacterales	f__Enterobacteriaceae	g__Klebsiella	s__Klebsiella aerogenes				0.0	s__Klebsiella_aerogenes	species
0.0	Human	1934254.0	GCF_002090195.1	GCF_002090195.1	2767802212.0	PMID:31275260	Literature research	0.0	0.0	Yes	0.0	0	0	0	0	Gram-	Facultative anaerobe	0.0	0	0.0	0.0	5800138.0	5544.0	3243617.0	56.0	5337.0	96.27	ftp://ftp.ncbi.nlm.nih.gov/genomes/all/GCF/002/090/195/GCF_002090195.1_ASM209019v1	s__Klebsiella_grimontii.json	1934254.0	d__Bacteria	p__Pseudomonadota	c__Gammaproteobacteria	o__Enterobacterales	f__Enterobacteriaceae	g__Klebsiella	s__Klebsiella grimontii	0.0			0.0	s__Klebsiella_grimontii	species
	Human							0.0	0.0	Yes	0.0	Host-associated		Unclassified	Unclassified	Gram-	Facultative anaerobe	0.0	0	0.0	0.0								s__Klebsiella_michiganensis.json		d__Bacteria	p__Pseudomonadota	c__Gammaproteobacteria	o__Enterobacterales	f__Enterobacteriaceae	g__Klebsiella	s__Klebsiella michiganensis				0.0	s__Klebsiella_michiganensis	species
	Human							0.0	0.0	Yes	0.0					Gram-	Facultative anaerobe	0.0	0		0.0								s__Klebsiella_ornithinolytica.json		d__Bacteria	p__Pseudomonadota	c__Gammaproteobacteria	o__Enterobacterales	f__Enterobacteriaceae	g__Klebsiella	s__Klebsiella ornithinolytica				0.0	s__Klebsiella_ornithinolytica	species
	Human		NZ_JH603143					0.0	0.0	Yes	0.0	Host-associated	Human	Unclassified	Unclassified	Gram-	Facultative anaerobe	0.0	0		0.0				55.0				s__Klebsiella_oxytoca.json		d__Bacteria	p__Pseudomonadota	c__Gammaproteobacteria	o__Enterobacterales	f__Enterobacteriaceae	g__Klebsiella	s__Klebsiella oxytoca				0.0	s__Klebsiella_oxytoca	species
0.0	Human	1005996.0		GCF_000735435.1	2588253798.0	PMID:20203603; PMID:24861948	AGORA 1.03	0.0	0.0	Yes	0.0	Host-associated	Plants	Unclassified	Unclassified	Gram-	Facultative anaerobe	0.0	Nonmotile	0.0	0.0	5668028.0	5309.0	3160030.0	56.0	5237.0	98.64	ftp://ftp.ncbi.nlm.nih.gov/genomes/all/GCF/000/735/435/GCF_000735435.1_GRPL_DRAFTv1	s__Klebsiella_planticola.json	1005996.0	d__Bacteria	p__Pseudomonadota	c__Gammaproteobacteria	o__Enterobacterales	f__Enterobacteriaceae	g__Klebsiella	s__Klebsiella planticola					s__Klebsiella_planticola	species
	Human							0.0	0.0	Yes	0.0					Gram-	Facultative anaerobe	0.0		0.0	0.0				57.0				s__Klebsiella_pneumoniae.json		d__Bacteria	p__Pseudomonadota	c__Gammaproteobacteria	o__Enterobacterales	f__Enterobacteriaceae	g__Klebsiella	s__Klebsiella pneumoniae	0.0			0.0	s__Klebsiella_pneumoniae	species
2.0	Human	1306950.0	GCF_000294365.1	GCF_000367165.1	2554235007.0	Strains of species found in the human gut (PMID:24861948) present in PubSEED	Initial strain selection	0.0	0.0	Yes	0.0	Host-associated	Animal	Unclassified	Circulatory system	Gram-	Facultative anaerobe	0.0	0	0.0	0.0	5742061.0	5653.0	3276388.0	57.0	5478.0	96.9	ftp://ftp.ncbi.nlm.nih.gov/genomes/all/GCF/000/367/165/GCF_000367165.1_ASM36716v1	s__Klebsiella_quasipneumoniae.json	1306950.0	d__Bacteria	p__Pseudomonadota	c__Gammaproteobacteria	o__Enterobacterales	f__Enterobacteriaceae	g__Klebsiella	s__Klebsiella quasipneumoniae	0.0	Klebsiella pneumoniae subsp. pneumoniae 12-3578 (1306950.3)	1306950.3	0.0	s__Klebsiella_quasipneumoniae	species
0.0	Human	640131.0		GCF_000025465.1	646311937.0	PMID:31171880	Literature research	0.0	0.0	Yes	0.0	Host-associated	Fungi	Unclassified	Unclassified	Gram-	Facultative anaerobe	0.0	0	0.0	0.0	5458505.0	5213.0	3142903.0	58.0	5099.0	97.81	ftp://ftp.ncbi.nlm.nih.gov/genomes/all/GCF/000/025/465/GCF_000025465.1_ASM2546v1	s__Klebsiella_variicola.json	640131.0	d__Bacteria	p__Pseudomonadota	c__Gammaproteobacteria	o__Enterobacterales	f__Enterobacteriaceae	g__Klebsiella	s__Klebsiella variicola				0.0	s__Klebsiella_variicola	species
0.0	Human	1006000.0		GCF_000735365.1	2588253795.0	PMID:20203603; PMID:24861948	AGORA 1.03	0.0	0.0	Yes	0.0	Host-associated	Human	Pulmonary system	Respiratory system	Gram-	Facultative anaerobe	0.0	Motile	0.0	0.0	4932354.0	4709.0	2680318.0	54.0	4651.0	98.77	ftp://ftp.ncbi.nlm.nih.gov/genomes/all/GCF/000/735/365/GCF_000735365.1_GKAS_DRAFTv1	s__Kluyvera_ascorbata.json	1006000.0	d__Bacteria	p__Pseudomonadota	c__Gammaproteobacteria	o__Enterobacterales	f__Enterobacteriaceae	g__Kluyvera	s__Kluyvera ascorbata	0.0			0.0	s__Kluyvera_ascorbata	species
0.0	Human	1218112.0	GCF_001571285.1	GCF_001571285.1	2731957624.0	https://www.biorxiv.org/content/10.1101/691030v1	Literature research	0.0	0.0	Yes	0.0	Host-associated	Human	Unclassified	Unclassified	Gram-	Facultative anaerobe	0.0	0	0.0	0.0	5036381.0	4884.0	2712277.0	54.0	4719.0	96.62	ftp://ftp.ncbi.nlm.nih.gov/genomes/all/GCF/001/571/285/GCF_001571285.1_ASM157128v1	s__Kluyvera_cryocrescens.json	1218112.0	d__Bacteria	p__Pseudomonadota	c__Gammaproteobacteria	o__Enterobacterales	f__Enterobacteriaceae	g__Kluyvera	s__Kluyvera cryocrescens				0.0	s__Kluyvera_cryocrescens	species
0.0	Human	1354264.0	GCF_001654985.1	GCF_001654985.1	2802429590.0	https://www.biorxiv.org/content/10.1101/691030v1	Literature research	0.0	0.0	Yes	0.0	0	0	0	0	Gram-	Facultative anaerobe	0.0	0	0.0	0.0	5050724.0	4975.0	2754798.0	55.0	4792.0	96.32	ftp://ftp.ncbi.nlm.nih.gov/genomes/all/GCF/001/654/985/GCF_001654985.1_Kge51603_DRAFTv1	s__Kluyvera_georgiana.json	1354264.0	d__Bacteria	p__Pseudomonadota	c__Gammaproteobacteria	o__Enterobacterales	f__Enterobacteriaceae	g__Kluyvera	s__Kluyvera georgiana				0.0	s__Kluyvera_georgiana	species
0.0	Human	1218113.0	GCF_001598315.1	GCF_001598315.1	2731957696.0	https://www.biorxiv.org/content/10.1101/691030v1	Literature research	0.0	0.0	Yes	0.0	Environmental	Aquatic	Unclassified	Freshwater	Gram-	Facultative anaerobe	0.0	0	0.0	0.0	4632442.0	4525.0	2436584.0	53.0	4387.0	96.95	ftp://ftp.ncbi.nlm.nih.gov/genomes/all/GCF/001/598/315/GCF_001598315.1_ASM159831v1	s__Kluyvera_intermedia.json	1218113.0	d__Bacteria	p__Pseudomonadota	c__Gammaproteobacteria	o__Enterobacterales	f__Enterobacteriaceae	g__Kluyvera	s__Kluyvera intermedia				0.0	s__Kluyvera_intermedia	species
2.0	Human	1236550.0		GCF_000315815.2	2562617128.0	PMID:20203603; PMID:24861948	AGORA 1.03	0.0	0.0	Yes	0.0	Engineered	Lab synthesis	Unclassified	Unclassified	Gram+	Aerobe	0.0	0	0.0	0.0	2872112.0	2561.0	2022425.0	70.0	2561.0	100.0	ftp://ftp.ncbi.nlm.nih.gov/genomes/all/GCF/000/315/815/GCF_000315815.2_ASM31581v2	s__Kocuria_palustris.json	1236550.0	d__Bacteria	p__Actinomycetota	c__Actinomycetes	o__Actinomycetales	f__Micrococcaceae	g__Kocuria	s__Kocuria palustris		Kocuria palustris PEL (1236550.3)	1236550.3	0.0	s__Kocuria_palustris	species
2.0	Human	1029824.0	GCF_000010285.1	GCF_000214115.1	2547132105.0	Strains of species found in the human gut (PMID:24861948) present in PubSEED	Initial strain selection	0.0	0.0	Yes	0.0	Host-associated	Fish	Unclassified	Digestive system	Gram+	Aerobe	0.0	Nonmotile			2820331.0	2521.0	1989135.0	71.0	2463.0	97.7	ftp://ftp.ncbi.nlm.nih.gov/genomes/all/GCF/000/214/115/GCF_000214115.1_ASM21411v2	s__Kocuria_rhizophila.json	1029824.0	d__Bacteria	p__Actinomycetota	c__Actinomycetes	o__Actinomycetales	f__Micrococcaceae	g__Kocuria	s__Kocuria rhizophila		Kocuria rhizophila P7-4 (1029824.3)	1029824.3		s__Kocuria_rhizophila	species
2.0	Human	378753.0		GCF_000010285.1	642555133.0	PMID:20203603; PMID:24861948	AGORA 1.03	0.0	0.0	Yes	0.0	Environmental	Aquatic	Lotic	Freshwater	Gram+	Aerobe	0.0	Nonmotile	0.0	0.0	2697540.0	2413.0	1919672.0	71.0	2357.0	97.68	ftp://ftp.ncbi.nlm.nih.gov/genomes/all/GCF/000/010/285/GCF_000010285.1_ASM1028v1	s__Kocuria_rhizophila_A.json	378753.0	d__Bacteria	p__Actinomycetota	c__Actinomycetes	o__Actinomycetales	f__Micrococcaceae	g__Kocuria	s__Kocuria rhizophila_A		Kocuria rhizophila DC2201 (378753.5)	378753.5		s__Kocuria_rhizophila_A	species
2.0	Human	1235834.0	GCF_000300455.3	GCF_000300455.3	2547132181.0	Strains of species found in the human gut (PMID:24861948) present in PubSEED	Initial strain selection	0.0	0.0	Yes	0.0	Host-associated	Plants	Unclassified	Rhizoplane	Gram-	Aerobe	0.0	Motile		0.0	4945084.0	4887.0	2654529.0	54.0	4729.0	96.77	ftp://ftp.ncbi.nlm.nih.gov/genomes/all/GCF/000/300/455/GCF_000300455.3_ASM30045v4	s__Kosakonia_sacchari.json	1235834.0	d__Bacteria	p__Pseudomonadota	c__Gammaproteobacteria	o__Enterobacterales	f__Enterobacteriaceae	g__Kosakonia	s__Kosakonia sacchari	0.0	Enterobacter cloacae subsp. dissolvens SP1 (1235834.3)	1235834.3	0.0	s__Kosakonia_sacchari	species
1.0	Human	997346.0		GCF_000213595.1	651324024.0	PMID:31275260	Literature research	0.0	0.0	Yes	0.0	Host-associated	Human	Unclassified	Unclassified	Gram+	Aerobe	0.0	0		0.0	3638920.0	4106.0	1962636.0	54.0	4048.0	98.59	ftp://ftp.ncbi.nlm.nih.gov/genomes/all/GCF/000/213/595/GCF_000213595.1_ASM21359v1	s__Kroppenstedtia_eburnea.json	997346.0	d__Bacteria	p__Bacillota	c__Bacilli	o__Thermoactinomycetales	f__DSM-45169	g__Kroppenstedtia	s__Kroppenstedtia eburnea		Desmospora sp. 8437 (997346.3)	997346.3	0.0	s__Kroppenstedtia_eburnea	species
1.0	Human	1033739.0	GCF_000214115.1	GCF_000285555.1	2547132137.0	PMID:20203603; PMID:24861948	AGORA 1.03	0.0	0.0	Yes	0.0	Host-associated	Human	Large intestine	Digestive system	Gram+	Obligate aerobe	0.0	Motile		0.0	3201696.0	3352.0	1257088.0	39.0	3240.0	96.66	ftp://ftp.ncbi.nlm.nih.gov/genomes/all/GCF/000/285/555/GCF_000285555.1_ASM28555v1	s__Kurthia_massiliensis.json	1033739.0	d__Bacteria	p__Bacillota	c__Bacilli	o__Bacillales_A	f__Planococcaceae	g__Kurthia	s__Kurthia massiliensis		Kurthia sp. JC30 (1033739.3)	1033739.3	0.0	s__Kurthia_massiliensis	species
2.0	Human	478801.0		GCF_000023925.1	644736380.0	PMID:20203603; PMID:24861948	AGORA 1.03	0.0	0.0	Yes		Environmental	Aquatic	Unclassified	Marine	Gram+	Obligate aerobe	0.0	Nonmotile	0.0	0.0	2785024.0	2692.0	1994844.0	72.0	2639.0	98.03	ftp://ftp.ncbi.nlm.nih.gov/genomes/all/GCF/000/023/925/GCF_000023925.1_ASM2392v1	s__Kytococcus_sedentarius.json	478801.0	d__Bacteria	p__Actinomycetota	c__Actinomycetes	o__Actinomycetales	f__Dermatophilaceae	g__Kytococcus	s__Kytococcus sedentarius		Kytococcus sedentarius DSM 20547 (478801.5)	478801.5		s__Kytococcus_sedentarius	species
	Human		GCF_003862485.1				Literature research	0.0	0.0							Gram+	Anaerobe	0.0	0	0.0	0.0								s__Lachnoanaerobaculum_orale.json		d__Bacteria	p__Bacillota	c__Clostridia	o__Lachnospirales	f__Lachnospiraceae	g__Lachnoanaerobaculum	s__Lachnoanaerobaculum orale	0.0			0.0	s__Lachnoanaerobaculum_orale	species
0.0	Human					PMID:31171880	Literature research	0.0	0.0	Yes	0.0	Host-associated	Human			Gram+	Anaerobe	0.0	0		0.0				36.0				s__Lachnoanaerobaculum_saburreum.json		d__Bacteria	p__Bacillota	c__Clostridia	o__Lachnospirales	f__Lachnospiraceae	g__Lachnoanaerobaculum	s__Lachnoanaerobaculum saburreum				0.0	s__Lachnoanaerobaculum_saburreum	species
1.0	Human	575593.0		GCF_000209465.1	651324056.0	PMID:31171880	Literature research	0.0	0.0	Yes	0.0	Host-associated	Human	Oral	Digestive system	Gram+	Anaerobe	0.0	0		0.0	3279855.0	3152.0	1170724.0	36.0	3094.0	98.16	ftp://ftp.ncbi.nlm.nih.gov/genomes/all/GCF/000/209/465/GCF_000209465.1_Lach_bact_F0167_V1	s__Lachnoanaerobaculum_sp000209465.json	575593.0	d__Bacteria	p__Bacillota	c__Clostridia	o__Lachnospirales	f__Lachnospiraceae	g__Lachnoanaerobaculum	s__Lachnoanaerobaculum sp000209465		Lachnospiraceae oral taxon 107 str. F0167 (575593.3)	575593.3	0.0	s__Lachnoanaerobaculum_sp000209465	species
0.0	Human	1805477.0	GCF_900078195.1	GCF_900078195.1		PMID:30745586	Literature research									Gram+												ftp://ftp.ncbi.nlm.nih.gov/genomes/all/GCF/900/078/195/GCF_900078195.1_PRJEB13107	s__Lachnoclostridium_sp900078195.json	1805477.0	d__Bacteria	p__Bacillota	c__Clostridia	o__Lachnospirales	f__Lachnospiraceae	g__Lachnoclostridium	s__Lachnoclostridium sp900078195					s__Lachnoclostridium_sp900078195	species
2.0	Human	515620.0		GCF_000146185.1	644736366.0	PMID:20203603; PMID:24861948	AGORA 1.03	0.0	0.0	Yes	0.0	Host-associated	Human	Large intestine	Digestive system	Gram+	Obligate anaerobe	0.0	0		0.0	2831389.0	2827.0	1063784.0	38.0	2765.0	97.81	ftp://ftp.ncbi.nlm.nih.gov/genomes/all/GCF/000/146/185/GCF_000146185.1_ASM14618v1	s__Lachnospira_eligens.json	515620.0	d__Bacteria	p__Bacillota	c__Clostridia	o__Lachnospirales	f__Lachnospiraceae	g__Lachnospira	s__Lachnospira eligens		Eubacterium eligens ATCC 27750 (515620.4)	515620.4		s__Lachnospira_eligens	species
0.0	Human	1282887.0		GCF_000424105.1	2524614802.0	PMID:20203603; PMID:24861948	AGORA 1.03	0.0	0.0	Yes	0.0	Host-associated	Mammals	Foregut	Digestive system	Gram+	Anaerobe	0.0	0	0.0	0.0	2871860.0	2612.0	1012118.0	35.0	2541.0	97.28	ftp://ftp.ncbi.nlm.nih.gov/genomes/all/GCF/000/424/105/GCF_000424105.1_ASM42410v1	s__Lachnospira_multipara.json	1282887.0	d__Bacteria	p__Bacillota	c__Clostridia	o__Lachnospirales	f__Lachnospiraceae	g__Lachnospira	s__Lachnospira multipara	0.0			0.0	s__Lachnospira_multipara	species
0.0	Human					PMID:26416813	Literature research	0.0	0.0	Yes	0.0	0	0	0	0	Gram+	Anaerobe	0.0	0	0.0	0.0								s__Lachnospira_multipara_A.json		d__Bacteria	p__Bacillota	c__Clostridia	o__Lachnospirales	f__Lachnospiraceae	g__Lachnospira	s__Lachnospira multipara_A	0.0			0.0	s__Lachnospira_multipara_A	species
0.0	Mouse	1410651.0		GCF_000687555.1	2558860131.0	Personal communication, Dr. Jan Krumsiek	Personal communication	0.0	0.0	Yes	0.0	Host-associated	Mammals	Foregut	Digestive system	Gram+	Anaerobe	0.0	Motile			4732373.0	4369.0	2005146.0	42.0	4284.0	98.05	ftp://ftp.ncbi.nlm.nih.gov/genomes/all/GCF/000/687/555/GCF_000687555.1_ASM68755v1	s__Lacrimispora_aerotolerans.json	1410651.0	d__Bacteria	p__Bacillota	c__Clostridia	o__Lachnospirales	f__Lachnospiraceae	g__Lacrimispora	s__Lacrimispora aerotolerans	0.0				s__Lacrimispora_aerotolerans	species
0.0	Human	318465.0				PMID:30718869	Forster et al. resource	0.0	0.0							Gram+	Anaerobe	0.0	0	0.0	0.0							ftp.sra.ebi.ac.uk/vol1/fastq/ERR171/ERR171272/ERR171272_1.fastq.gz;ftp.sra.ebi.ac.uk/vol1/fastq/ERR171/ERR171272/ERR171272_2.fastq.gz	s__Lacrimispora_boliviensis.json	318465.0	d__Bacteria	p__Bacillota	c__Clostridia	o__Lachnospirales	f__Lachnospiraceae	g__Lacrimispora	s__Lacrimispora boliviensis	0.0			0.0	s__Lacrimispora_boliviensis	species
0.0	Mouse	1297793.0		GCF_900105615.1	2675902961.0	Personal communication, Dr. Jan Krumsiek	Personal communication	0.0	0.0	Yes		0	0	0	0	Gram+	Anaerobe	0.0	0	0.0	0.0	5300135.0	4875.0	2319782.0	44.0	4773.0	97.91	ftp://ftp.ncbi.nlm.nih.gov/genomes/all/GCF/900/105/615/GCF_900105615.1_IMG-taxon_2675902961_annotated_assembly	s__Lacrimispora_sphenoides.json	1297793.0	d__Bacteria	p__Bacillota	c__Clostridia	o__Lachnospirales	f__Lachnospiraceae	g__Lacrimispora	s__Lacrimispora sphenoides				0.0	s__Lacrimispora_sphenoides	species
0.0	Human	1423730.0	GCF_001311195.1	GCF_001311195.1	2657244955.0	https://www.biorxiv.org/content/10.1101/691030v1	Literature research	0.0	0.0	Yes	0.0	0	0	0	0	Gram+	Aerobe	0.0	0	0.0	0.0	2552537.0	2504.0	1414312.0	55.0	2433.0	97.16	ftp://ftp.ncbi.nlm.nih.gov/genomes/all/GCF/001/311/195/GCF_001311195.1_ASM131119v1	s__Lacticaseibacillus_camelliae.json	1423730.0	d__Bacteria	p__Bacillota	c__Bacilli	o__Lactobacillales	f__Lactobacillaceae	g__Lacticaseibacillus	s__Lacticaseibacillus camelliae	0.0			0.0	s__Lacticaseibacillus_camelliae	species
0.0	Human	1423769.0	GCF_001435035.1	GCF_001435035.1	2713896728.0	https://www.biorxiv.org/content/10.1101/691030v1	Literature research	0.0	0.0	Yes	0.0	0	0	0	0	Gram+	Aerobe	0.0	0	0.0	0.0	3074607.0	3158.0	1466794.0	48.0	3080.0	97.53	ftp://ftp.ncbi.nlm.nih.gov/genomes/all/GCF/001/435/035/GCF_001435035.1_ASM143503v1	s__Lacticaseibacillus_manihotivorans.json	1423769.0	d__Bacteria	p__Bacillota	c__Bacilli	o__Lactobacillales	f__Lactobacillaceae	g__Lacticaseibacillus	s__Lacticaseibacillus manihotivorans	0.0			0.0	s__Lacticaseibacillus_manihotivorans	species
	Human							0.0	0.0	Yes	0.0					Gram+		0.0		0.0	0.0								s__Lacticaseibacillus_paracasei.json		d__Bacteria	p__Bacillota	c__Bacilli	o__Lactobacillales	f__Lactobacillaceae	g__Lacticaseibacillus	s__Lacticaseibacillus paracasei	0.0			0.0	s__Lacticaseibacillus_paracasei	species
	Human							0.0	0.0	Yes	0.0					Gram+	Aerobe	0.0			0.0								s__Lacticaseibacillus_rhamnosus.json		d__Bacteria	p__Bacillota	c__Bacilli	o__Lactobacillales	f__Lactobacillaceae	g__Lacticaseibacillus	s__Lacticaseibacillus rhamnosus					s__Lacticaseibacillus_rhamnosus	species
0.0	Human					https://www.biorxiv.org/content/10.1101/691030v1	Literature research	0.0	0.0	Yes	0.0					Gram+	Aerobe	0.0	0	0.0	0.0				44.0				s__Lactiplantibacillus_paraplantarum.json		d__Bacteria	p__Bacillota	c__Bacilli	o__Lactobacillales	f__Lactobacillaceae	g__Lactiplantibacillus	s__Lactiplantibacillus paraplantarum	0.0			0.0	s__Lactiplantibacillus_paraplantarum	species
2.0	Human							0.0	0.0	Yes	0.0					Gram+	Facultative anaerobe	0.0		0.0	0.0								s__Lactiplantibacillus_plantarum.json		d__Bacteria	p__Bacillota	c__Bacilli	o__Lactobacillales	f__Lactobacillaceae	g__Lactiplantibacillus	s__Lactiplantibacillus plantarum	0.0			0.0	s__Lactiplantibacillus_plantarum	species
2.0	Human	1136177.0	GCF_000409835.1	GCF_000271445.1	2597489899.0	PMID:20203603; PMID:24861948	AGORA 1.03	0.0	0.0	Yes	0.0	Host-associated	Human	Vagina	Reproductive system	Gram+	Facultative anaerobe		0			3426323.0	3136.0	1586165.0	46.0	3036.0	96.81	ftp://ftp.ncbi.nlm.nih.gov/genomes/all/GCF/000/271/445/GCF_000271445.1_KCA1_v9	s__Lactiplantibacillus_plantarum_A.json	1136177.0	d__Bacteria	p__Bacillota	c__Bacilli	o__Lactobacillales	f__Lactobacillaceae	g__Lactiplantibacillus	s__Lactiplantibacillus plantarum_A		Lactobacillus pentosus KCA1 (1136177.4)	1136177.4		s__Lactiplantibacillus_plantarum_A	species
	Human							0.0	0.0	Yes	0.0					Gram+	Microaerophile	0.0	0		0.0				35.0				s__Lactobacillus_acidophilus.json		d__Bacteria	p__Bacillota	c__Bacilli	o__Lactobacillales	f__Lactobacillaceae	g__Lactobacillus	s__Lactobacillus acidophilus					s__Lactobacillus_acidophilus	species
2.0	Human	585524.0		GCF_001435665.1	2671180773.0	PMID:20203603; PMID:24861948	AGORA 1.03	0.0	0.0	Yes	0.0	Engineered	Food production	Unclassified	Fermented beverages	Gram+	Microaerophile	0.0	0	0.0	0.0	1520462.0	1620.0	581827.0	38.0	1573.0	97.1	ftp://ftp.ncbi.nlm.nih.gov/genomes/all/GCF/001/435/665/GCF_001435665.1_ASM143566v1	s__Lactobacillus_amylolyticus.json	585524.0	d__Bacteria	p__Bacillota	c__Bacilli	o__Lactobacillales	f__Lactobacillaceae	g__Lactobacillus	s__Lactobacillus amylolyticus		Lactobacillus amylolyticus DSM 11664 (585524.3)	585524.3		s__Lactobacillus_amylolyticus	species
2.0	Human		GCF_000182855.2					0.0	0.0	Yes	0.0	Host-associated	Mammals		Digestive system	Gram+	Facultative anaerobe	0.0	Nonmotile						38.0				s__Lactobacillus_amylovorus.json		d__Bacteria	p__Bacillota	c__Bacilli	o__Lactobacillales	f__Lactobacillaceae	g__Lactobacillus	s__Lactobacillus amylovorus					s__Lactobacillus_amylovorus	species
	Human							0.0	0.0	Yes	0.0	Host-associated				Gram+	Facultative	0.0	Nonmotile						37.0				s__Lactobacillus_crispatus.json		d__Bacteria	p__Bacillota	c__Bacilli	o__Lactobacillales	f__Lactobacillaceae	g__Lactobacillus	s__Lactobacillus crispatus					s__Lactobacillus_crispatus	species
	Human							0.0	0.0	Yes	0.0					Gram+	Facultative anaerobe	0.0			0.0				50.0				s__Lactobacillus_delbrueckii.json		d__Bacteria	p__Bacillota	c__Bacilli	o__Lactobacillales	f__Lactobacillaceae	g__Lactobacillus	s__Lactobacillus delbrueckii					s__Lactobacillus_delbrueckii	species
	Human							0.0	0.0	Yes	0.0	Host-associated	Human			Gram+	Facultative anaerobe	0.0	Nonmotile						35.0				s__Lactobacillus_gasseri.json		d__Bacteria	p__Bacillota	c__Bacilli	o__Lactobacillales	f__Lactobacillaceae	g__Lactobacillus	s__Lactobacillus gasseri					s__Lactobacillus_gasseri	species
2.0	Human							0.0	0.0	Yes	0.0					Gram+	Facultative anaerobe	0.0							37.0				s__Lactobacillus_helveticus.json		d__Bacteria	p__Bacillota	c__Bacilli	o__Lactobacillales	f__Lactobacillaceae	g__Lactobacillus	s__Lactobacillus helveticus					s__Lactobacillus_helveticus	species
	Human															Gram+													s__Lactobacillus_iners.json		d__Bacteria	p__Bacillota	c__Bacilli	o__Lactobacillales	f__Lactobacillaceae	g__Lactobacillus	s__Lactobacillus iners					s__Lactobacillus_iners	species
	Human							0.0	0.0	Yes	0.0	Host-associated	Human	Vagina	Reproductive system	Gram+	Aerobe	0.0	Nonmotile										s__Lactobacillus_jensenii.json		d__Bacteria	p__Bacillota	c__Bacilli	o__Lactobacillales	f__Lactobacillaceae	g__Lactobacillus	s__Lactobacillus jensenii					s__Lactobacillus_jensenii	species
2.0	Human		GCF_000162335.1			Strains of species found in the human gut (PMID:24861948) present in PubSEED	Initial strain selection	0.0	0.0	Yes	0.0	Host-associated				Gram+	Microaerophile	0.0	Nonmotile		0.0				34.0				s__Lactobacillus_johnsonii.json		d__Bacteria	p__Bacillota	c__Bacilli	o__Lactobacillales	f__Lactobacillaceae	g__Lactobacillus	s__Lactobacillus johnsonii					s__Lactobacillus_johnsonii	species
0.0	Human	1423763.0	GCF_001434335.1	GCF_001434335.1	2660238416.0	https://www.biorxiv.org/content/10.1101/691030v1	Literature research	0.0	0.0	Yes	0.0	Host-associated	Human	Unclassified	Digestive system	Gram+	Aerobe	0.0	0	0.0	0.0	2067521.0	2031.0	746084.0	36.0	1949.0	95.96	ftp://ftp.ncbi.nlm.nih.gov/genomes/all/GCF/001/434/335/GCF_001434335.1_ASM143433v1	s__Lactobacillus_kalixensis.json	1423763.0	d__Bacteria	p__Bacillota	c__Bacilli	o__Lactobacillales	f__Lactobacillaceae	g__Lactobacillus	s__Lactobacillus kalixensis				0.0	s__Lactobacillus_kalixensis	species
2.0	Human					Strains of species found in the human gut (PMID:24861948) present in PubSEED	Initial strain selection	0.0	0.0	Yes	0.0	Host-associated	Human		Reproductive system	Gram+	Aerobe	0.0	Nonmotile						34.0				s__Lactobacillus_mulieris.json		d__Bacteria	p__Bacillota	c__Bacilli	o__Lactobacillales	f__Lactobacillaceae	g__Lactobacillus	s__Lactobacillus mulieris					s__Lactobacillus_mulieris	species
2.0	Human					Strains of species found in the human gut (PMID:24861948) present in PubSEED	Initial strain selection	0.0	0.0	Yes	0.0	Host-associated	Human			Gram+	Aerobe	0.0							35.0				s__Lactobacillus_paragasseri.json		d__Bacteria	p__Bacillota	c__Bacilli	o__Lactobacillales	f__Lactobacillaceae	g__Lactobacillus	s__Lactobacillus paragasseri					s__Lactobacillus_paragasseri	species
0.0	Mouse	947835.0	GCF_003423665.1	GCF_003423665.1		PMID:27670113	Literature research	0.0	0.0							Gram+	Aerobe	0.0	0	0.0	0.0							ftp://ftp.ncbi.nlm.nih.gov/genomes/all/GCF/003/423/665/GCF_003423665.1_ASM342366v1	s__Lactobacillus_rodentium.json	947835.0	d__Bacteria	p__Bacillota	c__Bacilli	o__Lactobacillales	f__Lactobacillaceae	g__Lactobacillus	s__Lactobacillus rodentium	0.0			0.0	s__Lactobacillus_rodentium	species
2.0	Human	257314.0	GCF_000091405.1	GCF_000008065.1	637000140.0	PMID:20203603; PMID:24861948	AGORA 1.03	0.0	0.0	Yes	0.0	Host-associated	Human	Unclassified	Unclassified	Gram+	Microaerophile	0.0	Nonmotile		0.0	1992676.0	1941.0	689690.0	35.0	1821.0	93.82	ftp://ftp.ncbi.nlm.nih.gov/genomes/all/GCF/000/008/065/GCF_000008065.1_ASM806v1	s__Lactobacillus_sp910589675.json	257314.0	d__Bacteria	p__Bacillota	c__Bacilli	o__Lactobacillales	f__Lactobacillaceae	g__Lactobacillus	s__Lactobacillus sp910589675		Lactobacillus johnsonii NCC 533 (257314.6)	257314.6		s__Lactobacillus_sp910589675	species
	Human							0.0	0.0	Yes	0.0	Host-associated				Gram+	Microaerophile	0.0	Nonmotile						35.0				s__Lactobacillus_sp945980025.json		d__Bacteria	p__Bacillota	c__Bacilli	o__Lactobacillales	f__Lactobacillaceae	g__Lactobacillus	s__Lactobacillus sp945980025					s__Lactobacillus_sp945980025	species
0.0	Mouse	1423809.0		GCF_001436695.1	2660238553.0	PMID:27670113	Literature research	0.0	0.0	Yes	0.0	Engineered	Food production	Unclassified	Silage fermentation	Gram+	Aerobe	0.0	0	0.0	0.0	1868817.0	1898.0	634016.0	34.0	1826.0	96.21	ftp://ftp.ncbi.nlm.nih.gov/genomes/all/GCF/001/436/695/GCF_001436695.1_ASM143669v1	s__Lactobacillus_taiwanensis.json	1423809.0	d__Bacteria	p__Bacillota	c__Bacilli	o__Lactobacillales	f__Lactobacillaceae	g__Lactobacillus	s__Lactobacillus taiwanensis	0.0			0.0	s__Lactobacillus_taiwanensis	species
2.0	Human	525365.0	GCF_000008925.1	GCF_001436305.1	643886047.0	PMID:20203603; PMID:24861948	AGORA 1.03	0.0	0.0	Yes	0.0	Host-associated	Human	Unclassified	Digestive system	Gram+	Microaerophile	0.0	Nonmotile			2168059.0	2268.0	780071.0	36.0	2210.0	97.44	ftp://ftp.ncbi.nlm.nih.gov/genomes/all/GCF/001/436/305/GCF_001436305.1_ASM143630v1	s__Lactobacillus_ultunensis.json	525365.0	d__Bacteria	p__Bacillota	c__Bacilli	o__Lactobacillales	f__Lactobacillaceae	g__Lactobacillus	s__Lactobacillus ultunensis		Lactobacillus ultunensis DSM 16047 (525365.3)	525365.3		s__Lactobacillus_ultunensis	species
	Human							0.0	0.0	Yes	0.0	Engineered		Unclassified		Gram+	Facultative anaerobe	0.0	Nonmotile	0.0	0.0				36.0				s__Lactococcus_cremoris.json		d__Bacteria	p__Bacillota	c__Bacilli	o__Lactobacillales	f__Streptococcaceae	g__Lactococcus	s__Lactococcus cremoris	0.0				s__Lactococcus_cremoris	species
2.0	Human	1229517.0	GCF_000300795.2	GCF_000305975.1	2551306387.0	Strains of species found in the human gut (PMID:24861948) present in PubSEED	Initial strain selection	0.0	0.0	Yes	0.0	Engineered	Food production	Unclassified	Unclassified	Gram+	Facultative anaerobe	0.0	0	0.0	0.0	2178733.0	2232.0	825841.0	38.0	2167.0	97.09	ftp://ftp.ncbi.nlm.nih.gov/genomes/all/GCF/000/305/975/GCF_000305975.1_LgarvI113_1.0	s__Lactococcus_formosensis.json	1229517.0	d__Bacteria	p__Bacillota	c__Bacilli	o__Lactobacillales	f__Streptococcaceae	g__Lactococcus	s__Lactococcus formosensis	0.0	Lactococcus garvieae I113 (1229517.3)	1229517.3	0.0	s__Lactococcus_formosensis	species
2.0	Human							0.0	0.0	Yes						Gram+	Facultative anaerobe	0.0		0.0	0.0								s__Lactococcus_garvieae.json		d__Bacteria	p__Bacillota	c__Bacilli	o__Lactobacillales	f__Streptococcaceae	g__Lactococcus	s__Lactococcus garvieae					s__Lactococcus_garvieae	species
2.0	Human	1231377.0	GCF_000407645.1	GCF_000300795.2	2531839335.0	Strains of species found in the human gut (PMID:24861948) present in PubSEED	Initial strain selection	0.0	0.0	Yes	0.0	Host-associated	Birds	Unclassified	Digestive system	Gram+	Facultative anaerobe	0.0	0	0.0	0.0	2244387.0	2281.0	849441.0	38.0	2227.0	97.63	ftp://ftp.ncbi.nlm.nih.gov/genomes/all/GCF/000/300/795/GCF_000300795.2_LgDCC43_1.0	s__Lactococcus_garvieae_A.json	1231377.0	d__Bacteria	p__Bacillota	c__Bacilli	o__Lactobacillales	f__Streptococcaceae	g__Lactococcus	s__Lactococcus garvieae_A	0.0	Lactococcus garvieae DCC43 (1231377.3)	1231377.3	0.0	s__Lactococcus_garvieae_A	species
2.0	Human		GCF_000212475.1					0.0	0.0	Yes	0.0					Gram+	Facultative anaerobe	0.0		0.0	0.0				35.0				s__Lactococcus_lactis.json		d__Bacteria	p__Bacillota	c__Bacilli	o__Lactobacillales	f__Streptococcaceae	g__Lactococcus	s__Lactococcus lactis	0.0			0.0	s__Lactococcus_lactis	species
2.0	Human					Strains of species found in the human gut (PMID:24861948) present in PubSEED	Initial strain selection	0.0	0.0	Yes						Gram+	Facultative anaerobe	0.0			0.0				38.0				s__Lactococcus_petauri.json		d__Bacteria	p__Bacillota	c__Bacilli	o__Lactobacillales	f__Streptococcaceae	g__Lactococcus	s__Lactococcus petauri					s__Lactococcus_petauri	species
0.0	Mouse	1122155.0		GCF_900129135.1	2585428044.0	Personal communication, Dr. Jan Krumsiek	Personal communication	0.0	0.0	Yes	0.0	Host-associated	Human	Large intestine	Digestive system	Gram+	Anaerobe	0.0	Nonmotile	0.0	0.0	4839287.0	4487.0	2244790.0	46.0	4389.0	97.82	ftp://ftp.ncbi.nlm.nih.gov/genomes/all/GCF/900/129/135/GCF_900129135.1_IMG-taxon_2585428044_annotated_assembly	s__Lactonifactor_longoviformis.json	1122155.0	d__Bacteria	p__Bacillota	c__Clostridia	o__Lachnospirales	f__Lachnospiraceae	g__Lactonifactor	s__Lactonifactor longoviformis					s__Lactonifactor_longoviformis	species
2.0	Human	521095.0		GCF_000024225.1	644736327.0	PMID:20203603; PMID:24861948	AGORA 1.03	0.0	0.0	Yes	0.0	Host-associated	Human	Oral	Digestive system	Gram+	Anaerobe	0.0	Nonmotile			1543805.0	1422.0	705312.0	46.0	1369.0	96.27	ftp://ftp.ncbi.nlm.nih.gov/genomes/all/GCF/000/024/225/GCF_000024225.1_ASM2422v1	s__Lancefieldella_parvula.json	521095.0	d__Bacteria	p__Actinomycetota	c__Coriobacteriia	o__Coriobacteriales	f__Atopobiaceae	g__Lancefieldella	s__Lancefieldella parvula		Atopobium parvulum DSM 20469 (521095.6)	521095.6		s__Lancefieldella_parvula	species
0.0	Human	1423738.0	GCF_001436095.1	GCF_001436095.1	2663762931.0	https://www.biorxiv.org/content/10.1101/691030v1	Literature research	0.0	0.0	Yes	0.0	Engineered	Food production	Unclassified	Silage fermentation	Gram+	Aerobe	0.0	0	0.0	0.0	1804240.0	1783.0	686319.0	38.0	1727.0	96.86	ftp://ftp.ncbi.nlm.nih.gov/genomes/all/GCF/001/436/095/GCF_001436095.1_ASM143609v1	s__Lapidilactobacillus_dextrinicus.json	1423738.0	d__Bacteria	p__Bacillota	c__Bacilli	o__Lactobacillales	f__Lactobacillaceae	g__Lapidilactobacillus	s__Lapidilactobacillus dextrinicus	0.0			0.0	s__Lapidilactobacillus_dextrinicus	species
2.0	Human	557598.0		GCF_000021025.1	643692026.0	PMID:20203603; PMID:24861948	AGORA 1.03	0.0	0.0	Yes		Host-associated	Human	Blood	Circulatory system	Gram-	Anaerobe	0.0	Motile		0.0	3169329.0	3333.0	1976150.0	62.0	3235.0	97.06	ftp://ftp.ncbi.nlm.nih.gov/genomes/all/GCF/000/021/025/GCF_000021025.1_ASM2102v1	s__Laribacter_hongkongensis.json	557598.0	d__Bacteria	p__Pseudomonadota	c__Gammaproteobacteria	o__Burkholderiales	f__Aquaspirillaceae	g__Laribacter	s__Laribacter hongkongensis		Laribacter hongkongensis HLHK9 (557598.3)	557598.3		s__Laribacter_hongkongensis	species
	Human							0.0	0.0	Yes	0.0					Gram+	Aerobe	0.0	0	0.0	0.0				42.0				s__Latilactobacillus_curvatus.json		d__Bacteria	p__Bacillota	c__Bacilli	o__Lactobacillales	f__Lactobacillaceae	g__Latilactobacillus	s__Latilactobacillus curvatus	0.0	Lactobacillus curvatus CRL 705 (1074451.3)	1074451.3	0.0	s__Latilactobacillus_curvatus	species
	Human		GCF_000217755.1					0.0	0.0	Yes	0.0	Engineered	Food production	Unclassified		Gram+	Facultative anaerobe	0.0		0.0	0.0				41.0				s__Latilactobacillus_sakei.json		d__Bacteria	p__Bacillota	c__Bacilli	o__Lactobacillales	f__Lactobacillaceae	g__Latilactobacillus	s__Latilactobacillus sakei		Lactobacillus sakei subsp. sakei 23K (314315.12)	314315.12		s__Latilactobacillus_sakei	species
2.0	Human	887898.0		GCF_000186425.1	649989970.0	PMID:20203603; PMID:24861948	AGORA 1.03	0.0	0.0	Yes	0.0	Host-associated	Animal	Unclassified	Digestive system	Gram-	0	0.0	0			3137198.0	2713.0	2057272.0	66.0	2666.0	98.27	ftp://ftp.ncbi.nlm.nih.gov/genomes/all/GCF/000/186/425/GCF_000186425.1_ASM18642v1	s__Lautropia_mirabilis.json	887898.0	d__Bacteria	p__Pseudomonadota	c__Gammaproteobacteria	o__Burkholderiales	f__Burkholderiaceae_E	g__Lautropia	s__Lautropia mirabilis		Lautropia mirabilis ATCC 51599 (887898.3)	887898.3	0.0	s__Lautropia_mirabilis	species
0.0	Human	1650661.0	GCF_001244495.1	GCF_001244495.1		PMID:30745586	Literature research									Gram+												ftp.ncbi.nlm.nih.gov/genomes/all/GCF/001/244/495/GCF_001244495.1_Clostridium_phoceensis	s__Lawsonibacter_asaccharolyticus.json	1650661.0	d__Bacteria	p__Bacillota	c__Clostridia	o__Oscillospirales	f__Oscillospiraceae	g__Lawsonibacter	s__Lawsonibacter asaccharolyticus					s__Lawsonibacter_asaccharolyticus	species
2.0	Human	552398.0		GCF_000177015.3	2562617183.0	PMID:20203603; PMID:24861948	AGORA 1.03	0.0	0.0	Yes	0.0	Host-associated	Human	Unclassified	Unclassified	Gram+	0	0.0	0		0.0	3197155.0	3051.0	1815989.0	57.0	2994.0	98.13	ftp://ftp.ncbi.nlm.nih.gov/genomes/all/GCF/000/177/015/GCF_000177015.3_Rumi_bact_D16_V2	s__Lawsonibacter_porci.json	552398.0	d__Bacteria	p__Bacillota	c__Clostridia	o__Oscillospirales	f__Oscillospiraceae	g__Lawsonibacter	s__Lawsonibacter porci		Ruminococcaceae bacterium D16 (552398.3)	552398.3	0.0	s__Lawsonibacter_porci	species
1.0	Mouse	1169145.0		GCF_000383315.1	2522125173.0	Personal communication, Dr. Jan Krumsiek	Personal communication	0.0	0.0	Yes	0.0	0	0	0	0	Gram+	0	0.0	0	0.0	0.0	4090615.0	3976.0	2857284.0	70.0	3920.0	98.59	ftp://ftp.ncbi.nlm.nih.gov/genomes/all/GCF/000/383/315/GCF_000383315.1_ASM38331v1	s__Leifsonia_sp900100265.json	1169145.0	d__Bacteria	p__Actinomycetota	c__Actinomycetes	o__Actinomycetales	f__Microbacteriaceae	g__Leifsonia	s__Leifsonia sp900100265	0.0	Cryocola sp. 340MFSha3.1 (1169145.3)	1169145.3	0.0	s__Leifsonia_sp900100265	species
0.0	Human	1005999.0		GCF_000735425.1	2588253796.0	PMID:20203603; PMID:24861948	AGORA 1.03	0.0	0.0	Yes	0.0	Host-associated	Human	Large intestine	Digestive system	Gram-	Aerobe	0.0	Nonmotile	0.0	0.0	4235612.0	3827.0	2282471.0	54.0	3758.0	98.2	ftp://ftp.ncbi.nlm.nih.gov/genomes/all/GCF/000/735/425/GCF_000735425.1_GLGR_DRAFTv1	s__Leminorella_grimontii.json	1005999.0	d__Bacteria	p__Pseudomonadota	c__Gammaproteobacteria	o__Enterobacterales	f__Enterobacteriaceae	g__Leminorella	s__Leminorella grimontii					s__Leminorella_grimontii	species
2.0	Human					Strains of species found in the human gut (PMID:24861948) present in PubSEED	Initial strain selection	0.0	0.0	Yes	0.0					Gram+	Aerobe	0.0	Nonmotile	0.0	0.0				44.0				s__Lentilactobacillus_buchneri.json		d__Bacteria	p__Bacillota	c__Bacilli	o__Lactobacillales	f__Lactobacillaceae	g__Lentilactobacillus	s__Lentilactobacillus buchneri	0.0			0.0	s__Lentilactobacillus_buchneri	species
2.0	Human					PMID:20203603; PMID:24861948	AGORA 1.03	0.0	0.0	Yes	0.0	Engineered	Food production	Unclassified	Fermented beverages	Gram+		0.0		0.0	0.0				40.0				s__Lentilactobacillus_hilgardii.json		d__Bacteria	p__Bacillota	c__Bacilli	o__Lactobacillales	f__Lactobacillaceae	g__Lentilactobacillus	s__Lentilactobacillus hilgardii					s__Lentilactobacillus_hilgardii	species
0.0	Human					https://www.biorxiv.org/content/10.1101/691030v1	Literature research	0.0	0.0	Yes	0.0					Gram+	Aerobe	0.0	0	0.0	0.0								s__Lentilactobacillus_parabuchneri.json		d__Bacteria	p__Bacillota	c__Bacilli	o__Lactobacillales	f__Lactobacillaceae	g__Lentilactobacillus	s__Lentilactobacillus parabuchneri	0.0			0.0	s__Lentilactobacillus_parabuchneri	species
0.0	Human	1423795.0	GCF_001436255.1	GCF_001436255.1	2700989137.0	https://www.biorxiv.org/content/10.1101/691030v1	Literature research	0.0	0.0	Yes	0.0	Engineered	Food production	Unclassified	Unclassified	Gram+	Aerobe	0.0	0	0.0	0.0	2848667.0	2736.0	1223273.0	43.0	2660.0	97.22	ftp://ftp.ncbi.nlm.nih.gov/genomes/all/GCF/001/436/255/GCF_001436255.1_ASM143625v1	s__Lentilactobacillus_rapi.json	1423795.0	d__Bacteria	p__Bacillota	c__Bacilli	o__Lactobacillales	f__Lactobacillaceae	g__Lentilactobacillus	s__Lentilactobacillus rapi	0.0			0.0	s__Lentilactobacillus_rapi	species
2.0	Human	523794.0		GCF_000023905.1	2500645350.0	PMID:20203603; PMID:24861948	AGORA 1.03	0.0	0.0	Yes	0.0	Host-associated	Animal	Unclassified	Digestive system	Gram-	Anaerobe	0.0	Nonmotile		0.0	391843.0	503.0	119583.0	31.0	486.0	96.62	ftp://ftp.ncbi.nlm.nih.gov/genomes/all/GCF/000/023/905/GCF_000023905.1_ASM2390v1	s__Leptotrichia_buccalis.json	523794.0	d__Bacteria	p__Fusobacteriota	c__Fusobacteriia	o__Fusobacteriales	f__Leptotrichiaceae	g__Leptotrichia	s__Leptotrichia buccalis		Leptotrichia buccalis C-1013-b (523794.5)	523794.5		s__Leptotrichia_buccalis	species
	Human					PMID:31171880	Literature research	0.0	0.0	Yes	0.0	Host-associated	Human	Oral	Digestive system	Gram-	Anaerobe	0.0	Nonmotile		0.0								s__Leptotrichia_hofstadii.json		d__Bacteria	p__Fusobacteriota	c__Fusobacteriia	o__Fusobacteriales	f__Leptotrichiaceae	g__Leptotrichia	s__Leptotrichia hofstadii					s__Leptotrichia_hofstadii	species
0.0	Human	554406.0	GCF_007990635.1	GCF_007990635.1		https://www.biorxiv.org/content/10.1101/691030v1	Literature research	0.0	0.0							Gram-	Anaerobe	0.0	0	0.0	0.0							ftp://ftp.ncbi.nlm.nih.gov/genomes/all/GCF/007/990/635/GCF_007990635.1_ASM799063v1	s__Leptotrichia_hongkongensis.json	554406.0	d__Bacteria	p__Fusobacteriota	c__Fusobacteriia	o__Fusobacteriales	f__Leptotrichiaceae	g__Leptotrichia	s__Leptotrichia hongkongensis	0.0			0.0	s__Leptotrichia_hongkongensis	species
1.0	Human	1122172.0	GCF_000373045.1	GCF_000373045.1	2515154071.0	PMID:31171880	Literature research	0.0	0.0	Yes	0.0	Host-associated	Human	Unclassified	Unclassified	Gram-	Anaerobe	0.0	Nonmotile			2149582.0	2025.0	635125.0	30.0	1968.0	97.19	ftp://ftp.ncbi.nlm.nih.gov/genomes/all/GCF/000/373/045/GCF_000373045.1_ASM37304v1	s__Leptotrichia_shahii.json	1122172.0	d__Bacteria	p__Fusobacteriota	c__Fusobacteriia	o__Fusobacteriales	f__Leptotrichiaceae	g__Leptotrichia	s__Leptotrichia shahii		Leptotrichia shahii DSM 19757 (1122172.3)	1122172.3		s__Leptotrichia_shahii	species
	Human					PMID:31171880	Literature research	0.0	0.0	Yes	0.0	Host-associated	Human	Oral	Digestive system	Gram-	Anaerobe	0.0	Nonmotile						29.0				s__Leptotrichia_wadei.json		d__Bacteria	p__Fusobacteriota	c__Fusobacteriia	o__Fusobacteriales	f__Leptotrichiaceae	g__Leptotrichia	s__Leptotrichia wadei		Leptotrichia wadei DSM 19758 (1122174.3)	1122174.3		s__Leptotrichia_wadei	species
1.0	Human	1229758.0		GCF_000300135.1	2519899541.0	PMID:31171880	Literature research	0.0	0.0	Yes	0.0	Engineered	Food production	Unclassified	Unclassified	Gram+	Facultative anaerobe	0.0	0	0.0	0.0	1773468.0	1769.0	658488.0	37.0	1691.0	95.59	ftp://ftp.ncbi.nlm.nih.gov/genomes/all/GCF/000/300/135/GCF_000300135.1_ASM30013v1	s__Leuconostoc_carnosum.json	1229758.0	d__Bacteria	p__Bacillota	c__Bacilli	o__Lactobacillales	f__Lactobacillaceae	g__Leuconostoc	s__Leuconostoc carnosum	0.0	Leuconostoc carnosum JB16 (1229758.3)	1229758.3	0.0	s__Leuconostoc_carnosum	species
1.0	Human					PMID:31171880	Literature research	0.0	0.0	Yes	0.0	Engineered	Food production	Unclassified	Unclassified	Gram+	Facultative anaerobe	0.0		0.0	0.0				39.0				s__Leuconostoc_citreum.json		d__Bacteria	p__Bacillota	c__Bacilli	o__Lactobacillales	f__Lactobacillaceae	g__Leuconostoc	s__Leuconostoc citreum	0.0				s__Leuconostoc_citreum	species
1.0	Human	1154757.0	NZ_CAKV01000106	GCF_000297375.1	2531839142.0	PMID:31275260	Literature research	0.0	0.0	Yes	0.0	Engineered	Food production	Unclassified	Unclassified	Gram+	Facultative anaerobe	0.0	0	0.0	0.0	2008587.0	2152.0	784515.0	39.0	2086.0	96.93	ftp://ftp.ncbi.nlm.nih.gov/genomes/all/GCF/000/297/375/GCF_000297375.1_ASM29737v1	s__Leuconostoc_falkenbergense.json	1154757.0	d__Bacteria	p__Bacillota	c__Bacilli	o__Lactobacillales	f__Lactobacillaceae	g__Leuconostoc	s__Leuconostoc falkenbergense	0.0	Leuconostoc pseudomesenteroides 4882 (1154757.4)	1154757.4	0.0	s__Leuconostoc_falkenbergense	species
0.0	Human	115778.0		GCF_900016145.1		PMID:31171880	Literature research	0.0	0.0							Gram+	Facultative anaerobe	0.0	0	0.0	0.0							ftp://ftp.ncbi.nlm.nih.gov/genomes/all/GCF/900/016/145/GCF_900016145.1_ASM90001614v1	s__Leuconostoc_gasicomitatum.json	115778.0	d__Bacteria	p__Bacillota	c__Bacilli	o__Lactobacillales	f__Lactobacillaceae	g__Leuconostoc	s__Leuconostoc gasicomitatum	0.0			0.0	s__Leuconostoc_gasicomitatum	species
2.0	Human							0.0	0.0	Yes	0.0	Engineered	Food production	Unclassified	Unclassified	Gram+	Facultative anaerobe	0.0		0.0	0.0				37.0				s__Leuconostoc_gelidum.json		d__Bacteria	p__Bacillota	c__Bacilli	o__Lactobacillales	f__Lactobacillaceae	g__Leuconostoc	s__Leuconostoc gelidum	0.0			0.0	s__Leuconostoc_gelidum	species
2.0	Human	886872.0	GCF_000023905.1	GCF_000179875.1	651324066.0	PMID:20203603; PMID:24861948	AGORA 1.03	0.0	0.0	Yes	0.0	Engineered	Food production	Unclassified	Unclassified	Gram+	Facultative anaerobe	0.0	Nonmotile	0.0	0.0	1720683.0	1810.0	737998.0	43.0	1759.0	97.18	ftp://ftp.ncbi.nlm.nih.gov/genomes/all/GCF/000/179/875/GCF_000179875.1_ASM17987v1	s__Leuconostoc_lactis_A.json	886872.0	d__Bacteria	p__Bacillota	c__Bacilli	o__Lactobacillales	f__Lactobacillaceae	g__Leuconostoc	s__Leuconostoc lactis_A	0.0	Leuconostoc argentinum KCTC 3773 (886872.3)	886872.3		s__Leuconostoc_lactis_A	species
2.0	Human							0.0	0.0	Yes	0.0	Engineered	Food production	Unclassified		Gram+	Facultative anaerobe	0.0	Nonmotile	0.0	0.0				38.0				s__Leuconostoc_mesenteroides.json		d__Bacteria	p__Bacillota	c__Bacilli	o__Lactobacillales	f__Lactobacillaceae	g__Leuconostoc	s__Leuconostoc mesenteroides					s__Leuconostoc_mesenteroides	species
	Human							0.0	0.0	Yes	0.0					Gram+	Aerobe	0.0		0.0	0.0				46.0				s__Levilactobacillus_brevis.json		d__Bacteria	p__Bacillota	c__Bacilli	o__Lactobacillales	f__Lactobacillaceae	g__Levilactobacillus	s__Levilactobacillus brevis					s__Levilactobacillus_brevis	species
1.0	Human	1267003.0	GCF_000383435.1	GCF_001434055.1	2519103178.0	PMID:31275260	Literature research	0.0	0.0	Yes	0.0	Host-associated	Plants	Unclassified	Unclassified	Gram+	Aerobe	0.0	0	0.0	0.0	2636297.0	2565.0	1291270.0	49.0	2476.0	96.53	ftp://ftp.ncbi.nlm.nih.gov/genomes/all/GCF/001/434/055/GCF_001434055.1_ASM143405v1	s__Levilactobacillus_parabrevis.json	1267003.0	d__Bacteria	p__Bacillota	c__Bacilli	o__Lactobacillales	f__Lactobacillaceae	g__Levilactobacillus	s__Levilactobacillus parabrevis		Lactobacillus parabrevis ATCC 53295 (1267003.3)	1267003.3	0.0	s__Levilactobacillus_parabrevis	species
	Human					https://www.biorxiv.org/content/10.1101/691030v1	Literature research	0.0	0.0							Gram+	Microaerophile	0.0	0	0.0	0.0								s__Ligilactobacillus_acidipiscis.json		d__Bacteria	p__Bacillota	c__Bacilli	o__Lactobacillales	f__Lactobacillaceae	g__Ligilactobacillus	s__Ligilactobacillus acidipiscis	0.0			0.0	s__Ligilactobacillus_acidipiscis	species
0.0	Human					https://www.biorxiv.org/content/10.1101/691030v1	Literature research	0.0	0.0	Yes	0.0			Unclassified		Gram+	Aerobe	0.0	0	0.0	0.0								s__Ligilactobacillus_agilis.json		d__Bacteria	p__Bacillota	c__Bacilli	o__Lactobacillales	f__Lactobacillaceae	g__Ligilactobacillus	s__Ligilactobacillus agilis	0.0			0.0	s__Ligilactobacillus_agilis	species
	Human							0.0	0.0							Gram+	Aerobe	0.0		0.0	0.0								s__Ligilactobacillus_animalis.json		d__Bacteria	p__Bacillota	c__Bacilli	o__Lactobacillales	f__Lactobacillaceae	g__Ligilactobacillus	s__Ligilactobacillus animalis	0.0			0.0	s__Ligilactobacillus_animalis	species
0.0	Mouse	1423724.0		GCF_001434405.1	2675903500.0	PMID:27670113	Literature research	0.0	0.0	Yes	0.0	Host-associated	Mammals	Large intestine	Digestive system	Gram+	Microaerophile	0.0	0	0.0	0.0	2081118.0	2112.0	802526.0	39.0	2039.0	96.54	ftp://ftp.ncbi.nlm.nih.gov/genomes/all/GCF/001/434/405/GCF_001434405.1_ASM143440v1	s__Ligilactobacillus_apodemi.json	1423724.0	d__Bacteria	p__Bacillota	c__Bacilli	o__Lactobacillales	f__Lactobacillaceae	g__Ligilactobacillus	s__Ligilactobacillus apodemi				0.0	s__Ligilactobacillus_apodemi	species
1.0	Human	1235801.0	NZ_KB822402	GCF_000364205.1	2517572003.0	PMID:31275260	Literature research	0.0	0.0	Yes	0.0	Host-associated	Mammals	Unclassified	Digestive system	Gram+	Aerobe	0.0	0	0.0	0.0	2248824.0	2326.0	896720.0	40.0	2267.0	97.46	ftp://ftp.ncbi.nlm.nih.gov/genomes/all/GCF/000/364/205/GCF_000364205.1_Lact_muri_ASF361_V1	s__Ligilactobacillus_murinus.json	1235801.0	d__Bacteria	p__Bacillota	c__Bacilli	o__Lactobacillales	f__Lactobacillaceae	g__Ligilactobacillus	s__Ligilactobacillus murinus	0.0	Lactobacillus murinus ASF361 (1235801.4)	1235801.4	0.0	s__Ligilactobacillus_murinus	species
1.0	Human	1242253.0	GCF_000349725.1	GCF_001433815.1	2554235039.0	PMID:31275260	Literature research	0.0	0.0	Yes	0.0	Engineered	Food production	Unclassified	Unclassified	Gram+	Aerobe	0.0	0	0.0	0.0	2346370.0	2285.0	884941.0	38.0	2198.0	96.19	ftp://ftp.ncbi.nlm.nih.gov/genomes/all/GCF/001/433/815/GCF_001433815.1_ASM143381v1	s__Ligilactobacillus_pobuzihii.json	1242253.0	d__Bacteria	p__Bacillota	c__Bacilli	o__Lactobacillales	f__Lactobacillaceae	g__Ligilactobacillus	s__Ligilactobacillus pobuzihii	0.0	Lactobacillus pobuzihii E100301 (1242253.3)	1242253.3	0.0	s__Ligilactobacillus_pobuzihii	species
	Human							0.0	0.0	Yes	0.0					Gram+	Facultative anaerobe	0.0			0.0								s__Ligilactobacillus_ruminis.json		d__Bacteria	p__Bacillota	c__Bacilli	o__Lactobacillales	f__Lactobacillaceae	g__Ligilactobacillus	s__Ligilactobacillus ruminis					s__Ligilactobacillus_ruminis	species
1.0	Human	1227363.0	GCF_000317165.1	GCF_000317165.1	2537561993.0	PMID:31275260	Literature research	0.0	0.0	Yes	0.0	Host-associated	Mammals	Unclassified	Digestive system	Gram+	Aerobe	0.0	0			1633986.0	1581.0	695289.0	43.0	1519.0	96.08	ftp://ftp.ncbi.nlm.nih.gov/genomes/all/GCF/000/317/165/GCF_000317165.1_O1P2RL8	s__Ligilactobacillus_saerimneri.json	1227363.0	d__Bacteria	p__Bacillota	c__Bacilli	o__Lactobacillales	f__Lactobacillaceae	g__Ligilactobacillus	s__Ligilactobacillus saerimneri		Lactobacillus saerimneri 30a (1227363.6)	1227363.6	0.0	s__Ligilactobacillus_saerimneri	species
	Human							0.0	0.0	Yes	0.0	Host-associated				Gram+	Facultative anaerobe	0.0	Nonmotile		0.0				33.0				s__Ligilactobacillus_salivarius.json		d__Bacteria	p__Bacillota	c__Bacilli	o__Lactobacillales	f__Lactobacillaceae	g__Ligilactobacillus	s__Ligilactobacillus salivarius					s__Ligilactobacillus_salivarius	species
2.0	Human	525309.0		GCF_001435475.1	2671180689.0	PMID:20203603; PMID:24861948	AGORA 1.03	0.0	0.0	Yes	0.0	Host-associated	Human	Unclassified	Digestive system	Gram+	Aerobe	0.0	0			2231539.0	2173.0	1141107.0	51.0	2112.0	97.19	ftp://ftp.ncbi.nlm.nih.gov/genomes/all/GCF/001/435/475/GCF_001435475.1_ASM143547v1	s__Limosilactobacillus_antri.json	525309.0	d__Bacteria	p__Bacillota	c__Bacilli	o__Lactobacillales	f__Lactobacillaceae	g__Limosilactobacillus	s__Limosilactobacillus antri		Lactobacillus antri DSM 16041 (525309.3)	525309.3		s__Limosilactobacillus_antri	species
2.0	Human	575594.0	GCF_000318035.1	GCF_000161935.1	646206276.0	PMID:20203603; PMID:24861948	AGORA 1.03	0.0	0.0	Yes	0.0	Host-associated	Human	Vagina	Reproductive system	Gram+	Aerobe	0.0	Nonmotile			1725829.0	1712.0	704476.0	41.0	1652.0	96.5	ftp://ftp.ncbi.nlm.nih.gov/genomes/all/GCF/000/161/935/GCF_000161935.1_ASM16193v1	s__Limosilactobacillus_coleohominis_A.json	575594.0	d__Bacteria	p__Bacillota	c__Bacilli	o__Lactobacillales	f__Lactobacillaceae	g__Limosilactobacillus	s__Limosilactobacillus coleohominis_A		Lactobacillus coleohominis 101-4-CHN (575594.3)	575594.3		s__Limosilactobacillus_coleohominis_A	species
2.0	Human							0.0	0.0	Yes	0.0					Gram+	Facultative anaerobe	0.0	Nonmotile										s__Limosilactobacillus_fermentum.json		d__Bacteria	p__Bacillota	c__Bacilli	o__Lactobacillales	f__Lactobacillaceae	g__Limosilactobacillus	s__Limosilactobacillus fermentum					s__Limosilactobacillus_fermentum	species
0.0	Human	1423746.0	GCF_001436045.1	GCF_001436045.1	2667528021.0	https://www.biorxiv.org/content/10.1101/691030v1	Literature research	0.0	0.0	Yes	0.0	Engineered	Food production	Unclassified	Unclassified	Gram+	Facultative anaerobe	0.0	0	0.0	0.0	1732492.0	1761.0	737243.0	43.0	1685.0	95.68	ftp://ftp.ncbi.nlm.nih.gov/genomes/all/GCF/001/436/045/GCF_001436045.1_ASM143604v1	s__Limosilactobacillus_frumenti.json	1423746.0	d__Bacteria	p__Bacillota	c__Bacilli	o__Lactobacillales	f__Lactobacillaceae	g__Limosilactobacillus	s__Limosilactobacillus frumenti	0.0			0.0	s__Limosilactobacillus_frumenti	species
2.0	Human	1144300.0	GCF_000177035.2	GCF_000247775.1	2531839419.0	PMID:20203603; PMID:24861948	AGORA 1.03	0.0	0.0	Yes	0.0	Host-associated	Human	Unclassified	Milk	Gram+	Microaerophile	0.0	0	0.0	0.0	1904872.0	1312.0	795646.0	42.0	1269.0	96.72	ftp://ftp.ncbi.nlm.nih.gov/genomes/all/GCF/000/247/775/GCF_000247775.1_ASM24777v2	s__Limosilactobacillus_gastricus_A.json	1144300.0	d__Bacteria	p__Bacillota	c__Bacilli	o__Lactobacillales	f__Lactobacillaceae	g__Limosilactobacillus	s__Limosilactobacillus gastricus_A	0.0	Lactobacillus gastricus PS3 (1144300.3)	1144300.3	0.0	s__Limosilactobacillus_gastricus_A	species
1.0	Human	1203076.0	GCF_000312405.1	GCF_000312405.1	2551306122.0	PMID:31275260	Literature research	0.0	0.0	Yes	0.0	0	0	0	0	Gram+	Microaerophile	0.0	0	0.0	0.0	1979644.0	1998.0	1007735.0	51.0	1921.0	96.15	ftp://ftp.ncbi.nlm.nih.gov/genomes/all/GCF/000/312/405/GCF_000312405.1_ASM31240v1	s__Limosilactobacillus_ingluviei.json	1203076.0	d__Bacteria	p__Bacillota	c__Bacilli	o__Lactobacillales	f__Lactobacillaceae	g__Limosilactobacillus	s__Limosilactobacillus ingluviei	0.0	Lactobacillus ingluviei str. Autruche 4 (1203076.3)	1203076.3	0.0	s__Limosilactobacillus_ingluviei	species
2.0	Human					PMID:20203603; PMID:24861948	AGORA 1.03	0.0	0.0	Yes	0.0	Host-associated	Human			Gram+	Facultative anaerobe	0.0	Nonmotile		0.0				39.0				s__Limosilactobacillus_kinnaridis.json		d__Bacteria	p__Bacillota	c__Bacilli	o__Lactobacillales	f__Lactobacillaceae	g__Limosilactobacillus	s__Limosilactobacillus kinnaridis					s__Limosilactobacillus_kinnaridis	species
2.0	Human	1130798.0	GCF_000219475.1	GCF_000248095.2	2513237302.0	PMID:20203603; PMID:24861948	AGORA 1.03	0.0	0.0	Yes	0.0	Host-associated	Mammals	Unclassified	Digestive system	Gram+	Aerobe	0.0	Nonmotile	0.0	0.0	2213697.0	2097.0	1015492.0	46.0	2039.0	97.23	ftp://ftp.ncbi.nlm.nih.gov/genomes/all/GCF/000/248/095/GCF_000248095.2_ASM24809v3	s__Limosilactobacillus_mucosae.json	1130798.0	d__Bacteria	p__Bacillota	c__Bacilli	o__Lactobacillales	f__Lactobacillaceae	g__Limosilactobacillus	s__Limosilactobacillus mucosae	0.0	Lactobacillus mucosae LM1 (1130798.3)	1130798.3	0.0	s__Limosilactobacillus_mucosae	species
2.0	Human							0.0	0.0	Yes	0.0	Host-associated	Human			Gram+	Facultative anaerobe	0.0	Nonmotile		0.0				50.0				s__Limosilactobacillus_oris.json		d__Bacteria	p__Bacillota	c__Bacilli	o__Lactobacillales	f__Lactobacillaceae	g__Limosilactobacillus	s__Limosilactobacillus oris					s__Limosilactobacillus_oris	species
0.0	Human	1423782.0	GCF_001435935.1	GCF_001027985.1	2700989156.0	https://www.biorxiv.org/content/10.1101/691030v1	Literature research	0.0	0.0	Yes	0.0	Engineered	Food production	Unclassified	Unclassified	Gram+	Aerobe	0.0	0	0.0	0.0	1991305.0	1993.0	958221.0	48.0	1916.0	96.14	ftp://ftp.ncbi.nlm.nih.gov/genomes/all/GCF/001/027/985/GCF_001027985.1_ASM102798v1	s__Limosilactobacillus_panis.json	1423782.0	d__Bacteria	p__Bacillota	c__Bacilli	o__Lactobacillales	f__Lactobacillaceae	g__Limosilactobacillus	s__Limosilactobacillus panis	0.0			0.0	s__Limosilactobacillus_panis	species
0.0	Human	1423794.0	GCF_001435345.1	GCF_001435345.1	2700989158.0	https://www.biorxiv.org/content/10.1101/691030v1	Literature research	0.0	0.0	Yes	0.0	Engineered	Food production	Unclassified	Unclassified	Gram+	Aerobe	0.0	0	0.0	0.0	1656076.0	1699.0	885237.0	54.0	1624.0	95.59	ftp://ftp.ncbi.nlm.nih.gov/genomes/all/GCF/001/435/345/GCF_001435345.1_ASM143534v1	s__Limosilactobacillus_pontis.json	1423794.0	d__Bacteria	p__Bacillota	c__Bacilli	o__Lactobacillales	f__Lactobacillaceae	g__Limosilactobacillus	s__Limosilactobacillus pontis	0.0			0.0	s__Limosilactobacillus_pontis	species
	Human					PMID:20203603; PMID:24861948	AGORA 1.03	0.0	0.0	Yes	0.0	Host-associated	Human	Unclassified	Unclassified	Gram+	Facultative anaerobe	0.0	Nonmotile		0.0				39.0				s__Limosilactobacillus_reuteri.json		d__Bacteria	p__Bacillota	c__Bacilli	o__Lactobacillales	f__Lactobacillaceae	g__Limosilactobacillus	s__Limosilactobacillus reuteri					s__Limosilactobacillus_reuteri	species
2.0	Human	863368.0	GCF_000010005.1	GCF_000179455.1	2506381017.0	Strains of species found in the human gut (PMID:24861948) present in PubSEED	Initial strain selection	0.0	0.0	Yes	0.0	Host-associated	Mammals	Large intestine	Digestive system	Gram+	Facultative anaerobe	0.0	Nonmotile	0.0	0.0	2116621.0	2075.0	812550.0	38.0	1992.0	96.0	ftp://ftp.ncbi.nlm.nih.gov/genomes/all/GCF/000/179/455/GCF_000179455.1_ASM17945v1	s__Limosilactobacillus_reuteri_J.json	863368.0	d__Bacteria	p__Bacillota	c__Bacilli	o__Lactobacillales	f__Lactobacillaceae	g__Limosilactobacillus	s__Limosilactobacillus reuteri_J	0.0	Lactobacillus reuteri lpuph (863368.3)	863368.3		s__Limosilactobacillus_reuteri_J	species
1.0	Human	863369.0	GCF_000179455.1	GCF_000179435.1	2506381016.0	Strains of species found in the human gut (PMID:24861948) present in KBase	Initial strain selection	0.0	0.0	Yes	0.0	Host-associated	Mammals	Unclassified	Unclassified	Gram+	Facultative anaerobe	0.0	Nonmotile	0.0	0.0	2018630.0	2022.0	777679.0	39.0	1945.0	96.19	ftp://ftp.ncbi.nlm.nih.gov/genomes/all/GCF/000/179/435/GCF_000179435.1_ASM17943v1	s__Limosilactobacillus_reuteri_K.json	863369.0	d__Bacteria	p__Bacillota	c__Bacilli	o__Lactobacillales	f__Lactobacillaceae	g__Limosilactobacillus	s__Limosilactobacillus reuteri_K	0.0	Lactobacillus reuteri mlc3 (863369.3)	863369.3		s__Limosilactobacillus_reuteri_K	species
2.0	Human		GCF_000338115.2			Strains of species found in the human gut (PMID:24861948) present in PubSEED	Initial strain selection	0.0	0.0	Yes	0.0	Host-associated		Unclassified	Unclassified	Gram+	Facultative anaerobe	0.0			0.0				39.0				s__Limosilactobacillus_reuteri_L.json		d__Bacteria	p__Bacillota	c__Bacilli	o__Lactobacillales	f__Lactobacillaceae	g__Limosilactobacillus	s__Limosilactobacillus reuteri_L					s__Limosilactobacillus_reuteri_L	species
2.0	Human	1423814.0		GCF_000159435.1	643886050.0	PMID:20203603; PMID:24861948	AGORA 1.03	0.0	0.0	Yes	0.0	Host-associated	Animal	Unclassified	Reproductive system	Gram+	Microaerophile	0.0	Nonmotile			1806246.0	1932.0	733664.0	41.0	1870.0	96.79	ftp://ftp.ncbi.nlm.nih.gov/genomes/all/GCF/000/159/435/GCF_000159435.1_ASM15943v1	s__Limosilactobacillus_vaginalis.json	1423814.0	d__Bacteria	p__Bacillota	c__Bacilli	o__Lactobacillales	f__Lactobacillaceae	g__Limosilactobacillus	s__Limosilactobacillus vaginalis		Lactobacillus vaginalis ATCC 49540 (525366.3)	525366.3		s__Limosilactobacillus_vaginalis	species
1.0	Human	1046596.0		GCF_000276905.1	2671180581.0	PMID:31275260	Literature research	0.0	0.0	Yes	0.0	0	0	0	0	Gram+	Aerobe	0.0	0	0.0	0.0	2560636.0	2577.0	923153.0	36.0	2522.0	97.87	ftp://ftp.ncbi.nlm.nih.gov/genomes/all/GCF/000/276/905/GCF_000276905.1_LmaliDSM20444T	s__Liquorilactobacillus_mali.json	1046596.0	d__Bacteria	p__Bacillota	c__Bacilli	o__Lactobacillales	f__Lactobacillaceae	g__Liquorilactobacillus	s__Liquorilactobacillus mali	0.0	Lactobacillus mali KCTC 3596 (1046596.4)	1046596.4	0.0	s__Liquorilactobacillus_mali	species
2.0	Human	525367.0		GCF_000148995.1	2562617157.0	PMID:20203603; PMID:24861948	AGORA 1.03	0.0	0.0	Yes	0.0	Host-associated	Mammals	Large intestine	Digestive system	Gram+	Facultative anaerobe	0.0	Motile		0.0	2589961.0	2689.0	1077519.0	42.0	2625.0	97.62	ftp://ftp.ncbi.nlm.nih.gov/genomes/all/GCF/000/148/995/GCF_000148995.1_ASM14899v1	s__Listeria_grayi.json	525367.0	d__Bacteria	p__Bacillota	c__Bacilli	o__Lactobacillales	f__Listeriaceae	g__Listeria	s__Listeria grayi		Listeria grayi DSM 20601 (525367.9)	525367.9		s__Listeria_grayi	species
1.0	Human					PMID:31275260	Literature research	0.0	0.0	Yes						Gram+	Facultative anaerobe	0.0	Motile		0.0				37.0				s__Listeria_innocua.json		d__Bacteria	p__Bacillota	c__Bacilli	o__Lactobacillales	f__Listeriaceae	g__Listeria	s__Listeria innocua					s__Listeria_innocua	species
	Human							0.0	0.0	Yes						Gram+	Facultative anaerobe	0.0			0.0				38.0				s__Listeria_monocytogenes.json		d__Bacteria	p__Bacillota	c__Bacilli	o__Lactobacillales	f__Listeriaceae	g__Listeria	s__Listeria monocytogenes					s__Listeria_monocytogenes	species
	Human							0.0	0.0	Yes	0.0					Gram+	Facultative anaerobe	0.0		0.0	0.0				38.0				s__Listeria_monocytogenes_B.json		d__Bacteria	p__Bacillota	c__Bacilli	o__Lactobacillales	f__Listeriaceae	g__Listeria	s__Listeria monocytogenes_B	0.0			0.0	s__Listeria_monocytogenes_B	species
	Human						Initial strain selection	0.0	0.0	Yes						Gram+	Facultative anaerobe	0.0							38.0				s__Listeria_monocytogenes_D.json		d__Bacteria	p__Bacillota	c__Bacilli	o__Lactobacillales	f__Listeriaceae	g__Listeria	s__Listeria monocytogenes_D					s__Listeria_monocytogenes_D	species
	Human							0.0	0.0	Yes	0.0					Gram+	Aerobe	0.0		0.0	0.0				43.0				s__Loigolactobacillus_coryniformis.json		d__Bacteria	p__Bacillota	c__Bacilli	o__Lactobacillales	f__Lactobacillaceae	g__Loigolactobacillus	s__Loigolactobacillus coryniformis					s__Loigolactobacillus_coryniformis	species
0.0	Mouse	1796628.0	GCF_004343035.1	GCF_004343035.1	2788499828.0	PMID:27670113	Literature research	0.0	0.0	Yes	0.0	Host-associated	Mammals	Large intestine	Digestive system	Gram+	Anaerobe	0.0	0	0.0	0.0	3167958.0	3239.0	976013.0	31.0	3166.0	97.75	ftp://ftp.ncbi.nlm.nih.gov/genomes/all/GCF/004/343/035/GCF_004343035.1_ASM434303v1	s__Longibaculum_muris.json	1796628.0	d__Bacteria	p__Bacillota_I	c__Bacilli_A	o__Erysipelotrichales	f__Coprobacillaceae	g__Longibaculum	s__Longibaculum muris	0.0			0.0	s__Longibaculum_muris	species
								0.0	0.0	Yes	0.0	Host-associated				Gram+		0.0			0.0				38.0				s__Longicatena_caecimuris.json		d__Bacteria	p__Bacillota_I	c__Bacilli_A	o__Erysipelotrichales	f__Erysipelotrichaceae	g__Longicatena	s__Longicatena caecimuris					s__Longicatena_caecimuris	species
2.0	Human							0.0	0.0	Yes	0.0					Gram+	Obligate aerobe	0.0	0	0.0	0.0				37.0				s__Lysinibacillus_capsici.json		d__Bacteria	p__Bacillota	c__Bacilli	o__Bacillales_A	f__Planococcaceae	g__Lysinibacillus	s__Lysinibacillus capsici	0.0			0.0	s__Lysinibacillus_capsici	species
1.0	Human	444177.0	GCF_000178135.1	GCF_000017965.1		PMID:20203603; PMID:24861948	AGORA 1.03	0.0	0.0							Gram+	Aerobe	0.0	0	0.0	0.0							https://www.ncbi.nlm.nih.gov/assembly/GCF_000017965.1/	s__Lysinibacillus_pinottii.json	444177.0	d__Bacteria	p__Bacillota	c__Bacilli	o__Bacillales_A	f__Planococcaceae	g__Lysinibacillus	s__Lysinibacillus pinottii	0.0	Lysinibacillus sphaericus C3-41 (444177.5)	444177.5	0.0	s__Lysinibacillus_pinottii	species
2.0	Human	1285586.0		GCF_000392615.1	2524614537.0	Strains of species found in the human gut (PMID:24861948) present in PubSEED	Initial strain selection	0.0	0.0	Yes	0.0	Host-associated	Insecta	Unclassified	Unclassified	Gram+	Aerobe	0.0	0	0.0	0.0	4856302.0	4795.0	1821217.0	38.0	4699.0	98.0	ftp://ftp.ncbi.nlm.nih.gov/genomes/all/GCF/000/392/615/GCF_000392615.1_L.sphaericusOT4b.31_v01	s__Lysinibacillus_sphaericus_B.json	1285586.0	d__Bacteria	p__Bacillota	c__Bacilli	o__Bacillales_A	f__Planococcaceae	g__Lysinibacillus	s__Lysinibacillus sphaericus_B	0.0	Lysinibacillus sphaericus OT4b.31 (1285586.5)	1285586.5	0.0	s__Lysinibacillus_sphaericus_B	species
0.0	Human					species in vaginal microbiome	Personal communication									Gram-	Obligate anaerobe												s__Mageeibacillus_indolicus.json		d__Bacteria	p__Bacillota	c__Clostridia	o__Saccharofermentanales	f__Fastidiosipilaceae	g__Mageeibacillus	s__Mageeibacillus indolicus					s__Mageeibacillus_indolicus	species
0.0	Human	42858.0				PMID:30718869	Forster et al. resource	0.0	0.0							Gram+	Facultative anaerobe	0.0	0	0.0	0.0							ftp.sra.ebi.ac.uk/vol1/fastq/ERR222/000/ERR2221130/ERR2221130_1.fastq.gz;ftp.sra.ebi.ac.uk/vol1/fastq/ERR222/000/ERR2221130/ERR2221130_2.fastq.gz	s__Mammaliicoccus_lentus.json	42858.0	d__Bacteria	p__Bacillota	c__Bacilli	o__Staphylococcales	f__Staphylococcaceae	g__Mammaliicoccus	s__Mammaliicoccus lentus	0.0			0.0	s__Mammaliicoccus_lentus	species
2.0	Human	1167632.0		GCF_000286335.1	2548876999.0	PMID:20203603; PMID:24861948	AGORA 1.03	0.0	0.0	Yes	0.0	Engineered	Food production	Unclassified	Unclassified	Gram+	Facultative anaerobe	0.0	0	0.0	0.0	2559484.0	2645.0	828755.0	32.0	2595.0	98.11	ftp://ftp.ncbi.nlm.nih.gov/genomes/all/GCF/000/286/335/GCF_000286335.1_StaVit1.0	s__Mammaliicoccus_vitulinus.json	1167632.0	d__Bacteria	p__Bacillota	c__Bacilli	o__Staphylococcales	f__Staphylococcaceae	g__Mammaliicoccus	s__Mammaliicoccus vitulinus	0.0	Staphylococcus vitulinus F1028 (1167632.5)	1167632.5		s__Mammaliicoccus_vitulinus	species
0.0	Mouse	1122209.0		GCF_900119735.1	2599185147.0	Personal communication, Dr. Jan Krumsiek	Personal communication	0.0	0.0	Yes	0.0	Environmental	Aquatic	Unclassified	Non-marine Saline and Alkaline	Gram-	Aerobe		Motile	0.0	0.0	3137549.0	2963.0	1713750.0	55.0	2897.0	97.77	ftp://ftp.ncbi.nlm.nih.gov/genomes/all/GCF/900/119/735/GCF_900119735.1_IMG-taxon_2599185147_annotated_assembly	s__Marinospirillum_alkaliphilum.json	1122209.0	d__Bacteria	p__Pseudomonadota	c__Gammaproteobacteria	o__Pseudomonadales	f__Halomonadaceae	g__Marinospirillum	s__Marinospirillum alkaliphilum					s__Marinospirillum_alkaliphilum	species
2.0	Human	478749.0	GCF_000392615.1	GCF_900102475.1	2562617090.0	PMID:20203603; PMID:24861948	AGORA 1.03	0.0	0.0	Yes	0.0	Host-associated	Human	Large intestine	Digestive system	Gram+	Anaerobe		Nonmotile		0.0	4548960.0	4960.0	2254223.0	50.0	4896.0	98.71	ftp://ftp.ncbi.nlm.nih.gov/genomes/all/GCF/900/102/475/GCF_900102475.1_IMG-taxon_2599185228_annotated_assembly	s__Marvinbryantia_formatexigens.json	478749.0	d__Bacteria	p__Bacillota	c__Clostridia	o__Lachnospirales	f__Lachnospiraceae	g__Marvinbryantia	s__Marvinbryantia formatexigens		Bryantella formatexigens DSM 14469 (478749.5)	478749.5		s__Marvinbryantia_formatexigens	species
0.0	Human	1632858.0	GCF_001375675.1	GCF_001375675.1		PMID:30745586	Literature research									Gram-												ftp.ncbi.nlm.nih.gov/genomes/all/GCF/001/375/675/GCF_001375675.1_Massilibacterium_senegalense	s__Massilibacterium_senegalense.json	1632858.0	d__Bacteria	p__Bacillota	c__Bacilli	o__Bacillales	f__Massilibacteriaceae	g__Massilibacterium	s__Massilibacterium senegalense					s__Massilibacterium_senegalense	species
0.0	Human	1870991.0	GCF_900095865.1	GCF_900095865.1		PMID:30745586	Literature research									Gram-												ftp.ncbi.nlm.nih.gov/genomes/all/GCF/900/095/865/GCF_900095865.1_PRJEB15310	s__Massilioclostridium_facile.json	1870991.0	d__Bacteria	p__Bacillota	c__Clostridia	o__Oscillospirales	f__Ruminococcaceae	g__Massilioclostridium	s__Massilioclostridium facile					s__Massilioclostridium_facile	species
2.0	Human	537013.0		GCF_000158655.1	643886206.0	PMID:20203603; PMID:24861948	AGORA 1.03	0.0	0.0	Yes	0.0	Host-associated	Human	Large intestine	Digestive system	Gram+	Obligate anaerobe	0.0	Motile		0.0	3406326.0	3961.0	1765027.0	52.0	3907.0	98.64	ftp://ftp.ncbi.nlm.nih.gov/genomes/all/GCF/000/158/655/GCF_000158655.1_ASM15865v1	s__Massilioclostridium_methylpentosum.json	537013.0	d__Bacteria	p__Bacillota	c__Clostridia	o__Oscillospirales	f__Ruminococcaceae	g__Massilioclostridium	s__Massilioclostridium methylpentosum		Clostridium methylpentosum DSM 5476 (537013.3)	537013.3		s__Massilioclostridium_methylpentosum	species
2.0	Human	657313.0	GCF_000210035.1	GCA_000210035.1	650377970.0	PMID:20203603; PMID:24861948	AGORA 1.03	0.0	0.0	Yes	0.0	Host-associated	Unclassified	Unclassified	Unclassified	Gram+	Anaerobe		Nonmotile		0.0	3341681.0	2848.0	1341431.0	41.0	2798.0	98.24	ftp://ftp.ncbi.nlm.nih.gov/genomes/all/GCA/000/210/035/GCA_000210035.1_ASM21003v1	s__Mediterraneibacter_faecis.json	657313.0	d__Bacteria	p__Bacillota	c__Clostridia	o__Lachnospirales	f__Lachnospiraceae	g__Mediterraneibacter	s__Mediterraneibacter faecis		Ruminococcus torques L2-14 (657313.3)	657313.3		s__Mediterraneibacter_faecis	species
	Human							0.0	0.0	Yes	0.0	Host-associated	Human	Large intestine	Digestive system	Gram+	Anaerobe	0.0			0.0								s__Mediterraneibacter_gnavus.json		d__Bacteria	p__Bacillota	c__Clostridia	o__Lachnospirales	f__Lachnospiraceae	g__Mediterraneibacter	s__Mediterraneibacter gnavus				0.0	s__Mediterraneibacter_gnavus	species
2.0	Human	471875.0		GCF_000155205.1	642791604.0	PMID:20203603; PMID:24861948	AGORA 1.03	0.0	0.0	Yes	0.0	Host-associated	Human	Large intestine	Digestive system	Gram+	Anaerobe	0.0	Nonmotile		0.0	2729735.0	2813.0	1165516.0	43.0	2750.0	97.76	ftp://ftp.ncbi.nlm.nih.gov/genomes/all/GCF/000/155/205/GCF_000155205.1_ASM15520v1	s__Mediterraneibacter_lactaris.json	471875.0	d__Bacteria	p__Bacillota	c__Clostridia	o__Lachnospirales	f__Lachnospiraceae	g__Mediterraneibacter	s__Mediterraneibacter lactaris		Ruminococcus lactaris ATCC 29176 (471875.6)	471875.6		s__Mediterraneibacter_lactaris	species
0.0	Human	1720300.0	GCF_001487105.1	GCF_001487105.1		PMID:30745586	Literature research									Gram+												ftp://ftp.ncbi.nlm.nih.gov/genomes/all/GCF/001/487/105/GCF_001487105.1_Ruminococcus_phoceensis	s__Mediterraneibacter_massiliensis.json	1720300.0	d__Bacteria	p__Bacillota	c__Clostridia	o__Lachnospirales	f__Lachnospiraceae	g__Mediterraneibacter	s__Mediterraneibacter massiliensis					s__Mediterraneibacter_massiliensis	species
	Human							0.0	0.0	Yes	0.0	Host-associated	Human		Digestive system	Gram+	Anaerobe	0.0			0.0				42.0				s__Mediterraneibacter_torques.json		d__Bacteria	p__Bacillota	c__Clostridia	o__Lachnospirales	f__Lachnospiraceae	g__Mediterraneibacter	s__Mediterraneibacter torques				0.0	s__Mediterraneibacter_torques	species
	Human							0.0	0.0	Yes	0.0	Host-associated				Gram-		0.0			0.0								s__Megamonas_funiformis.json		d__Bacteria	p__Bacillota	c__Negativicutes	o__Selenomonadales	f__Selenomonadaceae	g__Megamonas	s__Megamonas funiformis				0.0	s__Megamonas_funiformis	species
2.0	Human	1064535.0		GCF_003010495.1	2511231071.0	PMID:20203603; PMID:24861948	AGORA 1.03	0.0	0.0	Yes		Host-associated	Mammals	Foregut	Digestive system	Gram-	Anaerobe	0.0	0		0.0	2474718.0	2304.0	1301408.0	53.0	2219.0	96.31	ftp://ftp.ncbi.nlm.nih.gov/genomes/all/GCF/003/010/495/GCF_003010495.1_ASM301049v1	s__Megasphaera_elsdenii.json	1064535.0	d__Bacteria	p__Bacillota	c__Negativicutes	o__Veillonellales	f__Megasphaeraceae	g__Megasphaera	s__Megasphaera elsdenii		Megasphaera elsdenii (907.4)	907.4		s__Megasphaera_elsdenii	species
1.0	Human	861450.0		GCF_000239275.1	2513237300.0	PMID:31171880	Literature research	0.0	0.0	Yes	0.0	Host-associated	Human	Oral	Digestive system	Gram-	Anaerobe	0.0	Nonmotile		0.0	1794202.0	2198.0	879309.0	49.0	2148.0	97.73	ftp://ftp.ncbi.nlm.nih.gov/genomes/all/GCF/000/239/275/GCF_000239275.1_ASM23927v1	s__Megasphaera_geminata.json	861450.0	d__Bacteria	p__Bacillota	c__Negativicutes	o__Veillonellales	f__Megasphaeraceae	g__Megasphaera	s__Megasphaera geminata		Anaeroglobus geminatus F0357 (861450.3)	861450.3		s__Megasphaera_geminata	species
0.0	Human	1852378.0	GCF_900095875.1	GCF_900095875.1		PMID:30745586	Literature research									Gram-												ftp.ncbi.nlm.nih.gov/genomes/all/GCA/900/095/875/GCA_900095875.1_PRJEB15306	s__Megasphaera_hexanoica.json	1852378.0	d__Bacteria	p__Bacillota	c__Negativicutes	o__Veillonellales	f__Megasphaeraceae	g__Megasphaera	s__Megasphaera hexanoica					s__Megasphaera_hexanoica	species
0.0	Human	1852379.0	GCF_900095855.1	GCF_900095855.1		PMID:30745586	Literature research									Gram+												ftp.ncbi.nlm.nih.gov/genomes/all/GCF/900/095/855/GCF_900095855.1_PRJEB15308	s__Megasphaera_massiliensis_A.json	1852379.0	d__Bacteria	p__Bacillota	c__Negativicutes	o__Veillonellales	f__Megasphaeraceae	g__Megasphaera	s__Megasphaera massiliensis_A					s__Megasphaera_massiliensis_A	species
1.0	Human	706434.0		GCF_000165735.1	649989971.0	PMID:31171880	Literature research	0.0	0.0	Yes	0.0	Host-associated	Human	Oral	Digestive system	Gram-	Obligate anaerobe	0.0	Nonmotile		0.0	1765374.0	1826.0	802163.0	45.0	1774.0	97.15	ftp://ftp.ncbi.nlm.nih.gov/genomes/all/GCF/000/165/735/GCF_000165735.1_ASM16573v1	s__Megasphaera_micronuciformis.json	706434.0	d__Bacteria	p__Bacillota	c__Negativicutes	o__Veillonellales	f__Megasphaeraceae	g__Megasphaera	s__Megasphaera micronuciformis		Megasphaera micronuciformis F0359 (706434.3)	706434.3		s__Megasphaera_micronuciformis	species
2.0	Human					Strains of species found in the human gut (PMID:24861948) present in PubSEED	Initial strain selection	0.0	0.0	Yes						Gram-	Aerobe	0.0		0.0	0.0								s__Mesomycoplasma_hyopneumoniae.json		d__Bacteria	p__Bacillota_I	c__Bacilli_A	o__Mycoplasmatales	f__Metamycoplasmataceae	g__Mesomycoplasma	s__Mesomycoplasma hyopneumoniae					s__Mesomycoplasma_hyopneumoniae	species
2.0	Human	266835.0		GCF_000009625.1	637000159.0	PMID:20203603; PMID:24861948	AGORA 1.03	0.0	0.0	Yes	0.0	Host-associated	Birds	Unclassified	Unclassified	Gram-	Aerobe		Motile		0.0	7596297.0	7356.0	4748293.0	63.0	7272.0	98.86	ftp://ftp.ncbi.nlm.nih.gov/genomes/all/GCF/000/009/625/GCF_000009625.1_ASM962v1	s__Mesorhizobium_japonicum.json	266835.0	d__Bacteria	p__Pseudomonadota	c__Alphaproteobacteria	o__Rhizobiales	f__Rhizobiaceae	g__Mesorhizobium	s__Mesorhizobium japonicum		Mesorhizobium loti MAFF303099 (266835.9)	266835.9		s__Mesorhizobium_japonicum	species
2.0	Human	935546.0		GCF_001676765.1	2517572076.0	Strains of species found in the human gut (PMID:24861948) present in PubSEED	Initial strain selection	0.0	0.0	Yes	0.0	Engineered	Built environment	Unclassified	Unclassified	Gram-	Aerobe		Motile	0.0	0.0	7462792.0	7388.0	4683660.0	63.0	7318.0	99.05	ftp://ftp.ncbi.nlm.nih.gov/genomes/all/GCF/001/676/765/GCF_001676765.1_ASM167676v1	s__Mesorhizobium_jarvisii.json	935546.0	d__Bacteria	p__Pseudomonadota	c__Alphaproteobacteria	o__Rhizobiales	f__Rhizobiaceae	g__Mesorhizobium	s__Mesorhizobium jarvisii		Mesorhizobium loti NZP2037 (935546.3)	935546.3		s__Mesorhizobium_jarvisii	species
0.0	Human	1506471.0		GCF_001182045.1	2671180969.0	PMID:25567229	Literature research	0.0	0.0	Yes	0.0	0	0	0	0	Gram-	0	0.0	0	0.0	0.0	2475916.0	2244.0	1410869.0	57.0	2175.0	96.93	ftp://ftp.ncbi.nlm.nih.gov/genomes/all/GCF/001/182/045/GCF_001182045.1_Dakarella_massiliensis	s__Mesosutterella_massiliensis.json	1506471.0	d__Bacteria	p__Pseudomonadota	c__Gammaproteobacteria	o__Burkholderiales	f__Burkholderiaceae_F	g__Mesosutterella	s__Mesosutterella massiliensis	0.0			0.0	s__Mesosutterella_massiliensis	species
0.0	Mouse	1392497.0	NZ_JIAA01000001	GCF_000687955.1	2558309100.0	PMID:27670113	Literature research	0.0	0.0	Yes	0.0	Host-associated	Mammals	Large intestine	Digestive system	Gram+	0	0.0	0	0.0	0.0	3023790.0	3035.0	954151.0	32.0	2915.0	96.05	ftp://ftp.ncbi.nlm.nih.gov/genomes/all/GCF/000/687/955/GCF_000687955.1_ASM68795v1	s__Metaclostridioides_mangenotii.json	1392497.0	d__Bacteria	p__Bacillota	c__Clostridia	o__Peptostreptococcales	f__Peptostreptococcaceae	g__Metaclostridioides	s__Metaclostridioides mangenotii	0.0			0.0	s__Metaclostridioides_mangenotii	species
0.0	Mouse	1408823.0	NZ_AXUS01000001	GCF_000498755.1	2585427715.0	PMID:27670113	Literature research	0.0	0.0	Yes	0.0	0	0	0	0	Gram+	0	0.0	0	0.0	0.0	3052440.0	3212.0	954658.0	31.0	3049.0	94.93	ftp://ftp.ncbi.nlm.nih.gov/genomes/all/GCF/000/498/755/GCF_000498755.1_NGEN_DNA_Star_	s__Metaclostridioides_mangenotii_A.json	1408823.0	d__Bacteria	p__Bacillota	c__Clostridia	o__Peptostreptococcales	f__Peptostreptococcaceae	g__Metaclostridioides	s__Metaclostridioides mangenotii_A	0.0			0.0	s__Metaclostridioides_mangenotii_A	species
2.0	Human							0.0	0.0	Yes						Gram-	Aerobe	0.0			0.0				27.0				s__Metamycoplasma_hominis.json		d__Bacteria	p__Bacillota_I	c__Bacilli_A	o__Mycoplasmatales	f__Metamycoplasmataceae	g__Metamycoplasma	s__Metamycoplasma hominis					s__Metamycoplasma_hominis	species
0.0	Human	319939.0	GCF_000632755.1	GCF_900111835.1		https://www.biorxiv.org/content/10.1101/691030v1	Literature research	0.0	0.0							Gram-	Aerobe	0.0	0	0.0	0.0							ftp://ftp.ncbi.nlm.nih.gov/genomes/all/GCF/900/111/835/GCF_900111835.1_IMG-taxon_2663762781_annotated_assembly	s__Metapseudomonas_otitidis.json	319939.0	d__Bacteria	p__Pseudomonadota	c__Gammaproteobacteria	o__Pseudomonadales	f__Pseudomonadaceae	g__Metapseudomonas	s__Metapseudomonas otitidis	0.0			0.0	s__Metapseudomonas_otitidis	species
0.0	Human	634498.0		GCF_000024185.1	646311943.0	PMID:20203603; PMID:24861948	AGORA 1.03	0.0		Yes	0.0	Host-associated	Mammals	Foregut	Digestive system	Gram-	Obligate anaerobe		Nonmotile			2937203.0	2283.0	958732.0	33.0	2217.0	97.11	https://www.ncbi.nlm.nih.gov/assembly/GCF_000024185.1	s__Methanobrevibacter_ruminantium.json	634498.0	d__Archaea	p__Methanobacteriota	c__Methanobacteria	o__Methanobacteriales	f__Methanobacteriaceae	g__Methanobrevibacter	s__Methanobrevibacter ruminantium					s__Methanobrevibacter_ruminantium	species
2.0	Human	420247.0		GCF_000016525.1		PMID:20203603; PMID:24861948	AGORA 1.03	0.0	0.0							Gram-	Obligate anaerobe	0.0	0	0.0	0.0							https://www.ncbi.nlm.nih.gov/assembly/GCF_000016525.1	s__Methanocatella_smithii.json	420247.0	d__Archaea	p__Methanobacteriota	c__Methanobacteria	o__Methanobacteriales	f__Methanobacteriaceae	g__Methanocatella	s__Methanocatella smithii	0.0	Methanobrevibacter smithii ATCC 35061 (420247.6)	420247.6	0.0	s__Methanocatella_smithii	species
0.0	Human	1175296.0		GCF_000308215.1	2518645582.0	PMID:20203603; PMID:24861948	AGORA 1.03	0.0		Yes	0.0	Host-associated	Human	Large intestine	Digestive system	Gram-	Anaerobe	0.0	0		0.0	2620233.0	2669.0	1584687.0	60.0	2625.0	98.35	https://www.ncbi.nlm.nih.gov/assembly/GCF_000308215.1	s__Methanomassiliicoccus_luminyensis.json	1175296.0	d__Archaea	p__Thermoplasmatota	c__Thermoplasmata	o__Methanomassiliicoccales	f__Methanomassiliicoccaceae	g__Methanomassiliicoccus	s__Methanomassiliicoccus luminyensis				0.0	s__Methanomassiliicoccus_luminyensis	species
2.0	Human	339860.0		GCF_000012545.1	637000163.0	PMID:20203603; PMID:24861948	AGORA 1.03	0.0		Yes	0.0	Host-associated	Human	Large intestine	Digestive system	Gram-	Anaerobe		Nonmotile		0.0	1767403.0	1592.0	488399.0	28.0	1536.0	96.48	https://www.ncbi.nlm.nih.gov/assembly/GCF_000012545.1	s__Methanosphaera_stadtmanae.json	339860.0	d__Archaea	p__Methanobacteriota	c__Methanobacteria	o__Methanobacteriales	f__Methanobacteriaceae	g__Methanosphaera	s__Methanosphaera stadtmanae		Methanosphaera stadtmanae DSM 3091 (339860.6)	339860.6		s__Methanosphaera_stadtmanae	species
2.0	Human	908290.0		GCF_000364445.1	2531839201.0	PMID:20203603; PMID:24861948	AGORA 1.03	0.0	0.0	Yes	0.0	Host-associated	Plants	Unclassified	Unclassified	Gram-	Facultative	0.0	0	0.0	0.0	6214449.0	5995.0	4317382.0	69.0	5945.0	99.17	ftp://ftp.ncbi.nlm.nih.gov/genomes/all/GCF/000/364/445/GCF_000364445.1_ASM36444v1	s__Methylobacterium_mesophilicum_A.json	908290.0	d__Bacteria	p__Pseudomonadota	c__Alphaproteobacteria	o__Rhizobiales	f__Beijerinckiaceae	g__Methylobacterium	s__Methylobacterium mesophilicum_A		Methylobacterium mesophilicum SR1.6/6 (908290.3)	908290.3	0.0	s__Methylobacterium_mesophilicum_A	species
2.0	Human	426355.0		GCF_000019725.1	641522638.0	PMID:20203603; PMID:24861948	AGORA 1.03	0.0	0.0	Yes	0.0	Host-associated	Plants	Unclassified	Unclassified	Gram-	Aerobe		Motile	0.0	0.0	6899110.0	6510.0	4900810.0	71.0	6431.0	98.79	ftp://ftp.ncbi.nlm.nih.gov/genomes/all/GCF/000/019/725/GCF_000019725.1_ASM1972v1	s__Methylobacterium_radiotolerans.json	426355.0	d__Bacteria	p__Pseudomonadota	c__Alphaproteobacteria	o__Rhizobiales	f__Beijerinckiaceae	g__Methylobacterium	s__Methylobacterium radiotolerans		Methylobacterium radiotolerans JCM 2831 (426355.14)	426355.14		s__Methylobacterium_radiotolerans	species
2.0	Human	441620.0		GCF_000019945.1	642555139.0	PMID:20203603; PMID:24861948	AGORA 1.03	0.0	0.0	Yes	0.0	Host-associated	Plants	Unclassified	Unclassified	Gram-	Aerobe	0.0	Motile		0.0	5848997.0	5538.0	4056880.0	69.0	5464.0	98.66	ftp://ftp.ncbi.nlm.nih.gov/genomes/all/GCF/000/019/945/GCF_000019945.1_ASM1994v1	s__Methylobacterium_thiocyanatum.json	441620.0	d__Bacteria	p__Pseudomonadota	c__Alphaproteobacteria	o__Rhizobiales	f__Beijerinckiaceae	g__Methylobacterium	s__Methylobacterium thiocyanatum		Methylobacterium populi BJ001 (441620.7)	441620.7		s__Methylobacterium_thiocyanatum	species
	Human					PMID:20203603; PMID:24861948	AGORA 1.03	0.0	0.0	Yes	0.0					Gram-	Facultative	0.0	0	0.0	0.0				67.0				s__Methyloversatilis_universalis.json		d__Bacteria	p__Pseudomonadota	c__Gammaproteobacteria	o__Burkholderiales	f__Rhodocyclaceae	g__Methyloversatilis	s__Methyloversatilis universalis		Methyloversatilis universalis FAM5 (1000565.3)	1000565.3		s__Methyloversatilis_universalis	species
2.0	Human	999628.0		GCF_000378945.1	2515154213.0	Strains of species found in the human gut (PMID:24861948) present in PubSEED	Initial strain selection	0.0	0.0	Yes	0.0	0	0	0	0	Gram-	Facultative	0.0	0	0.0	0.0	4088571.0	3752.0	2717894.0	66.0	3682.0	98.13	ftp://ftp.ncbi.nlm.nih.gov/genomes/all/GCF/000/378/945/GCF_000378945.1_ASM37894v1	s__Methyloversatilis_universalis_A.json	999628.0	d__Bacteria	p__Pseudomonadota	c__Gammaproteobacteria	o__Burkholderiales	f__Rhodocyclaceae	g__Methyloversatilis	s__Methyloversatilis universalis_A	0.0	Methyloversatilis universalis EHg5 (999628.3)	999628.3		s__Methyloversatilis_universalis_A	species
0.0	Human	1122237.0		GCF_000422745.1	2524614763.0	PMID:20203603; PMID:24861948	AGORA 1.03	0.0	0.0	Yes	0.0	Engineered	Food production	Unclassified	Dairy products	Gram+	Facultative	0.0	Motile	0.0	0.0	3017924.0	2929.0	2056410.0	68.0	2864.0	97.78	ftp://ftp.ncbi.nlm.nih.gov/genomes/all/GCF/000/422/745/GCF_000422745.1_ASM42274v1	s__Microbacterium_gubbeenense.json	1122237.0	d__Bacteria	p__Actinomycetota	c__Actinomycetes	o__Actinomycetales	f__Microbacteriaceae	g__Microbacterium	s__Microbacterium gubbeenense					s__Microbacterium_gubbeenense	species
0.0	Human	1223528.0		GCF_001552475.1	2731957587.0	PMID:20203603; PMID:24861948	AGORA 1.03	0.0	0.0	Yes	0.0	Environmental	Terrestrial	Unclassified	Oil reservoir	Gram+	Facultative	0.0	0	0.0	0.0	2975997.0	2921.0	2053111.0	69.0	2866.0	98.12	ftp://ftp.ncbi.nlm.nih.gov/genomes/all/GCF/001/552/475/GCF_001552475.1_ASM155247v1	s__Microbacterium_oleivorans.json	1223528.0	d__Bacteria	p__Actinomycetota	c__Actinomycetes	o__Actinomycetales	f__Microbacteriaceae	g__Microbacterium	s__Microbacterium oleivorans	0.0			0.0	s__Microbacterium_oleivorans	species
2.0	Human							0.0	0.0	Yes	0.0			Unclassified		Gram+	Obligate aerobe	0.0	Nonmotile	0.0	0.0				73.0				s__Micrococcus_luteus.json		d__Bacteria	p__Actinomycetota	c__Actinomycetes	o__Actinomycetales	f__Micrococcaceae	g__Micrococcus	s__Micrococcus luteus					s__Micrococcus_luteus	species
2.0	Human	644283.0		GCF_000145235.1	648028042.0	PMID:20203603; PMID:24861948	AGORA 1.03	0.0	0.0	Yes	0.0	Environmental	Terrestrial	Unclassified	Soil	Gram+	Aerobe		0	0.0	0.0	7025559.0	6360.0	5116162.0	73.0	6297.0	99.01	ftp://ftp.ncbi.nlm.nih.gov/genomes/all/GCF/000/145/235/GCF_000145235.1_ASM14523v1	s__Micromonospora_aurantiaca.json	644283.0	d__Bacteria	p__Actinomycetota	c__Actinomycetes	o__Mycobacteriales	f__Micromonosporaceae	g__Micromonospora	s__Micromonospora aurantiaca		Micromonospora aurantiaca ATCC 27029 (644283.3)	644283.3	0.0	s__Micromonospora_aurantiaca	species
0.0	Human	1033741.0	NZ_LN811350	GCF_001006805.1	2802429303.0	PMID:25567229	Literature research	0.0	0.0	Yes	0.0	0	0	0	0	Gram-	0	0.0	0	0.0	0.0	8892715.0	9044.0	5627543.0	63.0	8969.0	99.17	ftp://ftp.ncbi.nlm.nih.gov/genomes/all/GCF/001/006/805/GCF_001006805.1_Microvirga_massiliensis_JC119	s__Microvirga_massiliensis.json	1033741.0	d__Bacteria	p__Pseudomonadota	c__Alphaproteobacteria	o__Rhizobiales	f__Beijerinckiaceae	g__Microvirga	s__Microvirga massiliensis	0.0			0.0	s__Microvirga_massiliensis	species
0.0	Human	1410665.0		GCF_000702905.1	2561511231.0	PMID:20203603; PMID:24861948	AGORA 1.03	0.0	0.0	Yes	0.0	Host-associated	Mammals	Foregut	Digestive system	Gram-	Anaerobe	0.0	Nonmotile			2412558.0	2261.0	1400881.0	58.0	2171.0	96.02	ftp://ftp.ncbi.nlm.nih.gov/genomes/all/GCF/000/702/905/GCF_000702905.1_ASM70290v1	s__Mitsuokella_jalaludinii.json	1410665.0	d__Bacteria	p__Bacillota	c__Negativicutes	o__Selenomonadales	f__Selenomonadaceae	g__Mitsuokella	s__Mitsuokella jalaludinii	0.0				s__Mitsuokella_jalaludinii	species
2.0	Human	500635.0		GCF_000155955.1	2562617158.0	PMID:20203603; PMID:24861948	AGORA 1.03	0.0	0.0	Yes	0.0	Host-associated	Human	Large intestine	Digestive system	Gram-	Anaerobe	0.0	Nonmotile		0.0	2574556.0	2652.0	1494981.0	58.0	2558.0	96.46	ftp://ftp.ncbi.nlm.nih.gov/genomes/all/GCF/000/155/955/GCF_000155955.1_ASM15595v1	s__Mitsuokella_multacida.json	500635.0	d__Bacteria	p__Bacillota	c__Negativicutes	o__Selenomonadales	f__Selenomonadaceae	g__Mitsuokella	s__Mitsuokella multacida		Mitsuokella multacida DSM 20544 (500635.8)	500635.8		s__Mitsuokella_multacida	species
0.0	Human	1522310.0	GCF_000826525.2	GCF_000826525.2		PMID:30745586	Literature research									Gram+												ftp.ncbi.nlm.nih.gov/genomes/all/GCF/000/826/525/GCF_000826525.2_Mobilicoccus_massiliensis_SIT2	s__Mobilicoccus_massiliensis.json	1522310.0	d__Bacteria	p__Actinomycetota	c__Actinomycetes	o__Actinomycetales	f__Dermatophilaceae	g__Mobilicoccus	s__Mobilicoccus massiliensis					s__Mobilicoccus_massiliensis	species
	Human							0.0	0.0	Yes	0.0	Host-associated			Reproductive system		Anaerobe	0.0	0										s__Mobiluncus_curtisii.json		d__Bacteria	p__Actinomycetota	c__Actinomycetes	o__Actinomycetales	f__Actinomycetaceae	g__Mobiluncus	s__Mobiluncus curtisii					s__Mobiluncus_curtisii	species
1.0	Human					PMID:31275260	Literature research	0.0	0.0	Yes		Host-associated	Human	Vagina	Reproductive system	Gram+	Anaerobe	0.0	Motile						55.0				s__Mobiluncus_mulieris.json		d__Bacteria	p__Actinomycetota	c__Actinomycetes	o__Actinomycetales	f__Actinomycetaceae	g__Mobiluncus	s__Mobiluncus mulieris				0.0	s__Mobiluncus_mulieris	species
0.0	Human							0.0	0.0	Yes	0.0	Host-associated	Human			Gram+	Anaerobe	0.0	0		0.0				44.0				s__Mogibacterium_timidum.json		d__Bacteria	p__Bacillota	c__Clostridia	o__Peptostreptococcales	f__Anaerovoracaceae	g__Mogibacterium	s__Mogibacterium timidum	0.0	Mogibacterium sp. CM50 (936375.3)	936375.3	0.0	s__Mogibacterium_timidum	species
0.0	Human	743974.0	GCF_000696305.1	GCF_000696305.1	2582580755.0	https://www.biorxiv.org/content/10.1101/691030v1	Literature research	0.0	0.0	Yes	0.0	Host-associated	Mammals	Unclassified	Unclassified	Gram-	Aerobe	0.0	Nonmotile	0.0	0.0	2051907.0	1946.0	935682.0	46.0	1900.0	97.64	ftp://ftp.ncbi.nlm.nih.gov/genomes/all/GCF/000/696/305/GCF_000696305.1_MBO_237	s__Moraxella_bovoculi.json	743974.0	d__Bacteria	p__Pseudomonadota	c__Gammaproteobacteria	o__Pseudomonadales	f__Moraxellaceae	g__Moraxella	s__Moraxella bovoculi					s__Moraxella_bovoculi	species
0.0	Human	90239.0	GCF_002014965.1	GCF_002014965.1	2843587213.0	https://www.biorxiv.org/content/10.1101/691030v1	Literature research	0.0	0.0	Yes	0.0	0	0	0	0	Gram-	Aerobe	0.0	0	0.0	0.0	2143754.0	2015.0	965506.0	45.0	1958.0	97.17	ftp://ftp.ncbi.nlm.nih.gov/genomes/all/GCF/002/014/965/GCF_002014965.1_ASM201496v1	s__Moraxella_canis.json	90239.0	d__Bacteria	p__Pseudomonadota	c__Gammaproteobacteria	o__Pseudomonadales	f__Moraxellaceae	g__Moraxella	s__Moraxella canis	0.0			0.0	s__Moraxella_canis	species
2.0	Human							0.0	0.0	Yes		Host-associated				Gram-	Aerobe	0.0	Nonmotile										s__Moraxella_catarrhalis.json		d__Bacteria	p__Pseudomonadota	c__Gammaproteobacteria	o__Pseudomonadales	f__Moraxellaceae	g__Moraxella	s__Moraxella catarrhalis					s__Moraxella_catarrhalis	species
2.0	Human							0.0	0.0	Yes	0.0	Host-associated	Human			Gram-	0	0.0		0.0	0.0				51.0				s__Morganella_morganii.json		d__Bacteria	p__Pseudomonadota	c__Gammaproteobacteria	o__Enterobacterales	f__Enterobacteriaceae	g__Morganella	s__Morganella morganii	0.0			0.0	s__Morganella_morganii	species
0.0	Human	1686289.0	GCF_001282665.1	GCF_001282665.1		PMID:30745586	Literature research									Gram+												ftp.ncbi.nlm.nih.gov/genomes/all/GCA/001/282/665/GCA_001282665.1_Mediannikovella_massiliensis	s__Mt11_sp001282665.json	1686289.0	d__Bacteria	p__Bacillota	c__Clostridia	o__Tissierellales	f__Tepidimicrobiaceae	g__Mt11	s__Mt11 sp001282665					s__Mt11_sp001282665	species
0.0	Mouse	1379858.0	GCF_000487995.1			Personal communication, Dr. Jan Krumsiek	Personal communication									Gram-	Anaerobe											https://www.ncbi.nlm.nih.gov/assembly/GCF_000487995.1/	s__Mucispirillum_schaedleri.json	1379858.0	d__Bacteria	p__Chrysiogenota	c__Deferribacteres	o__Deferribacterales	f__Mucispirillaceae	g__Mucispirillum	s__Mucispirillum schaedleri					s__Mucispirillum_schaedleri	species
0.0	Human	1673723.0	GCF_900059565.1	GCF_900059565.1		PMID:30745586	Literature research									Gram+												ftp.ncbi.nlm.nih.gov/genomes/all/GCF/900/059/565/GCF_900059565.1_PRJEB12696	s__Murdochiella_massiliensis.json	1673723.0	d__Bacteria	p__Bacillota	c__Clostridia	o__Tissierellales	f__Peptoniphilaceae	g__Murdochiella	s__Murdochiella massiliensis					s__Murdochiella_massiliensis	species
0.0	Human	1852373.0	GCF_900119705.1	GCF_900119705.1		PMID:30745586	Literature research									Gram+												ftp.ncbi.nlm.nih.gov/genomes/all/GCF/900/119/705/GCF_900119705.1_PRJEB14245	s__Murdochiella_vaginalis.json	1852373.0	d__Bacteria	p__Bacillota	c__Clostridia	o__Tissierellales	f__Peptoniphilaceae	g__Murdochiella	s__Murdochiella vaginalis					s__Murdochiella_vaginalis	species
0.0	Mouse	1796646.0		GCF_001688845.2	2757320696.0	PMID:27670113	Literature research	0.0	0.0	Yes	0.0	Host-associated	Mammals	Unclassified	Unclassified	Gram-	0	0.0	0	0.0	0.0	3307069.0	2858.0	1657507.0	50.0	2785.0	97.45	ftp://ftp.ncbi.nlm.nih.gov/genomes/all/GCF/001/688/845/GCF_001688845.2_ASM168884v2	s__Muribaculum_intestinale.json	1796646.0	d__Bacteria	p__Bacteroidota	c__Bacteroidia	o__Bacteroidales	f__Muribaculaceae	g__Muribaculum	s__Muribaculum intestinale	0.0			0.0	s__Muribaculum_intestinale	species
0.0	Mouse	1796634.0	GCF_004346165.1	GCF_004346165.1	2784746785.0	PMID:27670113	Literature research	0.0	0.0	Yes	0.0	Host-associated	Mammals	Large intestine	Digestive system	Gram+	Anaerobe	0.0	0	0.0	0.0	3717384.0	3672.0	1602151.0	43.0	3491.0	95.07	ftp://ftp.ncbi.nlm.nih.gov/genomes/all/GCF/004/346/165/GCF_004346165.1_ASM434616v1	s__Muricomes_intestini.json	1796634.0	d__Bacteria	p__Bacillota	c__Clostridia	o__Lachnospirales	f__Lachnospiraceae	g__Muricomes	s__Muricomes intestini	0.0			0.0	s__Muricomes_intestini	species
0.0	Mouse	1337051.0		GCF_902363655.1	2756170274.0	PMID:27670113	Literature research	0.0	0.0	Yes	0.0	Host-associated	Mammals	Large intestine	Digestive system	Gram+	Anaerobe	0.0	0	0.0	0.0	5754343.0	4947.0	2615774.0	45.0	4864.0	98.32	ftp://ftp.ncbi.nlm.nih.gov/genomes/all/GCF/902/363/655/GCF_902363655.1_MGYG-HGUT-00135	s__Murimonas_intestini.json	1337051.0	d__Bacteria	p__Bacillota	c__Clostridia	o__Lachnospirales	f__Lachnospiraceae	g__Murimonas	s__Murimonas intestini	0.0			0.0	s__Murimonas_intestini	species
2.0	Human					Strains of species found in the human gut (PMID:24861948) present in PubSEED	Initial strain selection	0.0	0.0	Yes	0.0					Gram+	Aerobe	0.0		0.0	0.0				64.0				s__Mycobacterium_abscessus.json		d__Bacteria	p__Actinomycetota	c__Actinomycetes	o__Mycobacteriales	f__Mycobacteriaceae	g__Mycobacterium	s__Mycobacterium abscessus	0.0			0.0	s__Mycobacterium_abscessus	species
	Human							0.0	0.0	Yes						Gram+	Facultative	0.0		0.0	0.0				69.0				s__Mycobacterium_avium.json		d__Bacteria	p__Actinomycetota	c__Actinomycetes	o__Mycobacteriales	f__Mycobacteriaceae	g__Mycobacterium	s__Mycobacterium avium					s__Mycobacterium_avium	species
2.0	Human	1214102.0		GCF_001050075.1	2684623074.0	PMID:20203603; PMID:24861948	AGORA 1.03	0.0	0.0	Yes	0.0	0	0	0	0	Gram+	Aerobe	0.0	0	0.0	0.0	6257075.0	7519.0	3915781.0	66.0	7447.0	99.04	ftp://ftp.ncbi.nlm.nih.gov/genomes/all/GCF/001/050/075/GCF_001050075.1_Mycobacterium_fortuitum_ATCC_6841	s__Mycobacterium_fortuitum.json	1214102.0	d__Bacteria	p__Actinomycetota	c__Actinomycetes	o__Mycobacteriales	f__Mycobacteriaceae	g__Mycobacterium	s__Mycobacterium fortuitum	0.0	Mycobacterium fortuitum subsp. fortuitum DSM 46621 (1214102.3)	1214102.3	0.0	s__Mycobacterium_fortuitum	species
0.0	Human		GCF_003027795.2	GCF_003027795.2	2630968925.0	PMID:9634230	Literature research	0.0	0.0	Yes		Host-associated	Human	Unclassified	Respiratory system	Gram+	Aerobe	0.0			0.0	4396119.0	4171.0	2884145.0	66.0	4100.0	98.3	ftp://ftp.ncbi.nlm.nih.gov/genomes/all/GCF/003/027/795/GCF_003027795.2_ASM302779v2	s__Mycobacterium_tuberculosis.json		d__Bacteria	p__Actinomycetota	c__Actinomycetes	o__Mycobacteriales	f__Mycobacteriaceae	g__Mycobacterium	s__Mycobacterium tuberculosis					s__Mycobacterium_tuberculosis	species
2.0	Human							0.0	0.0	Yes	0.0			Unclassified		Gram-	Aerobe	0.0		0.0	0.0				40.0				s__Mycoplasmoides_pneumoniae.json		d__Bacteria	p__Bacillota_I	c__Bacilli_A	o__Mycoplasmatales	f__Mycoplasmoidaceae	g__Mycoplasmoides	s__Mycoplasmoides pneumoniae	0.0			0.0	s__Mycoplasmoides_pneumoniae	species
0.0	Human	680378.0	GCF_004339095.1	GCF_004339095.1	2786546170.0	https://www.biorxiv.org/content/10.1101/691030v1	Literature research	0.0	0.0	Yes	0.0	Environmental	Aquatic	Unclassified	Sediment	Gram+	Anaerobe	0.0	0	0.0	0.0	2984055.0	2859.0	962989.0	32.0	2787.0	97.48	ftp://ftp.ncbi.nlm.nih.gov/genomes/all/GCF/004/339/095/GCF_004339095.1_ASM433909v1	s__Natranaerovirga_hydrolytica.json	680378.0	d__Bacteria	p__Bacillota	c__Clostridia	o__Lachnospirales	f__DSM-24629	g__Natranaerovirga	s__Natranaerovirga hydrolytica	0.0			0.0	s__Natranaerovirga_hydrolytica	species
0.0	Human	682400.0	GCF_004342165.1	GCF_004342165.1	2784746802.0	https://www.biorxiv.org/content/10.1101/691030v1	Literature research	0.0	0.0	Yes	0.0	Environmental	Terrestrial	Unclassified	Soil	Gram+	Anaerobe	0.0	0	0.0	0.0	3061098.0	2931.0	958917.0	31.0	2859.0	97.54	ftp://ftp.ncbi.nlm.nih.gov/genomes/all/GCF/004/342/165/GCF_004342165.1_ASM434216v1	s__Natranaerovirga_pectinivora.json	682400.0	d__Bacteria	p__Bacillota	c__Clostridia	o__Lachnospirales	f__DSM-24629	g__Natranaerovirga	s__Natranaerovirga pectinivora	0.0			0.0	s__Natranaerovirga_pectinivora	species
	Human					https://www.biorxiv.org/content/10.1101/691030v1	Literature research	0.0	0.0							Gram-	Microaerophile	0.0		0.0	0.0								s__Neisseria_bacilliformis.json		d__Bacteria	p__Pseudomonadota	c__Gammaproteobacteria	o__Burkholderiales	f__Neisseriaceae	g__Neisseria	s__Neisseria bacilliformis	0.0			0.0	s__Neisseria_bacilliformis	species
2.0	Human	546262.0	GCF_000319655.2	GCF_000173895.1	2562617169.0	PMID:20203603; PMID:24861948	AGORA 1.03	0.0	0.0	Yes	0.0	Host-associated	Human	Nasopharyngeal	Respiratory system	Gram-	Microaerophile	0.0	Nonmotile			1872773.0	2190.0	951594.0	51.0	2127.0	97.12	ftp://ftp.ncbi.nlm.nih.gov/genomes/all/GCF/000/173/895/GCF_000173895.1_ASM17389v1	s__Neisseria_cinerea.json	546262.0	d__Bacteria	p__Pseudomonadota	c__Gammaproteobacteria	o__Burkholderiales	f__Neisseriaceae	g__Neisseria	s__Neisseria cinerea		Neisseria cinerea ATCC 14685 (546262.4)	546262.4		s__Neisseria_cinerea	species
2.0	Human	546263.0		GCF_000818035.1	2627853762.0	PMID:20203603; PMID:24861948	AGORA 1.03	0.0	0.0	Yes	0.0	Host-associated	Animal	Unclassified	Respiratory system	Gram-	Microaerophile	0.0	Nonmotile			2256647.0	2235.0	1224447.0	54.0	2156.0	96.47	ftp://ftp.ncbi.nlm.nih.gov/genomes/all/GCF/000/818/035/GCF_000818035.1_ASM81803v1	s__Neisseria_elongata.json	546263.0	d__Bacteria	p__Pseudomonadota	c__Gammaproteobacteria	o__Burkholderiales	f__Neisseriaceae	g__Neisseria	s__Neisseria elongata		Neisseria elongata subsp. glycolytica ATCC 29315 (546263.3)	546263.3		s__Neisseria_elongata	species
2.0	Human	546264.0		GCF_000173935.1	643886198.0	Strains of species found in the human gut (PMID:24861948) present in PubSEED	Initial strain selection	0.0	0.0	Yes	0.0	Host-associated	Human	Unclassified	Unclassified	Gram-	Microaerophile	0.0	Nonmotile		0.0	2205588.0	2591.0	1085193.0	49.0	2531.0	97.68	ftp://ftp.ncbi.nlm.nih.gov/genomes/all/GCF/000/173/935/GCF_000173935.1_ASM17393v1	s__Neisseria_flavescens.json	546264.0	d__Bacteria	p__Pseudomonadota	c__Gammaproteobacteria	o__Burkholderiales	f__Neisseriaceae	g__Neisseria	s__Neisseria flavescens		Neisseria flavescens NRL30031/H210 (546264.5)	546264.5		s__Neisseria_flavescens	species
1.0	Human	546265.0		GCF_000173995.1	2609460158.0	PMID:31275260	Literature research	0.0	0.0	Yes	0.0	Host-associated	Mammals	Nasopharyngeal	Respiratory system	Gram-	Microaerophile	0.0	Nonmotile			2181733.0	2063.0	1138289.0	52.0	1985.0	96.22	ftp://ftp.ncbi.nlm.nih.gov/genomes/all/GCF/000/173/995/GCF_000173995.1_ASM17399v1	s__Neisseria_lactamica.json	546265.0	d__Bacteria	p__Pseudomonadota	c__Gammaproteobacteria	o__Burkholderiales	f__Neisseriaceae	g__Neisseria	s__Neisseria lactamica		Neisseria lactamica ATCC 23970 (546265.5)	546265.5		s__Neisseria_lactamica	species
2.0	Human	997348.0	GCF_000175275.1	GCF_000220865.1	651324075.0	PMID:20203603; PMID:24861948	AGORA 1.03	0.0	0.0	Yes	0.0	Host-associated	Mammals	Oral cavity	Digestive system	Gram-	Microaerophile	0.0	0		0.0	2684890.0	3064.0	1375436.0	51.0	3003.0	98.01	ftp://ftp.ncbi.nlm.nih.gov/genomes/all/GCF/000/220/865/GCF_000220865.1_ASM22086v1	s__Neisseria_macacae.json	997348.0	d__Bacteria	p__Pseudomonadota	c__Gammaproteobacteria	o__Burkholderiales	f__Neisseriaceae	g__Neisseria	s__Neisseria macacae		Neisseria macacae ATCC 33926 (997348.4)	997348.4	0.0	s__Neisseria_macacae	species
	Human						Literature research	0.0	0.0	Yes		Host-associated	Human			Gram-	Microaerophile	0.0	Nonmotile		0.0				52.0				s__Neisseria_meningitidis.json		d__Bacteria	p__Pseudomonadota	c__Gammaproteobacteria	o__Burkholderiales	f__Neisseriaceae	g__Neisseria	s__Neisseria meningitidis					s__Neisseria_meningitidis	species
2.0	Human	546266.0		GCF_000173875.1	2562617186.0	PMID:20203603; PMID:24861948	AGORA 1.03	0.0	0.0	Yes	0.0	Host-associated	Human	Nasopharyngeal	Respiratory system	Gram-	Microaerophile	0.0	Nonmotile			2578748.0	3209.0	1317744.0	51.0	3148.0	98.1	ftp://ftp.ncbi.nlm.nih.gov/genomes/all/GCF/000/173/875/GCF_000173875.1_ASM17387v1	s__Neisseria_mucosa_A.json	546266.0	d__Bacteria	p__Pseudomonadota	c__Gammaproteobacteria	o__Burkholderiales	f__Neisseriaceae	g__Neisseria	s__Neisseria mucosa_A		Neisseria mucosa ATCC 25996 (546266.6)	546266.6		s__Neisseria_mucosa_A	species
2.0	Human	546268.0	GCF_000186165.1	GCF_000173955.1	2562617167.0	PMID:20203603; PMID:24861948	AGORA 1.03	0.0	0.0	Yes		Host-associated	Animal	Unclassified	Digestive system	Gram-	Microaerophile	0.0	Nonmotile		0.0	2292986.0	2680.0	1123804.0	49.0	2621.0	97.8	ftp://ftp.ncbi.nlm.nih.gov/genomes/all/GCF/000/173/955/GCF_000173955.1_ASM17395v1	s__Neisseria_perflava.json	546268.0	d__Bacteria	p__Pseudomonadota	c__Gammaproteobacteria	o__Burkholderiales	f__Neisseriaceae	g__Neisseria	s__Neisseria perflava		Neisseria subflava NJ9703 (546268.4)	546268.4		s__Neisseria_perflava	species
1.0	Human	1095748.0		GCF_000260655.1	2537561961.0	PMID:31171880	Literature research	0.0	0.0	Yes	0.0	Host-associated	Human	Unclassified	Respiratory system	Gram-	Microaerophile	0.0	0		0.0	2638449.0	3215.0	1350819.0	51.0	3167.0	98.51	ftp://ftp.ncbi.nlm.nih.gov/genomes/all/GCF/000/260/655/GCF_000260655.1_NsiccaVK64v1.0	s__Neisseria_sicca_B.json	1095748.0	d__Bacteria	p__Pseudomonadota	c__Gammaproteobacteria	o__Burkholderiales	f__Neisseriaceae	g__Neisseria	s__Neisseria sicca_B		Neisseria sicca VK64 (1095748.3)	1095748.3	0.0	s__Neisseria_sicca_B	species
1.0	Human	933266.0		GCF_000193735.1	2547132290.0	PMID:31171880	Literature research	0.0	0.0	Yes	0.0	Host-associated	Human	Unclassified	Skin	Gram-	Microaerophile	0.0	Nonmotile			2519401.0	2438.0	1280139.0	51.0	2379.0	97.58	ftp://ftp.ncbi.nlm.nih.gov/genomes/all/GCF/000/193/735/GCF_000193735.1_ASM19373v2	s__Neisseria_sicca_E.json	933266.0	d__Bacteria	p__Pseudomonadota	c__Gammaproteobacteria	o__Burkholderiales	f__Neisseriaceae	g__Neisseria	s__Neisseria sicca_E		Neisseria sicca 4320 (933266.3)	933266.3		s__Neisseria_sicca_E	species
2.0	Human	435832.0	GCF_000173875.1	GCF_000186165.1	649989976.0	Strains of species found in the human gut (PMID:24861948) present in PubSEED	Initial strain selection	0.0	0.0	Yes	0.0	Host-associated	Human	Unclassified	Unclassified	Gram-	Microaerophile	0.0	Nonmotile			2160730.0	2083.0	1072070.0	50.0	2026.0	97.26	ftp://ftp.ncbi.nlm.nih.gov/genomes/all/GCF/000/186/165/GCF_000186165.1_Neis_muco_C102_V1	s__Neisseria_sp000186165.json	435832.0	d__Bacteria	p__Pseudomonadota	c__Gammaproteobacteria	o__Burkholderiales	f__Neisseriaceae	g__Neisseria	s__Neisseria sp000186165		Neisseria mucosa C102 (435832.3)	435832.3		s__Neisseria_sp000186165	species
2.0	Human	596320.0	GCF_000173935.1	GCF_000175275.1	645058784.0	PMID:20203603; PMID:24861948	AGORA 1.03	0.0	0.0	Yes	0.0	Host-associated	Human	Unclassified	Skin	Gram-	Microaerophile	0.0	Nonmotile			2204114.0	2413.0	1085796.0	49.0	2338.0	96.89	ftp://ftp.ncbi.nlm.nih.gov/genomes/all/GCF/000/175/275/GCF_000175275.1_ASM17527v1	s__Neisseria_subflava.json	596320.0	d__Bacteria	p__Pseudomonadota	c__Gammaproteobacteria	o__Burkholderiales	f__Neisseriaceae	g__Neisseria	s__Neisseria subflava		Neisseria flavescens SK114 (596320.3)	596320.3		s__Neisseria_subflava	species
0.0	Human	1461580.0	GCF_000612625.1	GCF_000612625.1		PMID:30745586	Literature research									Gram+												ftp.ncbi.nlm.nih.gov/genomes/all/GCF/000/612/625/GCF_000612625.1_JCE	s__Neobacillus_jeddahensis.json	1461580.0	d__Bacteria	p__Bacillota	c__Bacilli	o__Bacillales	f__Cytobacillaceae	g__Neobacillus	s__Neobacillus jeddahensis					s__Neobacillus_jeddahensis	species
0.0	Human	1499680.0		GCF_000752035.1	2617271261.0	PMID:25567229	Literature research	0.0	0.0	Yes	0.0	Host-associated	Human	Unclassified	Unclassified	Gram+	0	0.0	0	0.0	0.0	4309569.0	4159.0	1721935.0	40.0	3997.0	96.1	ftp://ftp.ncbi.nlm.nih.gov/genomes/all/GCF/000/752/035/GCF_000752035.1_Bacillus_rubiinfantis	s__Neobacillus_rubiinfantis.json	1499680.0	d__Bacteria	p__Bacillota	c__Bacilli	o__Bacillales	f__Cytobacillaceae	g__Neobacillus	s__Neobacillus rubiinfantis	0.0			0.0	s__Neobacillus_rubiinfantis	species
0.0	Human	1673724.0	GCF_001299475.1	GCF_001299475.1		PMID:30745586	Literature research									Gram+												ftp://ftp.ncbi.nlm.nih.gov/genomes/all/GCF/001/299/475/GCF_001299475.1_Neofamilia_massiliensis	s__Neofamilia_massiliensis.json	1673724.0	d__Bacteria	p__Bacillota	c__Clostridia	o__Tissierellales	f__Peptoniphilaceae	g__Neofamilia	s__Neofamilia massiliensis					s__Neofamilia_massiliensis	species
0.0	Human	1232429.0	NZ_HG005165	GCF_000455245.1	2602041911.0	PMID:25567229	Literature research	0.0	0.0	Yes	0.0	Host-associated	Human	Intestine	Digestive system	Gram+	Aerobe	0.0	0			2641000.0	2587.0	1661132.0	63.0	2531.0	97.84	ftp://ftp.ncbi.nlm.nih.gov/genomes/all/GCF/000/455/245/GCF_000455245.1_Nm_NP1	s__Nesterenkonia_rhizosphaerae.json	1232429.0	d__Bacteria	p__Actinomycetota	c__Actinomycetes	o__Actinomycetales	f__Micrococcaceae	g__Nesterenkonia	s__Nesterenkonia rhizosphaerae	0.0			0.0	s__Nesterenkonia_rhizosphaerae	species
0.0	Human	1122603.0		GCF_000420645.1	2523231050.0	PMID:20203603; PMID:24861948	AGORA 1.03	0.0	0.0	Yes	0.0	Environmental	Aquatic	Wetlands	Freshwater	Gram-	Aerobe	0.0	0	0.0	0.0	4515285.0	4071.0	2908683.0	64.0	4011.0	98.53	ftp://ftp.ncbi.nlm.nih.gov/genomes/all/GCF/000/420/645/GCF_000420645.1_ASM42064v1	s__Nevskia_ramosa.json	1122603.0	d__Bacteria	p__Pseudomonadota	c__Gammaproteobacteria	o__Nevskiales	f__Nevskiaceae	g__Nevskia	s__Nevskia ramosa					s__Nevskia_ramosa	species
2.0	Human	1202533.0	GCF_000161435.1	GCF_000401235.1	2541047554.0	PMID:20203603; PMID:24861948	AGORA 1.03	0.0	0.0	Yes	0.0	Host-associated	Mammals	Foregut	Digestive system	Gram+	Facultative anaerobe	0.0	0	0.0	0.0	4978389.0	4864.0	1747477.0	35.0	4789.0	98.46	ftp://ftp.ncbi.nlm.nih.gov/genomes/all/GCF/000/401/235/GCF_000401235.1_BacNeaAAU1	s__Niallia_alba.json	1202533.0	d__Bacteria	p__Bacillota	c__Bacilli	o__Bacillales	f__Cytobacillaceae	g__Niallia	s__Niallia alba	0.0	Bacillus nealsonii AAU1 (1202533.3)	1202533.3	0.0	s__Niallia_alba	species
0.0	Human	1237085.0	GCF_000167395.1	GCF_000303155.1		PMID:20203603; PMID:24861948	AGORA 1.03	0.0	0.0							Gram-	Aerobe	0.0	0	0.0	0.0							https://www.ncbi.nlm.nih.gov/assembly/GCF_000303155.1/	s__Nitrososphaera_gargensis.json	1237085.0	d__Archaea	p__Thermoproteota	c__Nitrososphaeria	o__Nitrososphaerales	f__Nitrososphaeraceae	g__Nitrososphaera	s__Nitrososphaera gargensis	0.0			0.0	s__Nitrososphaera_gargensis	species
0.0	Human	1325935.0		GCF_900067705.1		PMID:25567229	Literature research									Gram+	Obligate aerobe											ftp://ftp.ncbi.nlm.nih.gov/genomes/all/GCA/900/067/705/GCA_900067705.1_Nocardioides_massiliensis_str._GD13	s__Nocardioides_A_massiliensis.json	1325935.0	d__Bacteria	p__Actinomycetota	c__Actinomycetes	o__Propionibacteriales	f__Nocardioidaceae	g__Nocardioides_A	s__Nocardioides_A massiliensis					s__Nocardioides_A_massiliensis	species
0.0	Human	1095769.0		GCF_000312045.1		PMID:25567229	Literature research									Gram-												ftp://ftp.ncbi.nlm.nih.gov/genomes/all/GCF/000/312/045/GCF_000312045.1_ASM31204v1	s__Noviherbaspirillum_massiliense.json	1095769.0	d__Bacteria	p__Pseudomonadota	c__Gammaproteobacteria	o__Burkholderiales	f__Burkholderiaceae_D	g__Noviherbaspirillum	s__Noviherbaspirillum massiliense					s__Noviherbaspirillum_massiliense	species
1.0	Human	279238.0		GCF_000013325.1	640427126.0	https://www.biorxiv.org/content/10.1101/691030v1	Literature research	0.0	0.0	Yes		Environmental	Aquatic	Unclassified	Sediment	Gram-	Obligate aerobe		Nonmotile	0.0	0.0	4233314.0	4038.0	2756420.0	65.0	3957.0	97.99	ftp://ftp.ncbi.nlm.nih.gov/genomes/all/GCF/000/013/325/GCF_000013325.1_ASM1332v1	s__Novosphingobium_aromaticivorans.json	279238.0	d__Bacteria	p__Pseudomonadota	c__Alphaproteobacteria	o__Sphingomonadales	f__Sphingomonadaceae	g__Novosphingobium	s__Novosphingobium aromaticivorans		Novosphingobium aromaticivorans DSM 12444 (279238.18)	279238.18		s__Novosphingobium_aromaticivorans	species
0.0	Human	1522315.0	NZ_CTDZ01000001	GCF_001375555.1	2671180477.0	PMID:25567229	Literature research	0.0	0.0	Yes	0.0	Host-associated	Human	Large intestine	Digestive system	Gram+	Aerobe	0.0	Nonmotile	0.0	0.0	3754846.0	3515.0	1912729.0	51.0	3440.0	97.87	ftp://ftp.ncbi.nlm.nih.gov/genomes/all/GCF/001/375/555/GCF_001375555.1_Numidum_massiliensis	s__Numidum_massiliense.json	1522315.0	d__Bacteria	p__Bacillota	c__Bacilli	o__Thermoactinomycetales	f__Novibacillaceae	g__Numidum	s__Numidum massiliense	0.0				s__Numidum_massiliense	species
0.0	Mouse	405946.0		GCF_001298135.1	2648501296.0	PMID:27670113	Literature research	0.0	0.0	Yes	0.0	0	0	0	0	Gram+	Aerobe	0.0	0	0.0	0.0	3560524.0	3837.0	1271395.0	36.0	3675.0	95.78	ftp://ftp.ncbi.nlm.nih.gov/genomes/all/GCF/001/298/135/GCF_001298135.1_ASM129813v1	s__Oceanobacillus_caeni.json	405946.0	d__Bacteria	p__Bacillota	c__Bacilli	o__Bacillales	f__Amphibacillaceae	g__Oceanobacillus	s__Oceanobacillus caeni	0.0			0.0	s__Oceanobacillus_caeni	species
0.0	Human	1462527.0	NZ_CCDM010000001	GCF_000750635.1	2617271237.0	PMID:25567229	Literature research	0.0	0.0	Yes	0.0	0	0	0	0	Gram+	Aerobe	0.0	0	0.0	0.0	5388101.0	5221.0	2006802.0	37.0	5077.0	97.24	ftp://ftp.ncbi.nlm.nih.gov/genomes/all/GCF/000/750/635/GCF_000750635.1_PRJEB5524_assembly_1	s__Oceanobacillus_jeddahense.json	1462527.0	d__Bacteria	p__Bacillota	c__Bacilli	o__Bacillales	f__Amphibacillaceae	g__Oceanobacillus	s__Oceanobacillus jeddahense	0.0			0.0	s__Oceanobacillus_jeddahense	species
0.0	Human	946235.0	NZ_HE610976	GCF_000285495.1	2548876795.0	PMID:25567229	Literature research	0.0	0.0	Yes	0.0	Host-associated	Unclassified	Unclassified	Unclassified	Gram+	Aerobe	0.0	Motile		0.0	3538204.0	3626.0	1427768.0	40.0	3522.0	97.13	ftp://ftp.ncbi.nlm.nih.gov/genomes/all/GCF/000/285/495/GCF_000285495.1_ASM28549v1	s__Oceanobacillus_massiliensis.json	946235.0	d__Bacteria	p__Bacillota	c__Bacilli	o__Bacillales	f__Amphibacillaceae	g__Oceanobacillus	s__Oceanobacillus massiliensis	0.0			0.0	s__Oceanobacillus_massiliensis	species
2.0	Human	709991.0		GCF_000190535.1	649633078.0	PMID:20203603; PMID:24861948	AGORA 1.03	0.0	0.0	Yes	0.0	Host-associated	Human	Unclassified	Skin	Gram-	Anaerobe		Nonmotile		0.0	4392288.0	3746.0	1904432.0	43.0	3672.0	98.02	ftp://ftp.ncbi.nlm.nih.gov/genomes/all/GCF/000/190/535/GCF_000190535.1_ASM19053v1	s__Odoribacter_splanchnicus.json	709991.0	d__Bacteria	p__Bacteroidota	c__Bacteroidia	o__Bacteroidales	f__Marinifilaceae	g__Odoribacter	s__Odoribacter splanchnicus		Odoribacter splanchnicus DSM 20712 (709991.3)	709991.3		s__Odoribacter_splanchnicus	species
0.0	Human	1776381.0	GCF_900078545.1	GCF_900078545.1		PMID:30745586	Literature research									Gram+												ftp.ncbi.nlm.nih.gov/genomes/all/GCF/900/078/545/GCF_900078545.1_PRJEB13207	s__Olegusella_massiliensis.json	1776381.0	d__Bacteria	p__Actinomycetota	c__Coriobacteriia	o__Coriobacteriales	f__Atopobiaceae	g__Olegusella	s__Olegusella massiliensis					s__Olegusella_massiliensis	species
2.0	Human	207559.0	GCF_000022125.1	GCF_000012665.1	637000095.0	Strains of species found in the human gut (PMID:24861948) present in PubSEED	Initial strain selection	0.0	0.0	Yes	0.0	Environmental	Terrestrial	Unclassified	Oil reservoir	Gram-	Anaerobe		Motile	0.0	0.0	3730232.0	3873.0	2157422.0	58.0	3783.0	97.68	ftp://ftp.ncbi.nlm.nih.gov/genomes/all/GCF/000/012/665/GCF_000012665.1_ASM1266v1	s__Oleidesulfovibrio_alaskensis.json	207559.0	d__Bacteria	p__Desulfobacterota	c__Desulfovibrionia	o__Desulfovibrionales	f__Desulfovibrionaceae	g__Oleidesulfovibrio	s__Oleidesulfovibrio alaskensis	0.0	Desulfovibrio desulfuricans subsp. desulfuricans str. G20 (207559.7)	207559.7		s__Oleidesulfovibrio_alaskensis	species
	Human					https://www.biorxiv.org/content/10.1101/691030v1	Literature research	0.0	0.0	Yes	0.0					Gram-	Aerobe	0.0		0.0	0.0				46.0				s__Oligella_urethralis.json		d__Bacteria	p__Pseudomonadota	c__Gammaproteobacteria	o__Burkholderiales	f__Burkholderiaceae_B	g__Oligella	s__Oligella urethralis	0.0			0.0	s__Oligella_urethralis	species
0.0	Human	1622075.0	GCF_001457795.1	GCF_001457795.1		PMID:30745586	Literature research									Gram+												ftp://ftp.ncbi.nlm.nih.gov/genomes/all/GCF/001/457/795/GCF_001457795.1_Olsenella_massiliensis	s__Olsenella_F_massiliensis.json	1622075.0	d__Bacteria	p__Actinomycetota	c__Coriobacteriia	o__Coriobacteriales	f__Atopobiaceae	g__Olsenella_F	s__Olsenella_F massiliensis					s__Olsenella_F_massiliensis	species
0.0	Human	1125712.0		GCF_000468755.1	2558860424.0	PMID:20203603; PMID:24861948	AGORA 1.03	0.0	0.0	Yes	0.0	Host-associated	Human	Oral	Digestive system	Gram+	Anaerobe	0.0	0		0.0	2724935.0	2704.0	1748646.0	64.0	2650.0	98.0	ftp://ftp.ncbi.nlm.nih.gov/genomes/all/GCF/000/468/755/GCF_000468755.1_OprofF0195v1.0	s__Olsenella_F_profusa.json	1125712.0	d__Bacteria	p__Actinomycetota	c__Coriobacteriia	o__Coriobacteriales	f__Atopobiaceae	g__Olsenella_F	s__Olsenella_F profusa				0.0	s__Olsenella_F_profusa	species
2.0	Human	585501.0		GCF_000160635.1	643886104.0	PMID:20203603; PMID:24861948	AGORA 1.03	0.0	0.0	Yes	0.0	Host-associated	Human	Oral	Digestive system	Gram+	Anaerobe	0.0	0		0.0	2629409.0	2681.0	1131403.0	43.0	2638.0	98.4	ftp://ftp.ncbi.nlm.nih.gov/genomes/all/GCF/000/160/635/GCF_000160635.1_ASM16063v1	s__Oribacterium_sinus.json	585501.0	d__Bacteria	p__Bacillota	c__Clostridia	o__Lachnospirales	f__Lachnospiraceae	g__Oribacterium	s__Oribacterium sinus		Oribacterium sinus F0268 (585501.3)	585501.3		s__Oribacterium_sinus	species
1.0	Human	608534.0		GCF_000160135.1	647000286.0	PMID:31171880	Literature research	0.0	0.0	Yes	0.0	Host-associated	Human	Oral	Digestive system	Gram+	Anaerobe	0.0	0		0.0	2672954.0	3003.0	1461450.0	55.0	2947.0	98.14	ftp://ftp.ncbi.nlm.nih.gov/genomes/all/GCF/000/160/135/GCF_000160135.1_ASM16013v1	s__Oribacterium_sp000160135.json	608534.0	d__Bacteria	p__Bacillota	c__Clostridia	o__Lachnospirales	f__Lachnospiraceae	g__Oribacterium	s__Oribacterium sp000160135		Oribacterium sp. oral taxon 078 str. F0262 (608534.3)	608534.3		s__Oribacterium_sp000160135	species
1.0	Mouse	1007096.0		GCF_000307265.1	2551306563.0	Personal communication, Dr. Jan Krumsiek	Personal communication	0.0	0.0	Yes	0.0	0	0	0	0	Gram+	Anaerobe	0.0	0	0.0	0.0	3078564.0	2988.0	1692431.0	55.0	2918.0	97.66	ftp://ftp.ncbi.nlm.nih.gov/genomes/all/GCF/000/307/265/GCF_000307265.1_ASM30726v1	s__Oscillibacter_ruminantium.json	1007096.0	d__Bacteria	p__Bacillota	c__Clostridia	o__Oscillospirales	f__Oscillospiraceae	g__Oscillibacter	s__Oscillibacter ruminantium	0.0	Oscillibacter ruminantium GH1 (1007096.3)	1007096.3	0.0	s__Oscillibacter_ruminantium	species
0.0	Human					PMID:31171880	Literature research	0.0	0.0	Yes	0.0	Host-associated	Human	Large intestine	Digestive system	Gram+	Anaerobe	0.0	0						59.0				s__Oscillibacter_welbionis.json		d__Bacteria	p__Bacillota	c__Clostridia	o__Oscillospirales	f__Oscillospiraceae	g__Oscillibacter	s__Oscillibacter welbionis				0.0	s__Oscillibacter_welbionis	species
2.0	Human	411486.0		GCF_000159055.1	2562617079.0	PMID:20203603; PMID:24861948	AGORA 1.03	0.0	0.0	Yes	0.0	Host-associated	Human	Large intestine	Digestive system	Gram+	Obligate anaerobe	0.0	Motile		0.0	3836694.0	4241.0	1922437.0	50.0	4164.0	98.18	ftp://ftp.ncbi.nlm.nih.gov/genomes/all/GCF/000/159/055/GCF_000159055.1_ASM15905v1	s__Otoolea_saccharolyticum_A.json	411486.0	d__Bacteria	p__Bacillota	c__Clostridia	o__Lachnospirales	f__Lachnospiraceae	g__Otoolea	s__Otoolea saccharolyticum_A		Clostridium sp. M62/1 (411486.3)	411486.3		s__Otoolea_saccharolyticum_A	species
	Human							0.0	0.0	Yes	0.0	Host-associated	Human		Digestive system	Gram+	Obligate anaerobe	0.0	Motile		0.0				48.0				s__Otoolea_symbiosa.json		d__Bacteria	p__Bacillota	c__Clostridia	o__Lachnospirales	f__Lachnospiraceae	g__Otoolea	s__Otoolea symbiosa				0.0	s__Otoolea_symbiosa	species
2.0	Human	556269.0	GCF_000158475.2	GCF_002128345.1	2773858018.0	PMID:20203603; PMID:24861948	AGORA 1.03	0.0	0.0	Yes	0.0	Host-associated	Human	Large intestine	Digestive system	Gram-	Anaerobe		0		0.0	2433653.0	2255.0	1207204.0	50.0	2194.0	97.29	ftp://ftp.ncbi.nlm.nih.gov/genomes/all/GCF/002/128/345/GCF_002128345.1_ASM212834v1	s__Oxalobacter_formigenes.json	556269.0	d__Bacteria	p__Pseudomonadota	c__Gammaproteobacteria	o__Burkholderiales	f__Burkholderiaceae_D	g__Oxalobacter	s__Oxalobacter formigenes		Oxalobacter formigenes OXCC13 (556269.4)	556269.4		s__Oxalobacter_formigenes	species
2.0	Human	556268.0		GCF_000158475.2	646206250.0	PMID:20203603; PMID:24861948	AGORA 1.03	0.0	0.0	Yes	0.0	Host-associated	Human	Large intestine	Digestive system	Gram-	Anaerobe		0		0.0	2509362.0	2171.0	1298701.0	53.0	2125.0	97.88	ftp://ftp.ncbi.nlm.nih.gov/genomes/all/GCF/000/158/475/GCF_000158475.2_Oxal_for_HOxBLS_2_V2	s__Oxalobacter_paraformigenes.json	556268.0	d__Bacteria	p__Pseudomonadota	c__Gammaproteobacteria	o__Burkholderiales	f__Burkholderiaceae_D	g__Oxalobacter	s__Oxalobacter paraformigenes		Oxalobacter formigenes HOxBLS (556268.6)	556268.6		s__Oxalobacter_paraformigenes	species
0.0	Human	996640.0	GCF_000307675.1	GCF_000307675.1	2551306396.0	PMID:31275260	Literature research	0.0	0.0	Yes	0.0	Host-associated	Insecta	Unclassified	Unclassified	Gram+	Facultative anaerobe	0.0	0	0.0	0.0	5691441.0	5343.0	2591171.0	46.0	5122.0	95.86	ftp://ftp.ncbi.nlm.nih.gov/genomes/all/GCF/000/307/675/GCF_000307675.1_PaenICGEB1.0	s__Paenibacillus_polymyxa.json	996640.0	d__Bacteria	p__Bacillota	c__Bacilli	o__Paenibacillales	f__Paenibacillaceae	g__Paenibacillus	s__Paenibacillus polymyxa	0.0			0.0	s__Paenibacillus_polymyxa	species
0.0	Human	1333858.0	GCF_000520655.1	GCF_000172415.1		PMID:20203603; PMID:24861948	AGORA 1.03	0.0	0.0							Gram+	Facultative anaerobe	0.0	0	0.0	0.0							ftp://ftp.ncbi.nlm.nih.gov/genomes/all/GCF/000/172/415/GCF_000172415.1_ASM17241v1	s__Paenibacillus_AQ_graminis.json	1333858.0	d__Bacteria	p__Bacillota	c__Bacilli	o__Paenibacillales	f__Paenibacillaceae	g__Paenibacillus_AQ	s__Paenibacillus_AQ graminis	0.0			0.0	s__Paenibacillus_AQ_graminis	species
0.0	Human	1232431.0		GCF_001368795.1	2775507045.0	PMID:29692909	Literature research	0.0	0.0	Yes	0.0	0	0	0	0	Gram+	Facultative anaerobe	0.0	0	0.0	0.0	6630371.0	6719.0	3289178.0	50.0	6613.0	98.42	ftp://ftp.ncbi.nlm.nih.gov/genomes/all/GCF/001/368/795/GCF_001368795.1_Paenibacillus_reamassiliensis	s__Paenibacillus_AQ_ihuae.json	1232431.0	d__Bacteria	p__Bacillota	c__Bacilli	o__Paenibacillales	f__Paenibacillaceae	g__Paenibacillus_AQ	s__Paenibacillus_AQ ihuae	0.0			0.0	s__Paenibacillus_AQ_ihuae	species
2.0	Human	743719.0		GCF_000230915.1	2506783046.0	PMID:20203603; PMID:24861948	AGORA 1.03	0.0	0.0	Yes	0.0	Engineered	Bioreactor	Unclassified	Aerobic	Gram+	Facultative anaerobe	0.0	0	0.0	0.0	6848306.0	6305.0	3550991.0	52.0	6190.0	98.18	ftp://ftp.ncbi.nlm.nih.gov/genomes/all/GCF/000/230/915/GCF_000230915.1_ASM23091v1	s__Paenibacillus_AQ_lactis.json	743719.0	d__Bacteria	p__Bacillota	c__Bacilli	o__Paenibacillales	f__Paenibacillaceae	g__Paenibacillus_AQ	s__Paenibacillus_AQ lactis	0.0	Paenibacillus lactis 154 (743719.3)	743719.3	0.0	s__Paenibacillus_AQ_lactis	species
1.0	Human	908341.0		GCF_000204455.1	651324080.0	PMID:31275260	Literature research	0.0	0.0	Yes	0.0	Host-associated	Human	Unclassified	Unclassified	Gram+	Facultative anaerobe	0.0	0		0.0	6950059.0	6579.0	3550473.0	51.0	6496.0	98.74	ftp://ftp.ncbi.nlm.nih.gov/genomes/all/GCF/000/204/455/GCF_000204455.1_ASM20445v1	s__Paenibacillus_AQ_lautus_A.json	908341.0	d__Bacteria	p__Bacillota	c__Bacilli	o__Paenibacillales	f__Paenibacillaceae	g__Paenibacillus_AQ	s__Paenibacillus_AQ lautus_A		Paenibacillus sp. HGF5 (908341.3)	908341.3		s__Paenibacillus_AQ_lautus_A	species
1.0	Human	1034769.0	GCF_000374185.1	GCF_000374185.1	2516493025.0	PMID:31275260	Literature research	0.0	0.0	Yes	0.0	0	0	0	0	Gram+	Facultative anaerobe	0.0	0	0.0	0.0	6836219.0	6047.0	3462395.0	51.0	5906.0	97.67	ftp://ftp.ncbi.nlm.nih.gov/genomes/all/GCF/000/374/185/GCF_000374185.1_ASM37418v1	s__Paenibacillus_AQ_sp000374185.json	1034769.0	d__Bacteria	p__Bacillota	c__Bacilli	o__Paenibacillales	f__Paenibacillaceae	g__Paenibacillus_AQ	s__Paenibacillus_AQ sp000374185	0.0	Paenibacillus sp. HW567 (1034769.3)	1034769.3	0.0	s__Paenibacillus_AQ_sp000374185	species
2.0	Human	1206781.0	GCF_002128345.1	GCF_000293805.1	2827179085.0	PMID:20203603; PMID:24861948	AGORA 1.03	0.0	0.0	Yes	0.0	Host-associated	Insecta	Unclassified	Unclassified	Gram+	Facultative anaerobe	0.0	Motile	0.0	0.0	7115484.0	7637.0	3247631.0	46.0	7453.0	97.59	ftp://ftp.ncbi.nlm.nih.gov/genomes/all/GCF/000/293/805/GCF_000293805.1_ASM29380v1	s__Paenibacillus_B_alvei.json	1206781.0	d__Bacteria	p__Bacillota	c__Bacilli	o__Paenibacillales	f__Paenibacillaceae	g__Paenibacillus_B	s__Paenibacillus_B alvei		Paenibacillus alvei DSM 29 (1206781.3)	1206781.3	0.0	s__Paenibacillus_B_alvei	species
2.0	Human	1122917.0		GCF_000378385.1	2519103188.0	PMID:20203603; PMID:24861948	AGORA 1.03	0.0	0.0	Yes	0.0	Environmental	Terrestrial	Unclassified	Soil	Gram+	Facultative anaerobe	0.0	Motile	0.0	0.0	7465935.0	6576.0	3973305.0	53.0	6472.0	98.42	ftp://ftp.ncbi.nlm.nih.gov/genomes/all/GCF/000/378/385/GCF_000378385.1_ASM37838v1	s__Paenibacillus_D_daejeonensis.json	1122917.0	d__Bacteria	p__Bacillota	c__Bacilli	o__Paenibacillales	f__Paenibacillaceae	g__Paenibacillus_D	s__Paenibacillus_D daejeonensis		Paenibacillus daejeonensis DSM 15491 (1122917.3)	1122917.3		s__Paenibacillus_D_daejeonensis	species
1.0	Human					PMID:31275260	Literature research	0.0	0.0	Yes	0.0	Host-associated		Unclassified	Unclassified	Gram+	Facultative anaerobe	0.0	0		0.0				53.0				s__Paenibacillus_F_sp000411255.json		d__Bacteria	p__Bacillota	c__Bacilli	o__Paenibacillales	f__NBRC-103111	g__Paenibacillus_F	s__Paenibacillus_F sp000411255					s__Paenibacillus_F_sp000411255	species
0.0	Human	1033743.0	NZ_HE610958	GCF_000285515.1	2547132139.0	PMID:25567229	Literature research	0.0	0.0	Yes	0.0	Host-associated	Human	Large intestine	Digestive system	Gram+	Facultative anaerobe	0.0	Motile			5494234.0	5134.0	2648430.0	48.0	5040.0	98.17	ftp://ftp.ncbi.nlm.nih.gov/genomes/all/GCF/000/285/515/GCF_000285515.1_ASM28551v1	s__Paenibacillus_L_senegalensis.json	1033743.0	d__Bacteria	p__Bacillota	c__Bacilli	o__Paenibacillales	f__NBRC-103111	g__Paenibacillus_L	s__Paenibacillus_L senegalensis					s__Paenibacillus_L_senegalensis	species
1.0	Human	1231057.0	GCF_000297555.1	GCF_000297555.1	2551306413.0	PMID:31275260	Literature research	0.0	0.0	Yes	0.0	Environmental	Unclassified	Unclassified	Unclassified	Gram+	Aerobe	0.0	0	0.0	0.0	3825491.0	3734.0	1412119.0	37.0	3640.0	97.48	ftp://ftp.ncbi.nlm.nih.gov/genomes/all/GCF/000/297/555/GCF_000297555.1_ASM29755v1	s__Paenisporosarcina_antarctica.json	1231057.0	d__Bacteria	p__Bacillota	c__Bacilli	o__Bacillales_A	f__Planococcaceae	g__Paenisporosarcina	s__Paenisporosarcina antarctica	0.0	Paenisporosarcina sp. TG-14 (1231057.3)	1231057.3	0.0	s__Paenisporosarcina_antarctica	species
1.0	Human	1078085.0	GCF_000411295.1	GCF_000411295.1	2541046999.0	PMID:31275260	Literature research	0.0	0.0	Yes	0.0	Host-associated	Unclassified	Unclassified	Unclassified	Gram+	Aerobe	0.0	0		0.0	3493880.0	3519.0	1371232.0	39.0	3449.0	98.01	ftp://ftp.ncbi.nlm.nih.gov/genomes/all/GCF/000/411/295/GCF_000411295.1_Paen_sp_HGH0030_V1	s__Paenisporosarcina_sp000411295.json	1078085.0	d__Bacteria	p__Bacillota	c__Bacilli	o__Bacillales_A	f__Planococcaceae	g__Paenisporosarcina	s__Paenisporosarcina sp000411295	0.0	Paenisporosarcina sp. HGH0030 (1078085.3)	1078085.3	0.0	s__Paenisporosarcina_sp000411295	species
1.0	Mouse	694427.0		GCF_000183135.1	649633080.0	Personal communication, Dr. Jan Krumsiek	Personal communication	0.0	0.0	Yes	0.0	Environmental	Terrestrial	Unclassified	Agricultural field	Gram-	Obligate anaerobe	0.0	Nonmotile	0.0	0.0	3685504.0	3118.0	1432064.0	39.0	3054.0	97.95	ftp://ftp.ncbi.nlm.nih.gov/genomes/all/GCF/000/183/135/GCF_000183135.1_ASM18313v1	s__Paludibacter_propionicigenes.json	694427.0	d__Bacteria	p__Bacteroidota	c__Bacteroidia	o__Bacteroidales	f__Paludibacteraceae	g__Paludibacter	s__Paludibacter propionicigenes		Paludibacter propionicigenes WB4 (694427.4)	694427.4		s__Paludibacter_propionicigenes	species
1.0	Human	1110694.0	NZ_BDCR01000001	GCF_000241285.1	2547132158.0	PMID:20203603; PMID:24861948	AGORA 1.03	0.0	0.0	Yes	0.0	0	0	0	0	Gram-	0		0	0.0	0.0	4829577.0	4554.0	2657654.0	55.0	4431.0	97.3	ftp://ftp.ncbi.nlm.nih.gov/genomes/all/GCF/000/241/285/GCF_000241285.1_ASM24128v2	s__Pantoea_agglomerans.json	1110694.0	d__Bacteria	p__Pseudomonadota	c__Gammaproteobacteria	o__Enterobacterales	f__Enterobacteriaceae	g__Pantoea	s__Pantoea agglomerans	0.0	Pantoea agglomerans IG1 (1110694.4)	1110694.4	0.0	s__Pantoea_agglomerans	species
1.0	Human	1261128.0	NZ_ANKX01000001	GCF_000330765.1	2541047590.0	PMID:31275260	Literature research	0.0	0.0	Yes	0.0	Host-associated	Plants	Unclassified	Unclassified	Gram-	0	0.0	0	0.0	0.0	4581483.0	4219.0	2487564.0	54.0	4157.0	98.53	ftp://ftp.ncbi.nlm.nih.gov/genomes/all/GCF/000/330/765/GCF_000330765.1_299R_EBK	s__Pantoea_eucalypti.json	1261128.0	d__Bacteria	p__Pseudomonadota	c__Gammaproteobacteria	o__Enterobacterales	f__Enterobacteriaceae	g__Pantoea	s__Pantoea eucalypti	0.0	Pantoea agglomerans 299R (1261128.3)	1261128.3	0.0	s__Pantoea_eucalypti	species
1.0	Human	1144341.0		GCF_000282695.1	2511231025.0	PMID:31275260	Literature research	0.0	0.0	Yes	0.0	Host-associated	Plants	Unclassified	Rhizoplane	Gram-	0	0.0	0	0.0	0.0	5324661.0	4992.0	2902935.0	55.0	4900.0	98.16	ftp://ftp.ncbi.nlm.nih.gov/genomes/all/GCF/000/282/695/GCF_000282695.1_Pantoea.strYR343_v1.0	s__Pantoea_symbiotica.json	1144341.0	d__Bacteria	p__Pseudomonadota	c__Gammaproteobacteria	o__Enterobacterales	f__Enterobacteriaceae	g__Pantoea	s__Pantoea symbiotica		Pantoea sp. YR343 (1144341.3)	1144341.3	0.0	s__Pantoea_symbiotica	species
0.0	Mouse	1122930.0		GCF_900176335.1	2588254267.0	Personal communication, Dr. Jan Krumsiek	Personal communication	0.0	0.0	Yes	0.0	Engineered	Biotransformation	Unclassified	Unclassified	Gram+	Anaerobe	0.0	Nonmotile	0.0	0.0	2890610.0	2751.0	1612529.0	56.0	2679.0	97.38	ftp://ftp.ncbi.nlm.nih.gov/genomes/all/GCF/900/176/335/GCF_900176335.1_IMG-taxon_2588254267_annotated_assembly	s__Papillibacter_cinnamivorans.json	1122930.0	d__Bacteria	p__Bacillota	c__Clostridia	o__Oscillospirales	f__Oscillospiraceae	g__Papillibacter	s__Papillibacter cinnamivorans					s__Papillibacter_cinnamivorans	species
0.0	Mouse	871327.0		GCF_900108035.1	2693429876.0	Personal communication, Dr. Jan Krumsiek	Personal communication	0.0	0.0	Yes	0.0	Host-associated	Unclassified	Unclassified	Unclassified	Gram-	Anaerobe	0.0	0	0.0	0.0	3571001.0	3118.0	1441149.0	40.0	3042.0	97.56	ftp://ftp.ncbi.nlm.nih.gov/genomes/all/GCF/900/108/035/GCF_900108035.1_IMG-taxon_2693429876_annotated_assembly	s__Parabacteroides_chinchillae.json	871327.0	d__Bacteria	p__Bacteroidota	c__Bacteroidia	o__Bacteroidales	f__Tannerellaceae	g__Parabacteroides	s__Parabacteroides chinchillae	0.0			0.0	s__Parabacteroides_chinchillae	species
	Human							0.0	0.0	Yes	0.0	Host-associated				Gram-		0.0							45.0				s__Parabacteroides_distasonis.json		d__Bacteria	p__Bacteroidota	c__Bacteroidia	o__Bacteroidales	f__Tannerellaceae	g__Parabacteroides	s__Parabacteroides distasonis				0.0	s__Parabacteroides_distasonis	species
	Human							0.0	0.0	Yes	0.0					Gram-		0.0	0	0.0	0.0								s__Parabacteroides_goldsteinii.json		d__Bacteria	p__Bacteroidota	c__Bacteroidia	o__Bacteroidales	f__Tannerellaceae	g__Parabacteroides	s__Parabacteroides goldsteinii				0.0	s__Parabacteroides_goldsteinii	species
0.0	Human				2524614557.0			0.0	0.0	Yes	0.0	Host-associated	Human	Blood	Circulatory system	Gram-	Obligate anaerobe	0.0	0	0.0	0.0	6679129.0	5421.0	2965920.0	44.0	5326.0	98.25		s__Parabacteroides_gordonii.json		d__Bacteria	p__Bacteroidota	c__Bacteroidia	o__Bacteroidales	f__Tannerellaceae	g__Parabacteroides	s__Parabacteroides gordonii				0.0	s__Parabacteroides_gordonii	species
2.0	Human							0.0	0.0	Yes	0.0	Host-associated	Human			Gram-	Obligate anaerobe	0.0		0.0	0.0				45.0				s__Parabacteroides_johnsonii.json		d__Bacteria	p__Bacteroidota	c__Bacteroidia	o__Bacteroidales	f__Tannerellaceae	g__Parabacteroides	s__Parabacteroides johnsonii				0.0	s__Parabacteroides_johnsonii	species
2.0	Human							0.0	0.0	Yes	0.0	Host-associated	Human			Gram-	Obligate anaerobe	0.0			0.0				45.0				s__Parabacteroides_merdae.json		d__Bacteria	p__Bacteroidota	c__Bacteroidia	o__Bacteroidales	f__Tannerellaceae	g__Parabacteroides	s__Parabacteroides merdae					s__Parabacteroides_merdae	species
0.0	Human	1233171.0	GCF_006802875.1	GCF_006802875.1	2541047518.0	PMID:31275260	Literature research	0.0	0.0	Yes	0.0	0	0	0	0	Gram+	0	0.0	0	0.0	0.0	3609653.0	3652.0	1025713.0	28.0	3547.0	97.12	ftp://ftp.ncbi.nlm.nih.gov/genomes/all/GCF/006/802/875/GCF_006802875.1_ASM680287v1	s__Paraclostridium_bifermentans.json	1233171.0	d__Bacteria	p__Bacillota	c__Clostridia	o__Peptostreptococcales	f__Peptostreptococcaceae	g__Paraclostridium	s__Paraclostridium bifermentans	0.0			0.0	s__Paraclostridium_bifermentans	species
0.0	Human							0.0	0.0	Yes	0.0	0	0	0	0	Gram+	0	0.0	0	0.0	0.0				28.0				s__Paraclostridium_dentum.json		d__Bacteria	p__Bacillota	c__Clostridia	o__Peptostreptococcales	f__Peptostreptococcaceae	g__Paraclostridium	s__Paraclostridium dentum	0.0			0.0	s__Paraclostridium_dentum	species
0.0	Human						Literature research	0.0	0.0	Yes						Gram+	Anaerobe	0.0		0.0	0.0								s__Paraclostridium_sordellii.json		d__Bacteria	p__Bacillota	c__Clostridia	o__Peptostreptococcales	f__Peptostreptococcaceae	g__Paraclostridium	s__Paraclostridium sordellii					s__Paraclostridium_sordellii	species
0.0	Human	1446473.0		GCF_000622145.1	2558309104.0	PMID:20203603; PMID:24861948	AGORA 1.03	0.0	0.0	Yes	0.0	Host-associated	Human	Unclassified	Unclassified	Gram-	0	0.0	0	0.0	0.0	4428895.0	4280.0	2987448.0	67.0	4216.0	98.5	ftp://ftp.ncbi.nlm.nih.gov/genomes/all/GCF/000/622/145/GCF_000622145.1_ASM62214v1	s__Paracoccus_yeei.json	1446473.0	d__Bacteria	p__Pseudomonadota	c__Alphaproteobacteria	o__Rhodobacterales	f__Rhodobacteraceae	g__Paracoccus	s__Paracoccus yeei				0.0	s__Paracoccus_yeei	species
0.0	Human	332977.0	GCF_900109365.1	GCF_900109365.1	2671180226.0	PMID:31275260	Literature research	0.0	0.0	Yes	0.0	Environmental	Terrestrial	Unclassified	Soil	Gram-	0	0.0	0	0.0	0.0	5547756.0	4879.0	2676005.0	48.0	4830.0	99.0	ftp://ftp.ncbi.nlm.nih.gov/genomes/all/GCF/900/109/365/GCF_900109365.1_IMG-taxon_2671180226_annotated_assembly	s__Parapedobacter_koreensis.json	332977.0	d__Bacteria	p__Bacteroidota	c__Bacteroidia	o__Sphingobacteriales	f__Sphingobacteriaceae	g__Parapedobacter	s__Parapedobacter koreensis	0.0			0.0	s__Parapedobacter_koreensis	species
2.0	Human	762968.0		GCF_000233955.1	2513237390.0	PMID:20203603; PMID:24861948	AGORA 1.03	0.0	0.0	Yes	0.0	Host-associated	Human	Large intestine	Digestive system	Gram-	Anaerobe	0.0	0			4233545.0	4073.0	2038722.0	48.0	4010.0	98.45	ftp://ftp.ncbi.nlm.nih.gov/genomes/all/GCF/000/233/955/GCF_000233955.1_ASM23395v1	s__Paraprevotella_clara.json	762968.0	d__Bacteria	p__Bacteroidota	c__Bacteroidia	o__Bacteroidales	f__Bacteroidaceae	g__Paraprevotella	s__Paraprevotella clara		Paraprevotella clara YIT 11840 (762968.3)	762968.3		s__Paraprevotella_clara	species
2.0	Human	762982.0		GCF_900683745.1	651324083.0	PMID:20203603; PMID:24861948	AGORA 1.03	0.0	0.0	Yes	0.0	Host-associated	Human	Large intestine	Digestive system	Gram-	Anaerobe	0.0	0			3789791.0	3500.0	1838804.0	49.0	3442.0	98.34	ftp://ftp.ncbi.nlm.nih.gov/genomes/all/GCF/900/683/745/GCF_900683745.1_Paraprevotella_xylaniphila_82A6	s__Paraprevotella_xylaniphila.json	762982.0	d__Bacteria	p__Bacteroidota	c__Bacteroidia	o__Bacteroidales	f__Bacteroidaceae	g__Paraprevotella	s__Paraprevotella xylaniphila		Paraprevotella xylaniphila YIT 11841 (762982.3)	762982.3		s__Paraprevotella_xylaniphila	species
1.0	Human	1041139.0	GCF_000379605.1	GCF_000379605.1	2513237159.0	https://www.biorxiv.org/content/10.1101/691030v1	Literature research	0.0	0.0	Yes	0.0	Host-associated	Plants	Unclassified	Rhizoplane	Gram-	Aerobe		Motile		0.0	6810126.0	6691.0	4130984.0	61.0	6618.0	98.91	ftp://ftp.ncbi.nlm.nih.gov/genomes/all/GCF/000/379/605/GCF_000379605.1_ASM37960v1	s__Pararhizobium_giardinii.json	1041139.0	d__Bacteria	p__Pseudomonadota	c__Alphaproteobacteria	o__Rhizobiales	f__Rhizobiaceae	g__Pararhizobium	s__Pararhizobium giardinii		Rhizobium giardinii bv. giardinii H152 (1041139.4)	1041139.4		s__Pararhizobium_giardinii	species
0.0	Mouse	1122934.0		GCF_900141895.1	2585427596.0	Personal communication, Dr. Jan Krumsiek	Personal communication	0.0	0.0	Yes	0.0	Environmental	Aquatic	Unclassified	Sediment	Gram+	Anaerobe	0.0	Nonmotile	0.0	0.0	2443757.0	2445.0	1078378.0	44.0	2367.0	96.81	ftp://ftp.ncbi.nlm.nih.gov/genomes/all/GCF/900/141/895/GCF_900141895.1_IMG-taxon_2585427596_annotated_assembly	s__Parasporobacterium_paucivorans.json	1122934.0	d__Bacteria	p__Bacillota	c__Clostridia	o__Lachnospirales	f__Lachnospiraceae	g__Parasporobacterium	s__Parasporobacterium paucivorans					s__Parasporobacterium_paucivorans	species
2.0	Human					PMID:20203603; PMID:24861948	AGORA 1.03	0.0	0.0	Yes	0.0	Host-associated	Human	Large intestine	Digestive system	Gram-		0.0			0.0								s__Parasutterella_excrementihominis.json		d__Bacteria	p__Pseudomonadota	c__Gammaproteobacteria	o__Burkholderiales	f__Burkholderiaceae_F	g__Parasutterella	s__Parasutterella excrementihominis					s__Parasutterella_excrementihominis	species
0.0	Human	747645.0			2831651148.0	https://www.biorxiv.org/content/10.1101/691030v1	Literature research	0.0	0.0	Yes	0.0	0	0	0	0	Gram+	0	0.0	0	0.0	0.0	2479984.0	2066.0	1549139.0	62.0	2003.0	96.95		s__Parvibacter_caecicola.json	747645.0	d__Bacteria	p__Actinomycetota	c__Coriobacteriia	o__Coriobacteriales	f__Eggerthellaceae	g__Parvibacter	s__Parvibacter caecicola	0.0			0.0	s__Parvibacter_caecicola	species
2.0	Human	411465.0		GCF_000154405.1	641380421.0	PMID:20203603; PMID:24861948	AGORA 1.03	0.0	0.0	Yes		Host-associated	Human	Unclassified	Respiratory system	Gram+	Anaerobe	0.0	0		0.0	1703772.0	1723.0	488223.0	29.0	1678.0	97.39	ftp://ftp.ncbi.nlm.nih.gov/genomes/all/GCF/000/154/405/GCF_000154405.1_ASM15440v1	s__Parvimonas_micra.json	411465.0	d__Bacteria	p__Bacillota	c__Clostridia	o__Tissierellales	f__Peptoniphilaceae	g__Parvimonas	s__Parvimonas micra		Parvimonas micra ATCC 33270 (411465.10)	411465.1		s__Parvimonas_micra	species
1.0	Human	767100.0		GCF_000214475.1	651324085.0	PMID:31171880	Literature research	0.0	0.0	Yes	0.0	Host-associated	Human	Oral	Digestive system	Gram+	Anaerobe	0.0	0		0.0	1556464.0	1703.0	438699.0	28.0	1640.0	96.3	ftp://ftp.ncbi.nlm.nih.gov/genomes/all/GCF/000/214/475/GCF_000214475.1_ASM21447v1	s__Parvimonas_sp000214475.json	767100.0	d__Bacteria	p__Bacillota	c__Clostridia	o__Tissierellales	f__Peptoniphilaceae	g__Parvimonas	s__Parvimonas sp000214475		Parvimonas sp. oral taxon 110 str. F0139 (767100.3)	767100.3		s__Parvimonas_sp000214475	species
0.0	Human	1423778.0	GCF_001434315.1	GCF_001434315.1	2657245682.0	https://www.biorxiv.org/content/10.1101/691030v1	Literature research	0.0	0.0	Yes	0.0	0	0	0	0	Gram+	Aerobe	0.0	0	0.0	0.0	1827271.0	1832.0	649789.0	36.0	1771.0	96.67	ftp://ftp.ncbi.nlm.nih.gov/genomes/all/GCF/001/434/315/GCF_001434315.1_ASM143431v1	s__Paucilactobacillus_oligofermentans.json	1423778.0	d__Bacteria	p__Bacillota	c__Bacilli	o__Lactobacillales	f__Lactobacillaceae	g__Paucilactobacillus	s__Paucilactobacillus oligofermentans	0.0			0.0	s__Paucilactobacillus_oligofermentans	species
0.0	Human	1423813.0	GCF_001436295.1	GCF_001436295.1	2660237943.0	https://www.biorxiv.org/content/10.1101/691030v1	Literature research	0.0	0.0	Yes	0.0	0	0	0	0	Gram+	Aerobe	0.0	0	0.0	0.0	2549133.0	2508.0	1108582.0	43.0	2445.0	97.49	ftp://ftp.ncbi.nlm.nih.gov/genomes/all/GCF/001/436/295/GCF_001436295.1_ASM143629v1	s__Paucilactobacillus_vaccinostercus.json	1423813.0	d__Bacteria	p__Bacillota	c__Bacilli	o__Lactobacillales	f__Lactobacillaceae	g__Paucilactobacillus	s__Paucilactobacillus vaccinostercus	0.0			0.0	s__Paucilactobacillus_vaccinostercus	species
2.0	Human	888050.0	GCF_000178575.1	GCF_000364865.1	2534682138.0	PMID:20203603; PMID:24861948	AGORA 1.03	0.0	0.0	Yes	0.0	Host-associated	Human	Oral	Digestive system	Gram+	Aerobe	0.0	Nonmotile		0.0	2188900.0	2035.0	1345916.0	61.0	1983.0	97.44	ftp://ftp.ncbi.nlm.nih.gov/genomes/all/GCF/000/364/865/GCF_000364865.1_ASM36486v1	s__Pauljensenia_cardiffensis.json	888050.0	d__Bacteria	p__Actinomycetota	c__Actinomycetes	o__Actinomycetales	f__Actinomycetaceae	g__Pauljensenia	s__Pauljensenia cardiffensis		Actinomyces cardiffensis F0333 (888050.3)	888050.3		s__Pauljensenia_cardiffensis	species
2.0	Human							0.0	0.0	Yes		Host-associated	Human			Gram+	Aerobe	0.0	Nonmotile		0.0				65.0				s__Pauljensenia_dentiphila.json		d__Bacteria	p__Actinomycetota	c__Actinomycetes	o__Actinomycetales	f__Actinomycetaceae	g__Pauljensenia	s__Pauljensenia dentiphila					s__Pauljensenia_dentiphila	species
0.0	Human	1120942.0		GCF_000429245.1	2523231019.0	PMID:20203603; PMID:24861948	AGORA 1.03	0.0	0.0	Yes	0.0	Host-associated	Human	Oral	Digestive system	Gram+	Aerobe	0.0	Nonmotile		0.0	2500649.0	2167.0	1743461.0	70.0	2102.0	97.0	ftp://ftp.ncbi.nlm.nih.gov/genomes/all/GCF/000/429/245/GCF_000429245.1_ASM42924v1	s__Pauljensenia_georgiae.json	1120942.0	d__Bacteria	p__Actinomycetota	c__Actinomycetes	o__Actinomycetales	f__Actinomycetaceae	g__Pauljensenia	s__Pauljensenia georgiae					s__Pauljensenia_georgiae	species
0.0	Human	178339.0	GCF_001746855.1	GCF_001746855.1	2751185834.0	https://www.biorxiv.org/content/10.1101/691030v1	Literature research	0.0	0.0	Yes	0.0	Host-associated	Human	Unclassified	Unclassified	Gram+	Facultative anaerobe	0.0	0	0.0	0.0	2141493.0	1882.0	1465351.0	70.0	1833.0	97.4	ftp://ftp.ncbi.nlm.nih.gov/genomes/all/GCF/001/746/855/GCF_001746855.1_ASM174685v1	s__Pauljensenia_hongkongensis.json	178339.0	d__Bacteria	p__Actinomycetota	c__Actinomycetes	o__Actinomycetales	f__Actinomycetaceae	g__Pauljensenia	s__Pauljensenia hongkongensis				0.0	s__Pauljensenia_hongkongensis	species
0.0	Human	29316.0	GCF_009695705.1	GCA_009695705.1		species in vaginal microbiome	Personal communication					Host-associated	Human	Vagina		Gram+	Facultative anaerobe											https://www.ncbi.nlm.nih.gov/assembly/GCF_009695705.1/	s__Pauljensenia_hyovaginalis.json	29316.0	d__Bacteria	p__Actinomycetota	c__Actinomycetes	o__Actinomycetales	f__Actinomycetaceae	g__Pauljensenia	s__Pauljensenia hyovaginalis					s__Pauljensenia_hyovaginalis	species
0.0	Human	1105029.0		GCF_000282935.1	2537562196.0	PMID:31171880	Literature research	0.0	0.0	Yes	0.0	Host-associated	Human	Unclassified	Unclassified	Gram+	Facultative anaerobe	0.0	0	0.0	0.0	2267656.0	2010.0	1485568.0	66.0	1958.0	97.41	ftp://ftp.ncbi.nlm.nih.gov/genomes/all/GCF/000/282/935/GCF_000282935.1_AspICM39v1.0	s__Pauljensenia_odontolytica_B.json	1105029.0	d__Bacteria	p__Actinomycetota	c__Actinomycetes	o__Actinomycetales	f__Actinomycetaceae	g__Pauljensenia	s__Pauljensenia odontolytica_B	0.0			0.0	s__Pauljensenia_odontolytica_B	species
0.0	Human	1325934.0	GCF_000820725.1	GCF_000820725.1		PMID:30745586	Literature research									Gram+												ftp.ncbi.nlm.nih.gov/genomes/all/GCF/000/820/725/GCF_000820725.1_Actinomyces_polynesiensis	s__Pauljensenia_polynesiensis.json	1325934.0	d__Bacteria	p__Actinomycetota	c__Actinomycetes	o__Actinomycetales	f__Actinomycetaceae	g__Pauljensenia	s__Pauljensenia polynesiensis					s__Pauljensenia_polynesiensis	species
0.0	Human	1673722.0	GCF_001457875.1	GCF_001457875.1		PMID:30745586	Literature research									Gram+												ftp.ncbi.nlm.nih.gov/genomes/all/GCA/001/457/875/GCA_001457875.1_Actinomyces_ihumii	s__Pauljensenia_radingae_A.json	1673722.0	d__Bacteria	p__Actinomycetota	c__Actinomycetes	o__Actinomycetales	f__Actinomycetaceae	g__Pauljensenia	s__Pauljensenia radingae_A					s__Pauljensenia_radingae_A	species
0.0	Human	1118058.0	GCF_000308055.1	GCF_000308055.1		PMID:30745586	Literature research									Gram+												ftp://ftp.ncbi.nlm.nih.gov/genomes/all/GCF/000/308/055/GCF_000308055.1_ASM30805v1	s__Pauljensenia_sp000308055.json	1118058.0	d__Bacteria	p__Actinomycetota	c__Actinomycetes	o__Actinomycetales	f__Actinomycetaceae	g__Pauljensenia	s__Pauljensenia sp000308055					s__Pauljensenia_sp000308055	species
1.0	Human	1203556.0	GCF_000411415.1	GCF_000411415.1	2541047011.0	PMID:31171880	Literature research	0.0	0.0	Yes	0.0	Host-associated	Human	Unclassified	Digestive system	Gram+	Facultative anaerobe	0.0	0			2428384.0	2068.0	1580355.0	65.0	2007.0	97.05	ftp://ftp.ncbi.nlm.nih.gov/genomes/all/GCF/000/411/415/GCF_000411415.1_Acti_sp_HPA0247_V1	s__Pauljensenia_sp000411415.json	1203556.0	d__Bacteria	p__Actinomycetota	c__Actinomycetes	o__Actinomycetales	f__Actinomycetaceae	g__Pauljensenia	s__Pauljensenia sp000411415		Actinomyces sp. HPA0247 (1203556.3)	1203556.3	0.0	s__Pauljensenia_sp000411415	species
2.0	Human	883077.0		GCF_000296505.1	2534682016.0	PMID:20203603; PMID:24861948	AGORA 1.03	0.0	0.0	Yes	0.0	Host-associated	Human	Vagina	Reproductive system	Gram+	Aerobe	0.0	Nonmotile			1951528.0	1775.0	1115862.0	57.0	1717.0	96.73	ftp://ftp.ncbi.nlm.nih.gov/genomes/all/GCF/000/296/505/GCF_000296505.1_Acti_turi_ACS-279-V-COL4_V1	s__Pauljensenia_turicensis_A.json	883077.0	d__Bacteria	p__Actinomycetota	c__Actinomycetes	o__Actinomycetales	f__Actinomycetaceae	g__Pauljensenia	s__Pauljensenia turicensis_A		Actinomyces turicensis ACS-279-V-Col4 (883077.3)	883077.3		s__Pauljensenia_turicensis_A	species
	Human							0.0	0.0	Yes	0.0					Gram+	Facultative anaerobe	0.0			0.0				42.0				s__Pediococcus_acidilactici.json		d__Bacteria	p__Bacillota	c__Bacilli	o__Lactobacillales	f__Lactobacillaceae	g__Pediococcus	s__Pediococcus acidilactici					s__Pediococcus_acidilactici	species
2.0	Human							0.0	0.0	Yes	0.0					Gram+	Facultative anaerobe	0.0		0.0	0.0				37.0				s__Pediococcus_pentosaceus.json		d__Bacteria	p__Bacillota	c__Bacilli	o__Lactobacillales	f__Lactobacillaceae	g__Pediococcus	s__Pediococcus pentosaceus					s__Pediococcus_pentosaceus	species
2.0	Human	500633.0	GCF_000235505.1	GCF_000156055.1	642979371.0	PMID:20203603; PMID:24861948	AGORA 1.03	0.0	0.0	Yes	0.0	Host-associated	Human	Large intestine	Digestive system	Gram+	Anaerobe	0.0	Motile		0.0	2423348.0	2302.0	751614.0	31.0	2271.0	98.65	ftp://ftp.ncbi.nlm.nih.gov/genomes/all/GCF/000/156/055/GCF_000156055.1_ASM15605v1	s__Peptacetobacter_hiranonis.json	500633.0	d__Bacteria	p__Bacillota	c__Clostridia	o__Peptostreptococcales	f__Peptostreptococcaceae	g__Peptacetobacter	s__Peptacetobacter hiranonis		Clostridium hiranonis DSM 13275 (500633.7)	500633.7		s__Peptacetobacter_hiranonis	species
1.0	Human	864565.0	GCF_000146855.1	GCF_000146855.1	648276673.0	PMID:31275260	Literature research	0.0	0.0	Yes	0.0	Host-associated	Animal	Unclassified	Digestive system	Gram+	Anaerobe	0.0	0		0.0	2470055.0	2184.0	799189.0	32.0	2134.0	97.71	https://www.ncbi.nlm.nih.gov/assembly/GCF_000146855.1/	s__Peptoanaerobacter_margaretiae.json	864565.0	d__Bacteria	p__Bacillota	c__Clostridia	o__Peptostreptococcales	f__Filifactoraceae	g__Peptoanaerobacter	s__Peptoanaerobacter margaretiae		Eubacterium yurii subsp. margaretiae ATCC 43715 (864565.3)	864565.3		s__Peptoanaerobacter_margaretiae	species
0.0	Human	39498.0	GCF_900167215.1	GCF_900167215.1	2585428116.0	PMID:31275260	Literature research	0.0	0.0	Yes	0.0	0	0	0	0	Gram+	Anaerobe	0.0	0	0.0	0.0	2553999.0	2227.0	819995.0	32.0	2154.0	96.72	https://www.ncbi.nlm.nih.gov/assembly/GCF_900167215.1	s__Peptoanaerobacter_yurii.json	39498.0	d__Bacteria	p__Bacillota	c__Clostridia	o__Peptostreptococcales	f__Filifactoraceae	g__Peptoanaerobacter	s__Peptoanaerobacter yurii					s__Peptoanaerobacter_yurii	species
2.0	Human	997350.0		GCF_000227315.1	2513237301.0	PMID:20203603; PMID:24861948	AGORA 1.03	0.0	0.0	Yes	0.0	Host-associated	Mammals	Unclassified	Unclassified	Gram+	Anaerobe	0.0	0		0.0	2101630.0	2302.0	665986.0	32.0	2269.0	98.57	ftp://ftp.ncbi.nlm.nih.gov/genomes/all/GCF/000/227/315/GCF_000227315.1_ASM22731v1	s__Peptoniphilus_indolicus.json	997350.0	d__Bacteria	p__Bacillota	c__Clostridia	o__Tissierellales	f__Peptoniphilaceae	g__Peptoniphilus	s__Peptoniphilus indolicus		Peptoniphilus indolicus ATCC 29427 (997350.3)	997350.3	0.0	s__Peptoniphilus_indolicus	species
2.0	Human	908338.0		GCF_000183565.1	649989982.0	PMID:20203603; PMID:24861948	AGORA 1.03	0.0	0.0	Yes	0.0	Host-associated	Human	Vagina	Reproductive system	Gram+	Anaerobe	0.0	0			1836030.0	1765.0	632293.0	34.0	1724.0	97.68	ftp://ftp.ncbi.nlm.nih.gov/genomes/all/GCF/000/183/565/GCF_000183565.1_ASM18356v1	s__Peptoniphilus_A_genitalis.json	908338.0	d__Bacteria	p__Bacillota	c__Clostridia	o__Tissierellales	f__Peptoniphilaceae	g__Peptoniphilus_A	s__Peptoniphilus_A genitalis		Peptoniphilus harei ACS-146-V-Sch2b (908338.3)	908338.3	0.0	s__Peptoniphilus_A_genitalis	species
2.0	Human							0.0	0.0	Yes	0.0	Host-associated	Human			Gram+	Anaerobe	0.0	0						30.0				s__Peptoniphilus_A_lacrimalis.json		d__Bacteria	p__Bacillota	c__Clostridia	o__Tissierellales	f__Peptoniphilaceae	g__Peptoniphilus_A	s__Peptoniphilus_A lacrimalis					s__Peptoniphilus_A_lacrimalis	species
0.0	Human	1033744.0	NZ_HE610717	GCF_000321025.1	2547132135.0	PMID:25567229	Literature research	0.0	0.0	Yes	0.0	Host-associated	Human	Large intestine	Digestive system	Gram+	Anaerobe	0.0	Nonmotile		0.0	1816348.0	1788.0	585590.0	32.0	1737.0	97.15	ftp://ftp.ncbi.nlm.nih.gov/genomes/all/GCF/000/321/025/GCF_000321025.1_ASM32102v1	s__Peptoniphilus_A_senegalensis.json	1033744.0	d__Bacteria	p__Bacillota	c__Clostridia	o__Tissierellales	f__Peptoniphilaceae	g__Peptoniphilus_A	s__Peptoniphilus_A senegalensis				0.0	s__Peptoniphilus_A_senegalensis	species
	Human		GCF_001517665.2													Gram+													s__Peptoniphilus_A_timonensis.json		d__Bacteria	p__Bacillota	c__Clostridia	o__Tissierellales	f__Peptoniphilaceae	g__Peptoniphilus_A	s__Peptoniphilus_A timonensis					s__Peptoniphilus_A_timonensis	species
1.0	Human	862517.0		GCF_000146345.1	648276710.0	PMID:31171880	Literature research	0.0	0.0	Yes	0.0	Host-associated	Human	Vagina	Reproductive system	Gram+	Anaerobe	0.0	0			2081526.0	2017.0	712641.0	34.0	1988.0	98.56	ftp://ftp.ncbi.nlm.nih.gov/genomes/all/GCF/000/146/345/GCF_000146345.1_ASM14634v1	s__Peptoniphilus_B_duerdenii.json	862517.0	d__Bacteria	p__Bacillota	c__Clostridia	o__Tissierellales	f__Peptoniphilaceae	g__Peptoniphilus_B	s__Peptoniphilus_B duerdenii		Peptoniphilus duerdenii ATCC BAA-1640 (862517.3)	862517.3		s__Peptoniphilus_B_duerdenii	species
0.0	Human	1118062.0	NZ_HE978580	GCF_000311865.1	2547132194.0	PMID:25567229	Literature research	0.0	0.0	Yes	0.0	Host-associated	Human	Large intestine	Digestive system	Gram+	Anaerobe	0.0	Nonmotile		0.0	1747868.0	1717.0	526907.0	30.0	1680.0	97.85	ftp://ftp.ncbi.nlm.nih.gov/genomes/all/GCF/000/311/865/GCF_000311865.1_ASM31186v1	s__Peptoniphilus_E_obesi.json	1118062.0	d__Bacteria	p__Bacillota	c__Clostridia	o__Tissierellales	f__Peptoniphilaceae	g__Peptoniphilus_E	s__Peptoniphilus_E obesi	0.0				s__Peptoniphilus_E_obesi	species
2.0	Human	596329.0		GCF_000178095.1	647000290.0	Strains of species found in the human gut (PMID:24861948) present in PubSEED	Initial strain selection	0.0	0.0	Yes	0.0	Host-associated	Human	Unclassified	Skin	Gram+	Anaerobe	0.0	0		0.0	2083092.0	1930.0	747429.0	36.0	1871.0	96.94	ftp://ftp.ncbi.nlm.nih.gov/genomes/all/GCF/000/178/095/GCF_000178095.1_ASM17809v1	s__Peptostreptococcus_anaerobius.json	596329.0	d__Bacteria	p__Bacillota	c__Clostridia	o__Peptostreptococcales	f__Peptostreptococcaceae	g__Peptostreptococcus	s__Peptostreptococcus anaerobius		Peptostreptococcus anaerobius 653-L (596329.3)	596329.3		s__Peptostreptococcus_anaerobius	species
2.0	Human	596315.0	NZ_FODF01000058	GCF_000147675.1	648276712.0	PMID:20203603; PMID:24861948	AGORA 1.03	0.0	0.0	Yes		Host-associated	Animal	Unclassified	Digestive system	Gram+	Anaerobe	0.0	0		0.0	1988044.0	1664.0	728877.0	37.0	1600.0	96.15	ftp://ftp.ncbi.nlm.nih.gov/genomes/all/GCF/000/147/675/GCF_000147675.1_ASM14767v1	s__Peptostreptococcus_stomatis.json	596315.0	d__Bacteria	p__Bacillota	c__Clostridia	o__Peptostreptococcales	f__Peptostreptococcaceae	g__Peptostreptococcus	s__Peptostreptococcus stomatis		Peptostreptococcus stomatis DSM 17678 (596315.3)	596315.3		s__Peptostreptococcus_stomatis	species
1.0	Human	1235790.0	GCF_000403845.2	GCF_000403845.2	2563367179.0	PMID:31275260	Literature research	0.0	0.0	Yes	0.0	0	0	0	0	Gram+	Obligate anaerobe	0.0	0	0.0	0.0	3980063.0	3842.0	1794768.0	45.0	3778.0	98.33	ftp://ftp.ncbi.nlm.nih.gov/genomes/all/GCF/000/403/845/GCF_000403845.2_Euba_bact_14-2_V1	s__Petralouisia_sp000403845.json	1235790.0	d__Bacteria	p__Bacillota	c__Clostridia	o__Lachnospirales	f__Lachnospiraceae	g__Petralouisia	s__Petralouisia sp000403845	0.0	Eubacterium sp. 14-2 (1235790.3)	1235790.3	0.0	s__Petralouisia_sp000403845	species
0.0	Human	1122957.0		GCF_003269275.1	2756170237.0	PMID:31477907	Literature research	0.0	0.0	Yes	0.0	Host-associated	Animal	Intestine	Digestive system	Gram-	Anaerobe	0.0	0	0.0	0.0	2317131.0	2248.0	1013369.0	44.0	2176.0	96.8	ftp://ftp.ncbi.nlm.nih.gov/genomes/all/GCF/003/269/275/GCF_003269275.1_ASM326927v1	s__Phascolarctobacterium_faecium.json	1122957.0	d__Bacteria	p__Bacillota	c__Negativicutes	o__Acidaminococcales	f__Acidaminococcaceae	g__Phascolarctobacterium	s__Phascolarctobacterium faecium					s__Phascolarctobacterium_faecium	species
2.0	Human	626939.0		GCF_000188175.1	649989983.0	PMID:20203603; PMID:24861948	AGORA 1.03	0.0	0.0	Yes	0.0	Host-associated	Human	Large intestine	Digestive system	Gram-	Anaerobe	0.0	0			2122261.0	2202.0	1011138.0	48.0	2150.0	97.64	ftp://ftp.ncbi.nlm.nih.gov/genomes/all/GCF/000/188/175/GCF_000188175.1_ASM18817v1	s__Phascolarctobacterium_A_succinatutens.json	626939.0	d__Bacteria	p__Bacillota	c__Negativicutes	o__Acidaminococcales	f__Acidaminococcaceae	g__Phascolarctobacterium_A	s__Phascolarctobacterium_A succinatutens		Phascolarctobacterium sp. YIT 12067 (626939.3)	626939.3	0.0	s__Phascolarctobacterium_A_succinatutens	species
	Human						Literature research	0.0	0.0	Yes	0.0	Host-associated	Human	Unclassified		Gram-		0.0			0.0								s__Phocaeicola_abscessus.json		d__Bacteria	p__Bacteroidota	c__Bacteroidia	o__Bacteroidales	f__Bacteroidaceae	g__Phocaeicola	s__Phocaeicola abscessus		Bacteroidetes oral taxon 274 str. F0058 (575590.3)	575590.3		s__Phocaeicola_abscessus	species
1.0	Mouse	1121094.0		GCF_000613645.1	2517572120.0	Personal communication, Dr. Jan Krumsiek	Personal communication	0.0	0.0	Yes	0.0	Host-associated	Birds	Unclassified	Digestive system	Gram-	Obligate anaerobe	0.0	Nonmotile	0.0	0.0	3621509.0	3156.0	1696150.0	47.0	3059.0	96.93	ftp://ftp.ncbi.nlm.nih.gov/genomes/all/GCF/000/613/645/GCF_000613645.1_ASM61364v1	s__Phocaeicola_barnesiae.json	1121094.0	d__Bacteria	p__Bacteroidota	c__Bacteroidia	o__Bacteroidales	f__Bacteroidaceae	g__Phocaeicola	s__Phocaeicola barnesiae		Bacteroides barnesiae DSM 18169 (1121094.3)	1121094.3		s__Phocaeicola_barnesiae	species
2.0	Human	470145.0		GCF_000154845.1	642791613.0	PMID:20203603; PMID:24861948	AGORA 1.03	0.0	0.0	Yes	0.0	Host-associated	Human	Large intestine	Digestive system	Gram-	Obligate anaerobe	0.0	Nonmotile		0.0	4295617.0	4394.0	1798533.0	42.0	4291.0	97.66	ftp://ftp.ncbi.nlm.nih.gov/genomes/all/GCF/000/154/845/GCF_000154845.1_ASM15484v1	s__Phocaeicola_coprocola.json	470145.0	d__Bacteria	p__Bacteroidota	c__Bacteroidia	o__Bacteroidales	f__Bacteroidaceae	g__Phocaeicola	s__Phocaeicola coprocola		Bacteroides coprocola DSM 17136 (470145.6)	470145.6		s__Phocaeicola_coprocola	species
2.0	Human	547042.0		GCF_000157915.1	2731957552.0	PMID:20203603; PMID:24861948	AGORA 1.03	0.0	0.0	Yes	0.0	0	0	0	0	Gram-	Obligate anaerobe	0.0	0	0.0	0.0	3862488.0	3994.0	1766291.0	46.0	3908.0	97.85	ftp://ftp.ncbi.nlm.nih.gov/genomes/all/GCF/000/157/915/GCF_000157915.1_ASM15791v1	s__Phocaeicola_coprophilus.json	547042.0	d__Bacteria	p__Bacteroidota	c__Bacteroidia	o__Bacteroidales	f__Bacteroidaceae	g__Phocaeicola	s__Phocaeicola coprophilus	0.0	Bacteroides coprophilus DSM 18228 (547042.5)	547042.5	0.0	s__Phocaeicola_coprophilus	species
2.0	Human							0.0	0.0	Yes	0.0	Host-associated	Human			Gram-	Obligate anaerobe	0.0		0.0	0.0				42.0				s__Phocaeicola_dorei.json		d__Bacteria	p__Bacteroidota	c__Bacteroidia	o__Bacteroidales	f__Bacteroidaceae	g__Phocaeicola	s__Phocaeicola dorei				0.0	s__Phocaeicola_dorei	species
2.0	Human	1121098.0		NZ_FQTV01000038		PMID:20203603; PMID:24861948	AGORA 1.03									Gram-	Obligate anaerobe											ftp://ftp.ncbi.nlm.nih.gov/genomes/all/GCF/000/373/085/GCF_000373085.1_ASM37308v1	s__Phocaeicola_massiliensis.json	1121098.0	d__Bacteria	p__Bacteroidota	c__Bacteroidia	o__Bacteroidales	f__Bacteroidaceae	g__Phocaeicola	s__Phocaeicola massiliensis		Bacteroides massiliensis B84634 = Timone 84634 = DSM 17679 = JCM 13223 (1121098.4)	1121098.4		s__Phocaeicola_massiliensis	species
2.0	Human	484018.0		GCF_003458595.1	642979351.0	PMID:20203603; PMID:24861948	AGORA 1.03	0.0	0.0	Yes	0.0	Host-associated	Human	Large intestine	Digestive system	Gram-	Obligate anaerobe	0.0	Nonmotile		0.0	4421324.0	4022.0	1959212.0	44.0	3933.0	97.79	ftp://ftp.ncbi.nlm.nih.gov/genomes/all/GCF/003/458/595/GCF_003458595.1_ASM345859v1	s__Phocaeicola_plebeius.json	484018.0	d__Bacteria	p__Bacteroidota	c__Bacteroidia	o__Bacteroidales	f__Bacteroidaceae	g__Phocaeicola	s__Phocaeicola plebeius		Bacteroides plebeius DSM 17135 (484018.6)	484018.6		s__Phocaeicola_plebeius	species
1.0	Human	667015.0		GCF_000190575.1	649633013.0	PMID:31171880	Literature research	0.0	0.0	Yes	0.0	Host-associated	Birds	Unclassified	Digestive system	Gram-	Obligate anaerobe	0.0	Nonmotile			4308663.0	3838.0	2003128.0	46.0	3737.0	97.37	ftp://ftp.ncbi.nlm.nih.gov/genomes/all/GCF/000/190/575/GCF_000190575.1_ASM19057v1	s__Phocaeicola_salanitronis.json	667015.0	d__Bacteria	p__Bacteroidota	c__Bacteroidia	o__Bacteroidales	f__Bacteroidaceae	g__Phocaeicola	s__Phocaeicola salanitronis		Bacteroides salanitronis DSM 18170 (667015.3)	667015.3		s__Phocaeicola_salanitronis	species
0.0	Mouse	1236515.0	GCF_000614185.1	GCF_000614185.1	2585427920.0	PMID:27670113	Literature research	0.0	0.0	Yes	0.0	0	0	0	0	Gram-	Obligate anaerobe	0.0	Nonmotile	0.0	0.0	5290373.0	5365.0	2318005.0	44.0	5290.0	98.6	ftp://ftp.ncbi.nlm.nih.gov/genomes/all/GCF/000/614/185/GCF_000614185.1_ASM61418v1	s__Phocaeicola_sartorii.json	1236515.0	d__Bacteria	p__Bacteroidota	c__Bacteroidia	o__Bacteroidales	f__Bacteroidaceae	g__Phocaeicola	s__Phocaeicola sartorii					s__Phocaeicola_sartorii	species
	Human							0.0	0.0	Yes	0.0					Gram-	Obligate anaerobe	0.0											s__Phocaeicola_vulgatus.json		d__Bacteria	p__Bacteroidota	c__Bacteroidia	o__Bacteroidales	f__Bacteroidaceae	g__Phocaeicola	s__Phocaeicola vulgatus				0.0	s__Phocaeicola_vulgatus	species
1.0	Human	314292.0	GCF_000153265.1	GCF_000153265.1	638341223.0	PMID:31092280	DAR genome selection	0.0	0.0	Yes	0.0	Environmental	Aquatic	Unclassified	Marine	Gram-	Anaerobe	0.0	Motile	0.0	0.0	5101447.0	4751.0	2024693.0	40.0	4558.0	95.94	ftp://ftp.ncbi.nlm.nih.gov/genomes/all/GCF/000/153/265/GCF_000153265.1_ASM15326v1	s__Photobacterium_angustum.json	314292.0	d__Bacteria	p__Pseudomonadota	c__Gammaproteobacteria	o__Enterobacterales	f__Vibrionaceae	g__Photobacterium	s__Photobacterium angustum		Photobacterium angustum S14 (314292.23)	314292.23		s__Photobacterium_angustum	species
0.0	Human	675817.0		GCF_003130755.1	647000291.0	PMID:31171880	Literature research	0.0	0.0	Yes	0.0	Host-associated	Human	Unclassified	Skin	Gram-	0	0.0	0	0.0	0.0	5046328.0	3751.0	2052411.0	41.0	3528.0	94.05	ftp://ftp.ncbi.nlm.nih.gov/genomes/all/GCF/003/130/755/GCF_003130755.1_ASM313075v1	s__Photobacterium_damselae.json	675817.0	d__Bacteria	p__Pseudomonadota	c__Gammaproteobacteria	o__Enterobacterales	f__Vibrionaceae	g__Photobacterium	s__Photobacterium damselae				0.0	s__Photobacterium_damselae	species
1.0	Human	1001530.0	GCF_000211495.1	GCF_000211495.1	651285004.0	PMID:31092280	DAR genome selection	0.0	0.0	Yes	0.0	Host-associated	Fish	Unclassified	Unclassified	Gram-	0	0.0	0	0.0	0.0	4598918.0	4087.0	1874470.0	41.0	4006.0	98.02	ftp://ftp.ncbi.nlm.nih.gov/genomes/all/GCF/000/211/495/GCF_000211495.1_ASM21149v1	s__Photobacterium_leiognathi.json	1001530.0	d__Bacteria	p__Pseudomonadota	c__Gammaproteobacteria	o__Enterobacterales	f__Vibrionaceae	g__Photobacterium	s__Photobacterium leiognathi		Photobacterium leiognathi subsp. mandapamensis svers.1.1. (1001530.3)	1001530.3	0.0	s__Photobacterium_leiognathi	species
1.0	Human	121723.0	GCF_000153325.1	GCF_000153325.1	638341151.0	PMID:31092280	DAR genome selection	0.0	0.0	Yes	0.0	Environmental	Aquatic	Unclassified	Marine	Gram-	0	0.0	0	0.0	0.0	4946988.0	4734.0	1957151.0	40.0	4567.0	96.47	ftp://ftp.ncbi.nlm.nih.gov/genomes/all/GCF/000/153/325/GCF_000153325.1_ASM15332v1	s__Photobacterium_sp000153325.json	121723.0	d__Bacteria	p__Pseudomonadota	c__Gammaproteobacteria	o__Enterobacterales	f__Vibrionaceae	g__Photobacterium	s__Photobacterium sp000153325		Photobacterium sp. SKA34 (121723.5)	121723.5	0.0	s__Photobacterium_sp000153325	species
0.0	Human	1429883.0		GCF_000826725.2	2639762767.0	https://www.biorxiv.org/content/10.1101/691030v1	Literature research	0.0	0.0	Yes	0.0	0	0	0	0	Gram-	0	0.0	0	0.0	0.0	5243069.0	4834.0	2230329.0	43.0	4741.0	98.08	ftp://ftp.ncbi.nlm.nih.gov/genomes/all/GCF/000/826/725/GCF_000826725.2_ASM82672v2	s__Photorhabdus_akhurstii.json	1429883.0	d__Bacteria	p__Pseudomonadota	c__Gammaproteobacteria	o__Enterobacterales	f__Enterobacteriaceae	g__Photorhabdus	s__Photorhabdus akhurstii	0.0			0.0	s__Photorhabdus_akhurstii	species
0.0	Human	1095768.0		GCF_000321045.1		PMID:25567229	Literature research									Gram-												ftp://ftp.ncbi.nlm.nih.gov/genomes/all/GCF/000/321/045/GCF_000321045.1_ASM32104v2	s__Phytobacter_A_massiliensis.json	1095768.0	d__Bacteria	p__Pseudomonadota	c__Gammaproteobacteria	o__Enterobacterales	f__Enterobacteriaceae	g__Phytobacter_A	s__Phytobacter_A massiliensis	0.0				s__Phytobacter_A_massiliensis	species
0.0	Human	1499687.0	GCF_000821325.1	GCF_000821325.1		PMID:30745586	Literature research									Gram+												ftp.ncbi.nlm.nih.gov/genomes/all/GCF/000/821/325/GCF_000821325.1_PRJEB6479_assembly_1	s__Planococcus_ruber.json	1499687.0	d__Bacteria	p__Bacillota	c__Bacilli	o__Bacillales_A	f__Planococcaceae	g__Planococcus	s__Planococcus ruber					s__Planococcus_ruber	species
	Human							0.0	0.0	Yes	0.0					Gram-	Facultative anaerobe	0.0		0.0	0.0								s__Plesiomonas_shigelloides.json		d__Bacteria	p__Pseudomonadota	c__Gammaproteobacteria	o__Enterobacterales	f__CAMTGL01	g__Plesiomonas	s__Plesiomonas shigelloides	0.0	Plesiomonas shigelloides 302-73 (1315976.3)	1315976.3		s__Plesiomonas_shigelloides	species
2.0	Human							0.0	0.0	Yes	0.0	Host-associated				Gram-	Anaerobe	0.0	Nonmotile	0.0	0.0				52.0		96.9		s__Porphyromonas_asaccharolytica.json		d__Bacteria	p__Bacteroidota	c__Bacteroidia	o__Bacteroidales	f__Porphyromonadaceae	g__Porphyromonas	s__Porphyromonas asaccharolytica					s__Porphyromonas_asaccharolytica	species
2.0	Human	553175.0	GCF_000183605.1	GCF_000174815.1	643886148.0	PMID:20203603; PMID:24861948	AGORA 1.03	0.0	0.0	Yes		Host-associated	Human	Oral	Digestive system	Gram-	Obligate anaerobe		Nonmotile		0.0	2064508.0	2014.0	981104.0	48.0	1965.0	97.57	ftp://ftp.ncbi.nlm.nih.gov/genomes/all/GCF/000/174/815/GCF_000174815.1_ASM17481v1	s__Porphyromonas_endodontalis.json	553175.0	d__Bacteria	p__Bacteroidota	c__Bacteroidia	o__Bacteroidales	f__Porphyromonadaceae	g__Porphyromonas	s__Porphyromonas endodontalis		Porphyromonas endodontalis ATCC 35406 (553175.3)	553175.3		s__Porphyromonas_endodontalis	species
2.0	Human							0.0	0.0	Yes		Host-associated				Gram-	Anaerobe	0.0	Nonmotile						48.0				s__Porphyromonas_gingivalis.json		d__Bacteria	p__Bacteroidota	c__Bacteroidia	o__Bacteroidales	f__Porphyromonadaceae	g__Porphyromonas	s__Porphyromonas gingivalis					s__Porphyromonas_gingivalis	species
0.0	Human	1236526.0	GCF_000614585.1	GCF_000614585.1	2585427888.0	PMID:31275260	Literature research	0.0	0.0	Yes	0.0	0	0	0	0	Gram-	Anaerobe	0.0	0	0.0	0.0	2054250.0	2060.0	877322.0	43.0	2010.0	97.57	ftp://ftp.ncbi.nlm.nih.gov/genomes/all/GCF/000/614/585/GCF_000614585.1_ASM61458v1	s__Porphyromonas_gingivicanis.json	1236526.0	d__Bacteria	p__Bacteroidota	c__Bacteroidia	o__Bacteroidales	f__Porphyromonadaceae	g__Porphyromonas	s__Porphyromonas gingivicanis	0.0			0.0	s__Porphyromonas_gingivicanis	species
0.0	Human	1122976.0		GCF_000482365.1	2528311143.0	PMID:20203603; PMID:24861948	AGORA 1.03	0.0	0.0	Yes	0.0	Host-associated	Human	Unclassified	Unclassified	Gram-	Obligate anaerobe	0.0	0	0.0	0.0	2254407.0	1833.0	1181695.0	53.0	1774.0	96.78	ftp://ftp.ncbi.nlm.nih.gov/genomes/all/GCF/000/482/365/GCF_000482365.1_ASM48236v1	s__Porphyromonas_uenonis.json	1122976.0	d__Bacteria	p__Bacteroidota	c__Bacteroidia	o__Bacteroidales	f__Porphyromonadaceae	g__Porphyromonas	s__Porphyromonas uenonis					s__Porphyromonas_uenonis	species
2.0	Human	596327.0		GCF_000174775.1	643886142.0	PMID:20203603; PMID:24861948	AGORA 1.03	0.0	0.0	Yes	0.0	Host-associated	Human	Vagina	Reproductive system	Gram-	Obligate anaerobe	0.0	0			2242885.0	2027.0	1176523.0	52.0	1977.0	97.53	ftp://ftp.ncbi.nlm.nih.gov/genomes/all/GCF/000/174/775/GCF_000174775.1_ASM17477v1	s__Porphyromonas_uenonis_A.json	596327.0	d__Bacteria	p__Bacteroidota	c__Bacteroidia	o__Bacteroidales	f__Porphyromonadaceae	g__Porphyromonas	s__Porphyromonas uenonis_A		Porphyromonas uenonis 60-3 (596327.3)	596327.3		s__Porphyromonas_uenonis_A	species
1.0	Human	1122971.0	GCF_000375645.1	GCF_000375645.1	2517093003.0	PMID:31171880	Literature research	0.0	0.0	Yes	0.0	Host-associated	Human	Unclassified	Skin	Gram-	Anaerobe	0.0	0	0.0	0.0	2024942.0	1700.0	1140470.0	56.0	1649.0	97.0	ftp://ftp.ncbi.nlm.nih.gov/genomes/all/GCF/000/375/645/GCF_000375645.1_ASM37564v1	s__Porphyromonas_A_bennonis.json	1122971.0	d__Bacteria	p__Bacteroidota	c__Bacteroidia	o__Bacteroidales	f__Porphyromonadaceae	g__Porphyromonas_A	s__Porphyromonas_A bennonis		Porphyromonas bennonis DSM 23058 (1122971.3)	1122971.3	0.0	s__Porphyromonas_A_bennonis	species
2.0	Human	1122975.0	GCF_000007585.1	GCF_000372405.1	2515154109.0	PMID:20203603; PMID:24861948	AGORA 1.03	0.0	0.0	Yes	0.0	Host-associated	Human	Unclassified	Skin	Gram-	Obligate anaerobe	0.0	Nonmotile	0.0	0.0	2358166.0	2076.0	1109642.0	47.0	2010.0	96.82	ftp://ftp.ncbi.nlm.nih.gov/genomes/all/GCF/000/372/405/GCF_000372405.1_ASM37240v1	s__Porphyromonas_A_somerae.json	1122975.0	d__Bacteria	p__Bacteroidota	c__Bacteroidia	o__Bacteroidales	f__Porphyromonadaceae	g__Porphyromonas_A	s__Porphyromonas_A somerae		Porphyromonas somerae DSM 23386 (1122975.3)	1122975.3		s__Porphyromonas_A_somerae	species
	Human							0.0	0.0	Yes						Gram+	Aerobe	0.0		0.0	0.0				69.0				s__Prescottella_equi.json		d__Bacteria	p__Actinomycetota	c__Actinomycetes	o__Mycobacteriales	f__Mycobacteriaceae	g__Prescottella	s__Prescottella equi					s__Prescottella_equi	species
0.0	Human	1122978.0		GCF_000426565.1	2526164514.0	PMID:20203603; PMID:24861948	AGORA 1.03	0.0	0.0	Yes	0.0	Host-associated	Mammals	Foregut	Digestive system	Gram-	Obligate anaerobe	0.0	0	0.0	0.0	2670780.0	2342.0	1100224.0	41.0	2282.0	97.44	ftp://ftp.ncbi.nlm.nih.gov/genomes/all/GCF/000/426/565/GCF_000426565.1_ASM42656v1	s__Prevotella_albensis.json	1122978.0	d__Bacteria	p__Bacteroidota	c__Bacteroidia	o__Bacteroidales	f__Bacteroidaceae	g__Prevotella	s__Prevotella albensis				0.0	s__Prevotella_albensis	species
	Human					PMID:31171880	Literature research	0.0	0.0	Yes	0.0					Gram-	Obligate anaerobe	0.0							36.0				s__Prevotella_amnii.json		d__Bacteria	p__Bacteroidota	c__Bacteroidia	o__Bacteroidales	f__Bacteroidaceae	g__Prevotella	s__Prevotella amnii					s__Prevotella_amnii	species
0.0	Human	1236508.0	GCF_000614025.1	GCF_000614025.1	2565956594.0	https://www.biorxiv.org/content/10.1101/691030v1	Literature research	0.0	0.0	Yes		Host-associated	Animal	Unclassified	Digestive system	Gram-	Obligate anaerobe	0.0	Nonmotile		0.0	3002170.0	2832.0	1169100.0	39.0	2783.0	98.27	ftp://ftp.ncbi.nlm.nih.gov/genomes/all/GCF/000/614/025/GCF_000614025.1_ASM61402v1	s__Prevotella_aurantiaca.json	1236508.0	d__Bacteria	p__Bacteroidota	c__Bacteroidia	o__Bacteroidales	f__Bacteroidaceae	g__Prevotella	s__Prevotella aurantiaca					s__Prevotella_aurantiaca	species
0.0	Human					PMID:31171880	Literature research	0.0	0.0	Yes	0.0	Host-associated	Human	Oral	Digestive system	Gram-	Obligate anaerobe		Nonmotile		0.0				53.0				s__Prevotella_baroniae.json		d__Bacteria	p__Bacteroidota	c__Bacteroidia	o__Bacteroidales	f__Bacteroidaceae	g__Prevotella	s__Prevotella baroniae				0.0	s__Prevotella_baroniae	species
1.0	Human	585502.0		GCF_000160535.1	645951825.0	https://www.biorxiv.org/content/10.1101/691030v1	Literature research	0.0	0.0	Yes	0.0	Host-associated	Human	Unclassified	Skin	Gram-	Obligate anaerobe	0.0	Nonmotile		0.0	3203233.0	2880.0	1525157.0	48.0	2825.0	98.09	ftp://ftp.ncbi.nlm.nih.gov/genomes/all/GCF/000/160/535/GCF_000160535.1_ASM16053v1	s__Prevotella_bergensis.json	585502.0	d__Bacteria	p__Bacteroidota	c__Bacteroidia	o__Bacteroidales	f__Bacteroidaceae	g__Prevotella	s__Prevotella bergensis		Prevotella bergensis DSM 17361 (585502.3)	585502.3		s__Prevotella_bergensis	species
	Human							0.0	0.0	Yes		Host-associated		Unclassified		Gram-	Obligate anaerobe	0.0	Nonmotile		0.0				40.0				s__Prevotella_bivia.json		d__Bacteria	p__Bacteroidota	c__Bacteroidia	o__Bacteroidales	f__Bacteroidaceae	g__Prevotella	s__Prevotella bivia					s__Prevotella_bivia	species
0.0	Human	1408472.0		GCF_000621725.1	2556921667.0	PMID:20203603; PMID:24861948	AGORA 1.03	0.0	0.0	Yes	0.0	Host-associated	Mammals	Foregut	Digestive system	Gram-	Obligate anaerobe	0.0	0	0.0	0.0	3494592.0	2787.0	1701579.0	49.0	2730.0	97.95	ftp://ftp.ncbi.nlm.nih.gov/genomes/all/GCF/000/621/725/GCF_000621725.1_ASM62172v1	s__Prevotella_brevis.json	1408472.0	d__Bacteria	p__Bacteroidota	c__Bacteroidia	o__Bacteroidales	f__Bacteroidaceae	g__Prevotella	s__Prevotella brevis				0.0	s__Prevotella_brevis	species
	Human					PMID:20203603; PMID:24861948	AGORA 1.03	0.0	0.0	Yes	0.0	Host-associated	Mammals	Unclassified	Unclassified	Gram-	Obligate anaerobe	0.0	0	0.0	0.0				39.0				s__Prevotella_bryantii.json		d__Bacteria	p__Bacteroidota	c__Bacteroidia	o__Bacteroidales	f__Bacteroidaceae	g__Prevotella	s__Prevotella bryantii	0.0	Prevotella bryantii B14 (752555.5)	752555.5		s__Prevotella_bryantii	species
2.0	Human							0.0	0.0	Yes	0.0	Host-associated	Human	Oral	Digestive system	Gram-	Obligate anaerobe	0.0	Nonmotile						51.0				s__Prevotella_buccae.json		d__Bacteria	p__Bacteroidota	c__Bacteroidia	o__Bacteroidales	f__Bacteroidaceae	g__Prevotella	s__Prevotella buccae					s__Prevotella_buccae	species
1.0	Human	679190.0		GCF_000177075.1	647000293.0	PMID:31171880	Literature research	0.0	0.0	Yes		Host-associated	Animal	Unclassified	Digestive system	Gram-	Obligate anaerobe	0.0	Nonmotile			3033961.0	2514.0	1374812.0	45.0	2456.0	97.69	ftp://ftp.ncbi.nlm.nih.gov/genomes/all/GCF/000/177/075/GCF_000177075.1_ASM17707v1	s__Prevotella_buccalis.json	679190.0	d__Bacteria	p__Bacteroidota	c__Bacteroidia	o__Bacteroidales	f__Bacteroidaceae	g__Prevotella	s__Prevotella buccalis		Prevotella buccalis ATCC 35310 (679190.3)	679190.3		s__Prevotella_buccalis	species
2.0	Human	1197728.0	GCF_000162455.1	GCF_000312305.1	2551306135.0	PMID:20203603; PMID:24861948	AGORA 1.03	0.0	0.0	Yes	0.0	0	0	0	0	Gram-	Obligate anaerobe	0.0	0	0.0	0.0	3931643.0	3611.0	1846118.0	47.0	3555.0	98.45	ftp://ftp.ncbi.nlm.nih.gov/genomes/all/GCF/000/312/305/GCF_000312305.1_ASM31230v1	s__Prevotella_conceptionensis.json	1197728.0	d__Bacteria	p__Bacteroidota	c__Bacteroidia	o__Bacteroidales	f__Bacteroidaceae	g__Prevotella	s__Prevotella conceptionensis	0.0	Prevotella conceptionensis 9403948 (1197728.3)	1197728.3	0.0	s__Prevotella_conceptionensis	species
0.0	Human	1122981.0		GCF_000430525.1	2523533623.0	PMID:20203603; PMID:24861948	AGORA 1.03	0.0	0.0	Yes	0.0	Host-associated	Human	Unclassified	Reproductive system	Gram-	Obligate anaerobe	0.0	0			2805960.0	2558.0	1234453.0	44.0	2503.0	97.85	ftp://ftp.ncbi.nlm.nih.gov/genomes/all/GCF/000/430/525/GCF_000430525.1_ASM43052v1	s__Prevotella_corporis.json	1122981.0	d__Bacteria	p__Bacteroidota	c__Bacteroidia	o__Bacteroidales	f__Bacteroidaceae	g__Prevotella	s__Prevotella corporis				0.0	s__Prevotella_corporis	species
0.0	Human	1236509.0	GCF_000614065.1	GCF_000614065.1	2585427895.0	https://www.biorxiv.org/content/10.1101/691030v1	Literature research	0.0	0.0	Yes	0.0	0	0	0	0	Gram-	Obligate anaerobe	0.0	0		0.0	2546609.0	2536.0	1287970.0	51.0	2477.0	97.67	ftp://ftp.ncbi.nlm.nih.gov/genomes/all/GCF/000/614/065/GCF_000614065.1_ASM61406v1	s__Prevotella_dentasini.json	1236509.0	d__Bacteria	p__Bacteroidota	c__Bacteroidia	o__Bacteroidales	f__Bacteroidaceae	g__Prevotella	s__Prevotella dentasini	0.0			0.0	s__Prevotella_dentasini	species
	Human							0.0	0.0	Yes	0.0	Host-associated	Human			Gram-	Obligate anaerobe	0.0	Nonmotile						50.0				s__Prevotella_denticola.json		d__Bacteria	p__Bacteroidota	c__Bacteroidia	o__Bacteroidales	f__Bacteroidaceae	g__Prevotella	s__Prevotella denticola					s__Prevotella_denticola	species
	Human		GCF_000193395.1			PMID:20203603; PMID:24861948	AGORA 1.03	0.0	0.0	Yes	0.0					Gram-	Obligate anaerobe	0.0							40.0				s__Prevotella_disiens.json		d__Bacteria	p__Bacteroidota	c__Bacteroidia	o__Bacteroidales	f__Bacteroidaceae	g__Prevotella	s__Prevotella disiens		Prevotella disiens FB035-09AN (866771.4)	866771.4		s__Prevotella_disiens	species
0.0	Human	1235815.0		GCF_000613405.1	2585427897.0	PMID:20203603; PMID:24861948	AGORA 1.03	0.0	0.0	Yes	0.0	0	0	0	0	Gram-	Obligate anaerobe	0.0	0	0.0	0.0	2784020.0	2845.0	1294888.0	47.0	2781.0	97.75	ftp://ftp.ncbi.nlm.nih.gov/genomes/all/GCF/000/613/405/GCF_000613405.1_ASM61340v1	s__Prevotella_enoeca.json	1235815.0	d__Bacteria	p__Bacteroidota	c__Bacteroidia	o__Bacteroidales	f__Bacteroidaceae	g__Prevotella	s__Prevotella enoeca	0.0			0.0	s__Prevotella_enoeca	species
	Human				2513237391.0	PMID:31171880	Literature research	0.0	0.0	Yes	0.0	Host-associated	Human	Oral	Digestive system	Gram-	Obligate anaerobe	0.0			0.0	2987441.0	2535.0	1230250.0	41.0	2479.0	97.79		s__Prevotella_histicola.json		d__Bacteria	p__Bacteroidota	c__Bacteroidia	o__Bacteroidales	f__Bacteroidaceae	g__Prevotella	s__Prevotella histicola		Prevotella histicola F0411 (857291.3)	857291.3		s__Prevotella_histicola	species
	Human					PMID:20203603; PMID:24861948	AGORA 1.03	0.0	0.0	Yes		Host-associated	Human			Gram-	Obligate anaerobe	0.0							43.0				s__Prevotella_intermedia.json		d__Bacteria	p__Bacteroidota	c__Bacteroidia	o__Bacteroidales	f__Bacteroidaceae	g__Prevotella	s__Prevotella intermedia		Prevotella intermedia 17 (246198.10)	246198.1		s__Prevotella_intermedia	species
1.0	Human	563031.0		GCF_000224595.1	2513237323.0	PMID:31275260	Literature research	0.0	0.0	Yes	0.0	Host-associated	Human	Unclassified	Respiratory system	Gram-	Obligate anaerobe	0.0	Nonmotile			3997174.0	3462.0	1671988.0	42.0	3402.0	98.27	ftp://ftp.ncbi.nlm.nih.gov/genomes/all/GCF/000/224/595/GCF_000224595.1_Prevotella_sp_C561_V1	s__Prevotella_jejuni.json	563031.0	d__Bacteria	p__Bacteroidota	c__Bacteroidia	o__Bacteroidales	f__Bacteroidaceae	g__Prevotella	s__Prevotella jejuni		Prevotella sp. C561 (563031.3)	563031.3		s__Prevotella_jejuni	species
1.0	Human	1122985.0		GCF_000613485.1	2588253915.0	PMID:20203603; PMID:24861948	AGORA 1.03	0.0	0.0	Yes	0.0	Host-associated	Human	Oral	Digestive system	Gram-	Obligate anaerobe	0.0	Nonmotile		0.0	3465552.0	3282.0	1615280.0	47.0	3236.0	98.6	ftp://ftp.ncbi.nlm.nih.gov/genomes/all/GCF/000/613/485/GCF_000613485.1_ASM61348v1	s__Prevotella_loescheii.json	1122985.0	d__Bacteria	p__Bacteroidota	c__Bacteroidia	o__Bacteroidales	f__Bacteroidaceae	g__Prevotella	s__Prevotella loescheii	0.0	Prevotella loescheii DSM 19665 = JCM 12249 = ATCC 15930 (1122985.3)	1122985.3		s__Prevotella_loescheii	species
1.0	Human					https://www.biorxiv.org/content/10.1101/691030v1	Literature research	0.0	0.0							Gram-	Obligate anaerobe	0.0		0.0	0.0								s__Prevotella_maculosa.json		d__Bacteria	p__Bacteroidota	c__Bacteroidia	o__Bacteroidales	f__Bacteroidaceae	g__Prevotella	s__Prevotella maculosa	0.0			0.0	s__Prevotella_maculosa	species
2.0	Human	553174.0		GCF_000144405.1	648028051.0	PMID:20203603; PMID:24861948	AGORA 1.03	0.0	0.0	Yes		Host-associated	Human	Oral	Digestive system	Gram-	Obligate anaerobe	0.0	Nonmotile		0.0	3168282.0	2361.0	1298467.0	41.0	2296.0	97.25	ftp://ftp.ncbi.nlm.nih.gov/genomes/all/GCF/000/144/405/GCF_000144405.1_ASM14440v1	s__Prevotella_melaninogenica.json	553174.0	d__Bacteria	p__Bacteroidota	c__Bacteroidia	o__Bacteroidales	f__Bacteroidaceae	g__Prevotella	s__Prevotella melaninogenica		Prevotella melaninogenica ATCC 25845 (553174.6)	553174.6		s__Prevotella_melaninogenica	species
2.0	Human	575612.0	GCF_000144405.1	GCF_000163035.1	647533196.0	Strains of species found in the human gut (PMID:24861948) present in PubSEED	Initial strain selection	0.0	0.0	Yes	0.0	Host-associated	Human	Oral	Digestive system	Gram-	Obligate anaerobe	0.0	Nonmotile			3292341.0	2511.0	1312997.0	41.0	2461.0	98.01	ftp://ftp.ncbi.nlm.nih.gov/genomes/all/GCF/000/163/035/GCF_000163035.1_ASM16303v1	s__Prevotella_melaninogenica_D.json	575612.0	d__Bacteria	p__Bacteroidota	c__Bacteroidia	o__Bacteroidales	f__Bacteroidaceae	g__Prevotella	s__Prevotella melaninogenica_D		Prevotella melaninogenica D18 (575612.3)	575612.3		s__Prevotella_melaninogenica_D	species
1.0	Human					https://www.biorxiv.org/content/10.1101/691030v1	Literature research	0.0	0.0							Gram-	Obligate anaerobe	0.0		0.0	0.0								s__Prevotella_micans.json		d__Bacteria	p__Bacteroidota	c__Bacteroidia	o__Bacteroidales	f__Bacteroidaceae	g__Prevotella	s__Prevotella micans	0.0			0.0	s__Prevotella_micans	species
1.0	Human	888743.0		GCF_000191065.1	649989987.0	PMID:31171880	Literature research	0.0	0.0	Yes	0.0	Host-associated	Animal	Unclassified	Digestive system	Gram-	Obligate anaerobe	0.0	Nonmotile		0.0	3034360.0	2937.0	1566011.0	52.0	2884.0	98.2	ftp://ftp.ncbi.nlm.nih.gov/genomes/all/GCF/000/191/065/GCF_000191065.1_ASM19106v1	s__Prevotella_multiformis.json	888743.0	d__Bacteria	p__Bacteroidota	c__Bacteroidia	o__Bacteroidales	f__Bacteroidaceae	g__Prevotella	s__Prevotella multiformis		Prevotella multiformis DSM 16608 (888743.3)	888743.3		s__Prevotella_multiformis	species
1.0	Human	688246.0		GCF_000218235.1	2503754046.0	PMID:31171880	Literature research	0.0	0.0	Yes	0.0	Host-associated	Human	Oral	Digestive system	Gram-	Obligate anaerobe	0.0	Nonmotile		0.0	3388644.0	2951.0	1636375.0	48.0	2876.0	97.46	ftp://ftp.ncbi.nlm.nih.gov/genomes/all/GCF/000/218/235/GCF_000218235.1_ASM21823v1	s__Prevotella_multisaccharivorax.json	688246.0	d__Bacteria	p__Bacteroidota	c__Bacteroidia	o__Bacteroidales	f__Bacteroidaceae	g__Prevotella	s__Prevotella multisaccharivorax		Prevotella multisaccharivorax DSM 17128 (688246.3)	688246.3		s__Prevotella_multisaccharivorax	species
2.0	Human	1122988.0	GCF_000163035.1	GCF_000379965.1	2514885007.0	PMID:20203603; PMID:24861948	AGORA 1.03	0.0	0.0	Yes	0.0	Host-associated	Human	Blood	Circulatory system	Gram-	Obligate anaerobe		Nonmotile		0.0	2653640.0	2123.0	1017546.0	38.0	2069.0	97.46	ftp://ftp.ncbi.nlm.nih.gov/genomes/all/GCF/000/379/965/GCF_000379965.1_ASM37996v1	s__Prevotella_nanceiensis.json	1122988.0	d__Bacteria	p__Bacteroidota	c__Bacteroidia	o__Bacteroidales	f__Bacteroidaceae	g__Prevotella	s__Prevotella nanceiensis		Prevotella nanceiensis DSM 19126 (1122988.3)	1122988.3		s__Prevotella_nanceiensis	species
2.0	Human							0.0	0.0	Yes	0.0	Host-associated			Digestive system	Gram-	Obligate anaerobe	0.0	Nonmotile		0.0				43.0				s__Prevotella_nigrescens.json		d__Bacteria	p__Bacteroidota	c__Bacteroidia	o__Bacteroidales	f__Bacteroidaceae	g__Prevotella	s__Prevotella nigrescens					s__Prevotella_nigrescens	species
1.0	Human					PMID:31171880	Literature research	0.0	0.0	Yes	0.0	Host-associated	Human	Unclassified		Gram-	Obligate anaerobe	0.0							44.0				s__Prevotella_oris.json		d__Bacteria	p__Bacteroidota	c__Bacteroidia	o__Bacteroidales	f__Bacteroidaceae	g__Prevotella	s__Prevotella oris					s__Prevotella_oris	species
	Human					PMID:31171880	Literature research	0.0	0.0	Yes	0.0	Host-associated	Animal	Unclassified		Gram-	Obligate anaerobe	0.0		0.0	0.0				47.0				s__Prevotella_oulorum.json		d__Bacteria	p__Bacteroidota	c__Bacteroidia	o__Bacteroidales	f__Bacteroidaceae	g__Prevotella	s__Prevotella oulorum	0.0			0.0	s__Prevotella_oulorum	species
2.0	Human	997353.0	GCF_000413355.1	GCF_000220255.1	651324090.0	PMID:20203603; PMID:24861948	AGORA 1.03	0.0	0.0	Yes	0.0	Host-associated	Human	Oral	Digestive system	Gram-	Obligate anaerobe	0.0	Nonmotile		0.0	3047417.0	2908.0	1141614.0	37.0	2860.0	98.35	ftp://ftp.ncbi.nlm.nih.gov/genomes/all/GCF/000/220/255/GCF_000220255.1_ASM22025v1	s__Prevotella_pallens.json	997353.0	d__Bacteria	p__Bacteroidota	c__Bacteroidia	o__Bacteroidales	f__Bacteroidaceae	g__Prevotella	s__Prevotella pallens		Prevotella pallens ATCC 700821 (997353.4)	997353.4		s__Prevotella_pallens	species
2.0	Human							0.0	0.0	Yes	0.0	Host-associated	Human		Digestive system	Gram-	Obligate anaerobe	0.0							45.0				s__Prevotella_phocaeensis.json		d__Bacteria	p__Bacteroidota	c__Bacteroidia	o__Bacteroidales	f__Bacteroidaceae	g__Prevotella	s__Prevotella phocaeensis					s__Prevotella_phocaeensis	species
0.0	Human					PMID:31171880	Literature research	0.0	0.0	Yes	0.0	Host-associated		Unclassified		Gram-	Obligate anaerobe	0.0			0.0				45.0				s__Prevotella_pleuritidis.json		d__Bacteria	p__Bacteroidota	c__Bacteroidia	o__Bacteroidales	f__Bacteroidaceae	g__Prevotella	s__Prevotella pleuritidis	0.0			0.0	s__Prevotella_pleuritidis	species
2.0	Human	264731.0		GCF_000025925.1	646564560.0	PMID:20203603; PMID:24861948	AGORA 1.03	0.0	0.0	Yes		Host-associated	Unclassified	Unclassified	Unclassified	Gram-	Obligate anaerobe	0.0	Nonmotile	0.0	0.0	3619559.0	2830.0	1726006.0	48.0	2763.0	97.63	ftp://ftp.ncbi.nlm.nih.gov/genomes/all/GCF/000/025/925/GCF_000025925.1_ASM2592v1	s__Prevotella_ruminicola.json	264731.0	d__Bacteria	p__Bacteroidota	c__Bacteroidia	o__Bacteroidales	f__Bacteroidaceae	g__Prevotella	s__Prevotella ruminicola		Prevotella ruminicola 23 (264731.4)	264731.4		s__Prevotella_ruminicola	species
2.0	Human	888832.0		GCF_000185845.1	649989989.0	PMID:20203603; PMID:24861948	AGORA 1.03	0.0	0.0	Yes	0.0	Host-associated	Human	Oral	Digestive system	Gram-	Obligate anaerobe	0.0	Nonmotile			3140543.0	2992.0	1299153.0	41.0	2939.0	98.23	ftp://ftp.ncbi.nlm.nih.gov/genomes/all/GCF/000/185/845/GCF_000185845.1_ASM18584v1	s__Prevotella_salivae.json	888832.0	d__Bacteria	p__Bacteroidota	c__Bacteroidia	o__Bacteroidales	f__Bacteroidaceae	g__Prevotella	s__Prevotella salivae		Prevotella salivae DSM 15606 (888832.3)	888832.3		s__Prevotella_salivae	species
1.0	Human	908937.0		GCF_000242335.1	651324087.0	PMID:31171880	Literature research	0.0	0.0	Yes	0.0	Host-associated	Human	Oral	Digestive system	Gram-	Obligate anaerobe	0.0	Nonmotile			3240350.0	2828.0	1817005.0	56.0	2766.0	97.81	ftp://ftp.ncbi.nlm.nih.gov/genomes/all/GCF/000/242/335/GCF_000242335.1_ASM24233v3	s__Prevotella_seregens.json	908937.0	d__Bacteria	p__Bacteroidota	c__Bacteroidia	o__Bacteroidales	f__Bacteroidaceae	g__Prevotella	s__Prevotella seregens		Prevotella dentalis DSM 3688 (908937.4)	908937.4		s__Prevotella_seregens	species
0.0	Human	1122991.0		GCF_003201715.1	2585427909.0	PMID:20203603; PMID:24861948	AGORA 1.03	0.0	0.0	Yes	0.0	0	0	0	0	Gram-	Obligate anaerobe	0.0	0	0.0	0.0	3489881.0	3373.0	1548699.0	44.0	3323.0	98.52	ftp://ftp.ncbi.nlm.nih.gov/genomes/all/GCF/003/201/715/GCF_003201715.1_ASM320171v1	s__Prevotella_shahii.json	1122991.0	d__Bacteria	p__Bacteroidota	c__Bacteroidia	o__Bacteroidales	f__Bacteroidaceae	g__Prevotella	s__Prevotella shahii	0.0			0.0	s__Prevotella_shahii	species
0.0	Human					PMID:31171880	Literature research	0.0	0.0	Yes	0.0	0	0	0	0	Gram-	Obligate anaerobe	0.0	0	0.0	0.0				46.0				s__Prevotella_sp000479005.json		d__Bacteria	p__Bacteroidota	c__Bacteroidia	o__Bacteroidales	f__Bacteroidaceae	g__Prevotella	s__Prevotella sp000479005	0.0			0.0	s__Prevotella_sp000479005	species
2.0	Human	1002367.0		GCF_000235885.1	2513237318.0	PMID:20203603; PMID:24861948	AGORA 1.03	0.0	0.0	Yes		Host-associated	Human	Large intestine	Digestive system	Gram-	Obligate anaerobe	0.0	Nonmotile		0.0	3092669.0	3066.0	1515268.0	49.0	3017.0	98.4	ftp://ftp.ncbi.nlm.nih.gov/genomes/all/GCF/000/235/885/GCF_000235885.1_ASM23588v1	s__Prevotella_stercorea.json	1002367.0	d__Bacteria	p__Bacteroidota	c__Bacteroidia	o__Bacteroidales	f__Bacteroidaceae	g__Prevotella	s__Prevotella stercorea		Prevotella stercorea DSM 18206 (1002367.3)	1002367.3		s__Prevotella_stercorea	species
0.0	Human	1122992.0		GCF_000614005.1	2600255039.0	PMID:20203603; PMID:24861948	AGORA 1.03	0.0	0.0	Yes	0.0	Host-associated	Human	Unclassified	Skin	Gram-	Obligate anaerobe	0.0	0	0.0	0.0	3126388.0	2703.0	1328648.0	42.0	2628.0	97.23	ftp://ftp.ncbi.nlm.nih.gov/genomes/all/GCF/000/614/005/GCF_000614005.1_ASM61400v1	s__Prevotella_timonensis.json	1122992.0	d__Bacteria	p__Bacteroidota	c__Bacteroidia	o__Bacteroidales	f__Bacteroidaceae	g__Prevotella	s__Prevotella timonensis				0.0	s__Prevotella_timonensis	species
2.0	Human	679189.0		GCF_000177055.1	647000295.0	PMID:20203603; PMID:24861948	AGORA 1.03	0.0	0.0	Yes	0.0	Host-associated	Human	Vagina	Reproductive system	Gram-	Obligate anaerobe	0.0	Nonmotile			2796067.0	2260.0	1179956.0	42.0	2202.0	97.43	ftp://ftp.ncbi.nlm.nih.gov/genomes/all/GCF/000/177/055/GCF_000177055.1_ASM17705v1	s__Prevotella_timonensis_A.json	679189.0	d__Bacteria	p__Bacteroidota	c__Bacteroidia	o__Bacteroidales	f__Bacteroidaceae	g__Prevotella	s__Prevotella timonensis_A		Prevotella timonensis CRIS 5C-B1 (679189.3)	679189.3		s__Prevotella_timonensis_A	species
2.0	Human							0.0	0.0	Yes	0.0	Host-associated	Human	Oral	Digestive system	Gram-	Obligate anaerobe	0.0	Nonmotile	0.0	0.0				42.0				s__Prevotella_veroralis.json		d__Bacteria	p__Bacteroidota	c__Bacteroidia	o__Bacteroidales	f__Bacteroidaceae	g__Prevotella	s__Prevotella veroralis					s__Prevotella_veroralis	species
	Human							0.0	0.0	Yes	0.0	0	0	0	0	Gram+	Aerobe	0.0		0.0	0.0								s__Priestia_megaterium.json		d__Bacteria	p__Bacillota	c__Bacilli	o__Bacillales	f__Bacillaceae_H	g__Priestia	s__Priestia megaterium					s__Priestia_megaterium	species
1.0	Human	545693.0	NC_014019	GCF_000025825.1	646564508.0	PMID:31275260	Literature research	0.0	0.0	Yes	0.0	0	0	0	0	Gram+	Aerobe	0.0	Motile	0.0	0.0	5523192.0	5788.0	2094750.0	38.0	5612.0	96.96	ftp://ftp.ncbi.nlm.nih.gov/genomes/all/GCF/000/025/825/GCF_000025825.1_ASM2582v1	s__Priestia_sp003400185.json	545693.0	d__Bacteria	p__Bacillota	c__Bacilli	o__Bacillales	f__Bacillaceae_H	g__Priestia	s__Priestia sp003400185		Bacillus megaterium QM B1551 (545693.3)	545693.3		s__Priestia_sp003400185	species
2.0	Human	1006007.0		GCF_000225265.1	2511231161.0	Strains of species found in the human gut (PMID:24861948) present in PubSEED	Initial strain selection	0.0	0.0	Yes	0.0	0	0	0	0	Gram+	Aerobe	0.0	Motile	0.0	0.0	5075293.0	5423.0	1938135.0	38.0	5274.0	97.25	ftp://ftp.ncbi.nlm.nih.gov/genomes/all/GCF/000/225/265/GCF_000225265.1_ASM22526v1	s__Priestia_zanthoxyli.json	1006007.0	d__Bacteria	p__Bacillota	c__Bacilli	o__Bacillales	f__Bacillaceae_H	g__Priestia	s__Priestia zanthoxyli		Bacillus megaterium WSH-002 (1006007.3)	1006007.3		s__Priestia_zanthoxyli	species
1.0	Human	324057.0		GCF_000023585.1	644736396.0	PMID:31275260	Literature research	0.0	0.0	Yes	0.0	Host-associated	Plants	Unclassified	Unclassified	Gram+	Facultative anaerobe	0.0	0	0.0	0.0	7184930.0	6410.0	3612449.0	50.0	6288.0	98.1	ftp://ftp.ncbi.nlm.nih.gov/genomes/all/GCF/000/023/585/GCF_000023585.1_ASM2358v1	s__Pristimantibacillus_sp000023585.json	324057.0	d__Bacteria	p__Bacillota	c__Bacilli	o__Paenibacillales	f__Paenibacillaceae	g__Pristimantibacillus	s__Pristimantibacillus sp000023585		Paenibacillus sp. JDR-2 (324057.4)	324057.4		s__Pristimantibacillus_sp000023585	species
0.0	Human					https://www.biorxiv.org/content/10.1101/691030v1	Literature research	0.0	0.0	Yes	0.0	Host-associated	Human	Oral	Digestive system	Gram+	Anaerobe		Nonmotile		0.0								s__Propionibacterium_acidifaciens.json		d__Bacteria	p__Actinomycetota	c__Actinomycetes	o__Propionibacteriales	f__Propionibacteriaceae	g__Propionibacterium	s__Propionibacterium acidifaciens					s__Propionibacterium_acidifaciens	species
	Human		GCF_000227295.1					0.0	0.0							Gram+	Anaerobe	0.0		0.0	0.0								s__Propionibacterium_freudenreichii.json		d__Bacteria	p__Actinomycetota	c__Actinomycetes	o__Propionibacteriales	f__Propionibacteriaceae	g__Propionibacterium	s__Propionibacterium freudenreichii	0.0			0.0	s__Propionibacterium_freudenreichii	species
0.0	Human	1522317.0		GCF_000826085.1	2636415533.0	PMID:25567229	Literature research	0.0	0.0	Yes	0.0	0	0	0	0	Gram+	Anaerobe	0.0	0	0.0	0.0	2934258.0	2766.0	2065287.0	70.0	2705.0	97.79	ftp://ftp.ncbi.nlm.nih.gov/genomes/all/GCF/000/826/085/GCF_000826085.1_Nigerium_massiliensis_SIT7	s__Propioniciclava_massiliense.json	1522317.0	d__Bacteria	p__Actinomycetota	c__Actinomycetes	o__Propionibacteriales	f__Propionibacteriaceae	g__Propioniciclava	s__Propioniciclava massiliense	0.0			0.0	s__Propioniciclava_massiliense	species
1.0	Human	1123008.0	GCF_000380985.1	GCF_000380985.1	2518645612.0	https://www.biorxiv.org/content/10.1101/691030v1	Literature research	0.0	0.0	Yes	0.0	Engineered	Wastewater	Unclassified	Unclassified	Gram-	Obligate anaerobe	0.0	Motile	0.0	0.0	4776693.0	3927.0	2060567.0	43.0	3867.0	98.47	ftp://ftp.ncbi.nlm.nih.gov/genomes/all/GCF/000/380/985/GCF_000380985.1_ASM38098v1	s__Proteiniphilum_acetatigenes.json	1123008.0	d__Bacteria	p__Bacteroidota	c__Bacteroidia	o__Bacteroidales	f__Dysgonomonadaceae	g__Proteiniphilum	s__Proteiniphilum acetatigenes		Proteiniphilum acetatigenes DSM 18083 (1123008.3)	1123008.3		s__Proteiniphilum_acetatigenes	species
0.0	Human	1627894.0	GCF_001282625.1	GCF_001282625.1		PMID:30745586	Literature research									Gram-												ftp://ftp.ncbi.nlm.nih.gov/genomes/all/GCF/001/282/625/GCF_001282625.1_Lascolabacillus_massiliensis	s__Proteiniphilum_massiliensis.json	1627894.0	d__Bacteria	p__Bacteroidota	c__Bacteroidia	o__Bacteroidales	f__Dysgonomonadaceae	g__Proteiniphilum	s__Proteiniphilum massiliensis					s__Proteiniphilum_massiliensis	species
2.0	Human							0.0	0.0	Yes	0.0					Gram-	Facultative anaerobe	0.0			0.0				39.0				s__Proteus_mirabilis.json		d__Bacteria	p__Pseudomonadota	c__Gammaproteobacteria	o__Enterobacterales	f__Enterobacteriaceae	g__Proteus	s__Proteus mirabilis					s__Proteus_mirabilis	species
2.0	Human	471881.0	GCF_000297815.1	GCF_000155835.1	643886117.0	PMID:20203603; PMID:24861948	AGORA 1.03	0.0	0.0	Yes		Host-associated	Human	Large intestine	Digestive system	Gram-	Facultative anaerobe	0.0	Motile		0.0	3747729.0	4984.0	1418579.0	38.0	4909.0	98.5	https://www.ncbi.nlm.nih.gov/assembly/GCF_000155835.1	s__Proteus_penneri.json	471881.0	d__Bacteria	p__Pseudomonadota	c__Gammaproteobacteria	o__Enterobacterales	f__Enterobacteriaceae	g__Proteus	s__Proteus penneri		Proteus penneri ATCC 35198 (471881.3)	471881.3		s__Proteus_penneri	species
	Human							0.0	0.0	Yes	0.0	Host-associated				Gram-	Facultative anaerobe	0.0	Motile	0.0	0.0				42.0				s__Providencia_alcalifaciens.json		d__Bacteria	p__Pseudomonadota	c__Gammaproteobacteria	o__Enterobacterales	f__Enterobacteriaceae	g__Providencia	s__Providencia alcalifaciens	0.0			0.0	s__Providencia_alcalifaciens	species
1.0	Human	1141662.0		GCF_000314855.2	2529292851.0	PMID:31275260	Literature research	0.0	0.0	Yes	0.0	Host-associated	Insecta	Unclassified	Unclassified	Gram-	Facultative anaerobe	0.0	Motile	0.0	0.0	4547175.0	3956.0	1776862.0	39.0	3890.0	98.33	ftp://ftp.ncbi.nlm.nih.gov/genomes/all/GCF/000/314/855/GCF_000314855.2_ASM31485v2	s__Providencia_burhodogranariea.json	1141662.0	d__Bacteria	p__Pseudomonadota	c__Gammaproteobacteria	o__Enterobacterales	f__Enterobacteriaceae	g__Providencia	s__Providencia burhodogranariea	0.0	Providencia burhodogranariea DSM 19968 (1141662.3)	1141662.3	0.0	s__Providencia_burhodogranariea	species
2.0	Human	521000.0	GCF_000314835.2	GCF_000158055.1	2562617097.0	PMID:20203603; PMID:24861948	AGORA 1.03	0.0	0.0	Yes		Host-associated	Human	Large intestine	Digestive system	Gram-	Facultative anaerobe	0.0	Motile		0.0	4749568.0	4853.0	1906648.0	40.0	4754.0	97.96	ftp://ftp.ncbi.nlm.nih.gov/genomes/all/GCF/000/158/055/GCF_000158055.1_ASM15805v1	s__Providencia_hangzhouensis.json	521000.0	d__Bacteria	p__Pseudomonadota	c__Gammaproteobacteria	o__Enterobacterales	f__Enterobacteriaceae	g__Providencia	s__Providencia hangzhouensis		Providencia rettgeri DSM 1131 (521000.6)	521000.6		s__Providencia_hangzhouensis	species
0.0	Human	1256991.0	GCF_000527275.1	GCF_000527275.1		PMID:30745586	Literature research									Gram-												ftp://ftp.ncbi.nlm.nih.gov/genomes/all/GCF/000/527/275/GCF_000527275.1_PalPAL1v1.0	s__Providencia_lanzhouensis.json	1256991.0	d__Bacteria	p__Pseudomonadota	c__Gammaproteobacteria	o__Enterobacterales	f__Enterobacteriaceae	g__Providencia	s__Providencia lanzhouensis					s__Providencia_lanzhouensis	species
2.0	Human	1141663.0	GCF_000173415.1	GCF_000314835.2	2597489902.0	Strains of species found in the human gut (PMID:24861948) present in PubSEED	Initial strain selection	0.0	0.0	Yes	0.0	Host-associated	Insecta	Unclassified	Unclassified	Gram-	Facultative anaerobe	0.0	0	0.0	0.0	4332277.0	4120.0	1712358.0	40.0	3993.0	96.92	ftp://ftp.ncbi.nlm.nih.gov/genomes/all/GCF/000/314/835/GCF_000314835.2_ASM31483v2	s__Providencia_rettgeri.json	1141663.0	d__Bacteria	p__Pseudomonadota	c__Gammaproteobacteria	o__Enterobacterales	f__Enterobacteriaceae	g__Providencia	s__Providencia rettgeri	0.0	Providencia rettgeri Dmel1 (1141663.3)	1141663.3		s__Providencia_rettgeri	species
1.0	Human	500637.0	GCF_000158055.1	GCF_000156395.1	642979318.0	PMID:20203603; PMID:24861948	AGORA 1.03	0.0	0.0	Yes	0.0	Host-associated	Human	Large intestine	Digestive system	Gram-	Facultative anaerobe	0.0	Motile		0.0	3896203.0	3926.0	1603059.0	41.0	3856.0	98.22	ftp://ftp.ncbi.nlm.nih.gov/genomes/all/GCF/000/156/395/GCF_000156395.1_ASM15639v1	s__Providencia_rustigianii.json	500637.0	d__Bacteria	p__Pseudomonadota	c__Gammaproteobacteria	o__Enterobacterales	f__Enterobacteriaceae	g__Providencia	s__Providencia rustigianii		Providencia rustigianii DSM 4541 (500637.6)	500637.6		s__Providencia_rustigianii	species
1.0	Human	1141660.0		GCF_000314895.2	2597489903.0	PMID:31275260	Literature research	0.0	0.0	Yes	0.0	Host-associated	Insecta	Unclassified	Unclassified	Gram-	Facultative anaerobe	0.0	Motile	0.0	0.0	3879582.0	3348.0	1352329.0	38.0	3230.0	96.48	ftp://ftp.ncbi.nlm.nih.gov/genomes/all/GCF/000/314/895/GCF_000314895.2_ASM31489v2	s__Providencia_sneebia.json	1141660.0	d__Bacteria	p__Pseudomonadota	c__Gammaproteobacteria	o__Enterobacterales	f__Enterobacteriaceae	g__Providencia	s__Providencia sneebia	0.0	Providencia sneebia DSM 19967 (1141660.3)	1141660.3	0.0	s__Providencia_sneebia	species
2.0	Human							0.0	0.0	Yes		Host-associated				Gram-	Facultative anaerobe	0.0			0.0				41.0				s__Providencia_stuartii.json		d__Bacteria	p__Pseudomonadota	c__Gammaproteobacteria	o__Enterobacterales	f__Enterobacteriaceae	g__Providencia	s__Providencia stuartii					s__Providencia_stuartii	species
0.0	Mouse	1382359.0		GCF_000688455.1	2558860986.0	Personal communication, Dr. Jan Krumsiek	Personal communication	0.0	0.0							Gram-	Obligate aerobe	0.0	0	0.0	0.0							ftp://ftp.ncbi.nlm.nih.gov/genomes/all/GCF/000/688/455/GCF_000688455.1_ASM68845v1	s__Pseudacidobacterium_ailaaui.json	1382359.0	d__Bacteria	p__Acidobacteriota	c__Terriglobia	o__Terriglobales	f__Acidobacteriaceae	g__Pseudacidobacterium	s__Pseudacidobacterium ailaaui	0.0			0.0	s__Pseudacidobacterium_ailaaui	species
1.0	Human	1117313.0		GCF_000238395.3	2775507288.0	https://www.biorxiv.org/content/10.1101/691030v1	Literature research	0.0	0.0	Yes	0.0	Environmental	Unclassified	Unclassified	Unclassified	Gram-	Aerobe	0.0	0	0.0	0.0	4721971.0	4321.0	1849270.0	39.0	4174.0	96.6	ftp://ftp.ncbi.nlm.nih.gov/genomes/all/GCF/000/238/395/GCF_000238395.3_ASM23839v4	s__Pseudoalteromonas_arctica.json	1117313.0	d__Bacteria	p__Pseudomonadota	c__Gammaproteobacteria	o__Enterobacterales	f__Alteromonadaceae	g__Pseudoalteromonas	s__Pseudoalteromonas arctica		Pseudoalteromonas arctica A 37-1-2 (1117313.3)	1117313.3	0.0	s__Pseudoalteromonas_arctica	species
2.0	Human	657324.0		GCF_000209815.1	650377919.0	PMID:20203603; PMID:24861948	AGORA 1.03	0.0	0.0	Yes	0.0	Host-associated	Plants	Unclassified	Unclassified	Gram+	Anaerobe		0			3164379.0	2966.0	1199076.0	38.0	2904.0	97.91	https://www.ncbi.nlm.nih.gov/assembly/GCF_000209815.1/	s__Pseudobutyrivibrio_fibrisolvens_A.json	657324.0	d__Bacteria	p__Bacillota	c__Clostridia	o__Lachnospirales	f__Lachnospiraceae	g__Pseudobutyrivibrio	s__Pseudobutyrivibrio fibrisolvens_A		Butyrivibrio fibrisolvens 16/4 (657324.3)	657324.3		s__Pseudobutyrivibrio_fibrisolvens_A	species
0.0	Human	1280694.0	GCF_000259175.1	GCF_000424305.1	2524614685.0	PMID:20203603; PMID:24861948	AGORA 1.03	0.0	0.0	Yes	0.0	0	0	0	0	Gram+	Anaerobe	0.0	0	0.0	0.0	2912101.0	2640.0	1120335.0	38.0	2577.0	97.61	ftp://ftp.ncbi.nlm.nih.gov/genomes/all/GCF/000/424/305/GCF_000424305.1_ASM42430v1	s__Pseudobutyrivibrio_ruminis_B.json	1280694.0	d__Bacteria	p__Bacillota	c__Clostridia	o__Lachnospirales	f__Lachnospiraceae	g__Pseudobutyrivibrio	s__Pseudobutyrivibrio ruminis_B	0.0			0.0	s__Pseudobutyrivibrio_ruminis_B	species
2.0	Human	411467.0		GCF_000169255.2	640963014.0	PMID:20203603; PMID:24861948	AGORA 1.03	0.0	0.0	Yes		Host-associated	Human	Large intestine	Digestive system	Gram+	Anaerobe	0.0	Nonmotile		0.0	4241853.0	4907.0	2507500.0	59.0	4833.0	98.49	ftp://ftp.ncbi.nlm.nih.gov/genomes/all/GCF/000/169/255/GCF_000169255.2_ASM16925v2	s__Pseudoflavonifractor_capillosus.json	411467.0	d__Bacteria	p__Bacillota	c__Clostridia	o__Oscillospirales	f__Oscillospiraceae	g__Pseudoflavonifractor	s__Pseudoflavonifractor capillosus		Bacteroides capillosus ATCC 29799 (411467.6)	411467.6		s__Pseudoflavonifractor_capillosus	species
2.0	Human	1215915.0		GCF_000327305.1	2600255100.0	PMID:20203603; PMID:24861948	AGORA 1.03	0.0	0.0	Yes	0.0	Engineered	Food production	Unclassified	Unclassified	Gram+	Facultative anaerobe	0.0	0	0.0	0.0	2280761.0	2542.0	881777.0	39.0	2462.0	96.85	ftp://ftp.ncbi.nlm.nih.gov/genomes/all/GCF/000/327/305/GCF_000327305.1_ASM32730v1	s__Pseudolactococcus_laudensis.json	1215915.0	d__Bacteria	p__Bacillota	c__Bacilli	o__Lactobacillales	f__Streptococcaceae	g__Pseudolactococcus	s__Pseudolactococcus laudensis	0.0	Lactococcus raffinolactis 4877 (1215915.3)	1215915.3	0.0	s__Pseudolactococcus_laudensis	species
	Human						Literature research	0.0	0.0							Gram-	Anaerobe	0.0		0.0	0.0								s__Pseudoleptotrichia_goodfellowii.json		d__Bacteria	p__Fusobacteriota	c__Fusobacteriia	o__Fusobacteriales	f__Leptotrichiaceae	g__Pseudoleptotrichia	s__Pseudoleptotrichia goodfellowii	0.0			0.0	s__Pseudoleptotrichia_goodfellowii	species
	Human							0.0	0.0	Yes	0.0					Gram-	Aerobe	0.0			0.0								s__Pseudomonas_aeruginosa.json		d__Bacteria	p__Pseudomonadota	c__Gammaproteobacteria	o__Pseudomonadales	f__Pseudomonadaceae	g__Pseudomonas	s__Pseudomonas aeruginosa					s__Pseudomonas_aeruginosa	species
0.0	Human	1437882.0		GCF_000518065.1	2579779010.0	PMID:20203603; PMID:24861948	AGORA 1.03	0.0	0.0	Yes	0.0	0	0	0	0	Gram-	Aerobe	0.0	0	0.0	0.0	7408198.0	7598.0	4754616.0	64.0	7494.0	98.63	ftp://ftp.ncbi.nlm.nih.gov/genomes/all/GCF/000/518/065/GCF_000518065.1_PseAze1.0	s__Pseudomonas_nitroreducens.json	1437882.0	d__Bacteria	p__Pseudomonadota	c__Gammaproteobacteria	o__Pseudomonadales	f__Pseudomonadaceae	g__Pseudomonas	s__Pseudomonas nitroreducens	0.0			0.0	s__Pseudomonas_nitroreducens	species
2.0	Human	381754.0	GCF_000359565.1	GCF_000017205.1	640753042.0	Strains of species found in the human gut (PMID:24861948) present in PubSEED	Initial strain selection	0.0	0.0	Yes		Host-associated	Unclassified	Unclassified	Unclassified	Gram-	Aerobe	0.0	Motile	0.0	0.0	6588339.0	6396.0	4377914.0	66.0	6294.0	98.41	ftp://ftp.ncbi.nlm.nih.gov/genomes/all/GCF/000/017/205/GCF_000017205.1_ASM1720v1	s__Pseudomonas_paraeruginosa.json	381754.0	d__Bacteria	p__Pseudomonadota	c__Gammaproteobacteria	o__Pseudomonadales	f__Pseudomonadaceae	g__Pseudomonas	s__Pseudomonas paraeruginosa		Pseudomonas aeruginosa PA7 (381754.6)	381754.6		s__Pseudomonas_paraeruginosa	species
2.0	Human	887929.0		GCF_000185505.1	649989993.0	PMID:20203603; PMID:24861948	AGORA 1.03	0.0	0.0	Yes	0.0	Host-associated	Human	Oral	Digestive system	Gram+	0	0.0	0		0.0	2327229.0	2572.0	1201643.0	52.0	2515.0	97.78	ftp://ftp.ncbi.nlm.nih.gov/genomes/all/GCF/000/185/505/GCF_000185505.1_ASM18550v1	s__Pseudoramibacter_alactolyticus.json	887929.0	d__Bacteria	p__Bacillota	c__Clostridia	o__Eubacteriales	f__Eubacteriaceae	g__Pseudoramibacter	s__Pseudoramibacter alactolyticus		Pseudoramibacter alactolyticus ATCC 23263 (887929.3)	887929.3	0.0	s__Pseudoramibacter_alactolyticus	species
1.0	Human	525371.0		GCF_000164635.1	2513237333.0	PMID:31275260	Literature research	0.0	0.0	Yes	0.0	Host-associated	Human	Unclassified	Reproductive system	Gram-	Aerobe	0.0	Motile			4439462.0	4830.0	3197310.0	72.0	4778.0	98.92	ftp://ftp.ncbi.nlm.nih.gov/genomes/all/GCF/000/164/635/GCF_000164635.1_ASM16463v1	s__Pseudoroseomonas_cervicalis.json	525371.0	d__Bacteria	p__Pseudomonadota	c__Alphaproteobacteria	o__Acetobacterales	f__Acetobacteraceae	g__Pseudoroseomonas	s__Pseudoroseomonas cervicalis		Roseomonas cervicalis ATCC 49957 (525371.3)	525371.3		s__Pseudoroseomonas_cervicalis	species
2.0	Human	352165.0		GCF_000177335.1	647000302.0	PMID:20203603; PMID:24861948	AGORA 1.03	0.0	0.0	Yes	0.0	Host-associated	Human	Unclassified	Skin	Gram-	Obligate anaerobe	0.0	Nonmotile		0.0	2562014.0	2815.0	1533128.0	60.0	2756.0	97.9	ftp://ftp.ncbi.nlm.nih.gov/genomes/all/GCF/000/177/335/GCF_000177335.1_ASM17733v1	s__Pyramidobacter_piscolens.json	352165.0	d__Bacteria	p__Synergistota	c__Synergistia	o__Synergistales	f__Dethiosulfovibrionaceae	g__Pyramidobacter	s__Pyramidobacter piscolens		Pyramidobacter piscolens W5455 (352165.3)	352165.3		s__Pyramidobacter_piscolens	species
1.0	Human	1151116.0		GCF_000255535.1	2561511173.0	PMID:31171880	Literature research	0.0	0.0	Yes	0.0	Environmental	Terrestrial	Unclassified	Soil	Gram-	Facultative anaerobe	0.0	0	0.0	0.0	5656799.0	5180.0	2949603.0	52.0	5082.0	98.11	ftp://ftp.ncbi.nlm.nih.gov/genomes/all/GCF/000/255/535/GCF_000255535.1_ASM25553v1	s__Rahnella_aceris.json	1151116.0	d__Bacteria	p__Pseudomonadota	c__Gammaproteobacteria	o__Enterobacterales	f__Enterobacteriaceae	g__Rahnella	s__Rahnella aceris		Rahnella aquatilis HX2 (1151116.3)	1151116.3	0.0	s__Rahnella_aceris	species
1.0	Human	745277.0		GCF_000241955.1		PMID:31171880	Literature research	0.0	0.0							Gram-	Facultative anaerobe	0.0	0	0.0	0.0							ftp://ftp.ncbi.nlm.nih.gov/genomes/all/GCF/000/241/955/GCF_000241955.1_ASM24195v1	s__Rahnella_aquatilis.json	745277.0	d__Bacteria	p__Pseudomonadota	c__Gammaproteobacteria	o__Enterobacterales	f__Enterobacteriaceae	g__Rahnella	s__Rahnella aquatilis	0.0	Rahnella aquatilis CIP 78.65 = ATCC 33071 (745277.3)	745277.3	0.0	s__Rahnella_aquatilis	species
	Human						Literature research	0.0	0.0	Yes	0.0	Host-associated	Human			Gram-		0.0		0.0	0.0				64.0				s__Ralstonia_pickettii.json		d__Bacteria	p__Pseudomonadota	c__Gammaproteobacteria	o__Burkholderiales	f__Burkholderiaceae	g__Ralstonia	s__Ralstonia pickettii					s__Ralstonia_pickettii	species
1.0	Human	1264675.0		GCF_000372665.1		PMID:31171880	Literature research	0.0	0.0							Gram-	Aerobe	0.0	0	0.0	0.0							ftp://ftp.ncbi.nlm.nih.gov/genomes/all/GCF/000/372/665/GCF_000372665.1_RalstonoaPickettii.strain_OR214_v1.0	s__Ralstonia_thomasii.json	1264675.0	d__Bacteria	p__Pseudomonadota	c__Gammaproteobacteria	o__Burkholderiales	f__Burkholderiaceae	g__Ralstonia	s__Ralstonia thomasii	0.0	Ralstonia pickettii OR214 (1264675.3)	1264675.3	0.0	s__Ralstonia_thomasii	species
1.0	Human	1120917.0		GCF_000376245.1	2517572146.0	PMID:31275260	Literature research	0.0	0.0	Yes	0.0	Host-associated	Unclassified	Unclassified	Unclassified	Gram+	Aerobe	0.0	Nonmotile	0.0	0.0	2419519.0	2387.0	1506904.0	62.0	2326.0	97.44	ftp://ftp.ncbi.nlm.nih.gov/genomes/all/GCF/000/376/245/GCF_000376245.1_ASM37624v1	s__Renibacterium_phytoseiuli.json	1120917.0	d__Bacteria	p__Actinomycetota	c__Actinomycetes	o__Actinomycetales	f__Micrococcaceae	g__Renibacterium	s__Renibacterium phytoseiuli		Acaricomes phytoseiuli DSM 14247 (1120917.3)	1120917.3		s__Renibacterium_phytoseiuli	species
0.0	Human	1230389.0	GCF_007992495.1	GCF_007992495.1		https://www.biorxiv.org/content/10.1101/691030v1	Literature research	0.0	0.0							Gram-	0	0.0	0	0.0	0.0							ftp://ftp.ncbi.nlm.nih.gov/genomes/all/GCF/007/992/495/GCF_007992495.1_ASM799249v1	s__Reyranella_soli.json	1230389.0	d__Bacteria	p__Pseudomonadota	c__Alphaproteobacteria	o__Reyranellales	f__Reyranellaceae	g__Reyranella	s__Reyranella soli	0.0			0.0	s__Reyranella_soli	species
1.0	Human	935554.0		GCF_000372305.1	2516653077.0	https://www.biorxiv.org/content/10.1101/691030v1	Literature research	0.0	0.0	Yes	0.0	Host-associated	Plants	Unclassified	Rhizoplane	Gram-	Aerobe		Motile		0.0	7555578.0	7464.0	4607387.0	61.0	7374.0	98.79	ftp://ftp.ncbi.nlm.nih.gov/genomes/all/GCF/000/372/305/GCF_000372305.1_ASM37230v1	s__Rhizobium_acaciae.json	935554.0	d__Bacteria	p__Pseudomonadota	c__Alphaproteobacteria	o__Rhizobiales	f__Rhizobiaceae	g__Rhizobium	s__Rhizobium acaciae		Rhizobium leguminosarum bv. viciae WSM1481 (935554.3)	935554.3		s__Rhizobium_acaciae	species
1.0	Human	936350.0		GCF_000379005.1	2516653085.0	https://www.biorxiv.org/content/10.1101/691030v1	Literature research	0.0	0.0	Yes	0.0	Host-associated	Plants	Unclassified	Rhizoplane	Gram-	Aerobe		Motile		0.0	7346596.0	7193.0	4460987.0	61.0	7109.0	98.83	ftp://ftp.ncbi.nlm.nih.gov/genomes/all/GCF/000/379/005/GCF_000379005.1_ASM37900v1	s__Rhizobium_leguminosarum.json	936350.0	d__Bacteria	p__Pseudomonadota	c__Alphaproteobacteria	o__Rhizobiales	f__Rhizobiaceae	g__Rhizobium	s__Rhizobium leguminosarum		Rhizobium leguminosarum bv. phaseoli 4292 (936350.4)	936350.4		s__Rhizobium_leguminosarum	species
0.0	Human	1408223.0		GCF_000705615.1	2609460209.0	https://www.biorxiv.org/content/10.1101/691030v1	Literature research	0.0	0.0	Yes	0.0	0	0	0	0	Gram-	Aerobe	0.0	0	0.0	0.0	6871922.0	6711.0	4200026.0	61.0	6619.0	98.63	ftp://ftp.ncbi.nlm.nih.gov/genomes/all/GCF/000/705/615/GCF_000705615.1_CCGM1.1	s__Rhizobium_phaseoli.json	1408223.0	d__Bacteria	p__Pseudomonadota	c__Alphaproteobacteria	o__Rhizobiales	f__Rhizobiaceae	g__Rhizobium	s__Rhizobium phaseoli	0.0			0.0	s__Rhizobium_phaseoli	species
0.0	Human	1429046.0		GCF_000517665.1	2576861707.0	PMID:20203603; PMID:24861948	AGORA 1.03	0.0	0.0	Yes	0.0	0	0	0	0	Gram+	Aerobe	0.0	0	0.0	0.0	6472163.0	6035.0	4545744.0	70.0	6033.0	99.97	ftp://ftp.ncbi.nlm.nih.gov/genomes/all/GCF/000/517/665/GCF_000517665.1_Rhodococcus_rhodochrous.strain_ATCC_21198_v1.0	s__Rhodococcus_aetherivorans.json	1429046.0	d__Bacteria	p__Actinomycetota	c__Actinomycetes	o__Mycobacteriales	f__Mycobacteriaceae	g__Rhodococcus	s__Rhodococcus aetherivorans	0.0			0.0	s__Rhodococcus_aetherivorans	species
	Human							0.0	0.0	Yes	0.0					Gram+	Aerobe			0.0	0.0				62.0				s__Rhodococcus_F_erythropolis.json		d__Bacteria	p__Actinomycetota	c__Actinomycetes	o__Mycobacteriales	f__Mycobacteriaceae	g__Rhodococcus_F	s__Rhodococcus_F erythropolis					s__Rhodococcus_F_erythropolis	species
2.0	Human	596309.0		GCF_000174835.1	643886201.0	Strains of species found in the human gut (PMID:24861948) present in PubSEED	Initial strain selection	0.0	0.0	Yes	0.0	Host-associated	Unclassified	Unclassified	Unclassified	Gram+	Aerobe	0.0	Nonmotile		0.0	6785398.0	6767.0	4237481.0	62.0	6713.0	99.2	ftp://ftp.ncbi.nlm.nih.gov/genomes/all/GCF/000/174/835/GCF_000174835.1_ASM17483v1	s__Rhodococcus_F_qingshengii.json	596309.0	d__Bacteria	p__Actinomycetota	c__Actinomycetes	o__Mycobacteriales	f__Mycobacteriaceae	g__Rhodococcus_F	s__Rhodococcus_F qingshengii		Rhodococcus erythropolis SK121 (596309.3)	596309.3		s__Rhodococcus_F_qingshengii	species
0.0	Human	205941.0	GCF_002797685.1	GCF_002797685.1	2728369736.0	https://www.biorxiv.org/content/10.1101/691030v1	Literature research	0.0	0.0	Yes	0.0	Environmental	Aquatic	Unclassified	Marine	Gram+	Aerobe	0.0	0	0.0	0.0	2776536.0	2682.0	1718007.0	62.0	2625.0	97.87	ftp://ftp.ncbi.nlm.nih.gov/genomes/all/GCF/002/797/685/GCF_002797685.1_ASM279768v1	s__Rhodoglobus_amurskyensis.json	205941.0	d__Bacteria	p__Actinomycetota	c__Actinomycetes	o__Actinomycetales	f__Microbacteriaceae	g__Rhodoglobus	s__Rhodoglobus amurskyensis	0.0			0.0	s__Rhodoglobus_amurskyensis	species
0.0	Mouse	880526.0		GCF_000427365.1	2509601020.0	Personal communication, Dr. Jan Krumsiek	Personal communication	0.0	0.0	Yes	0.0	Host-associated	Birds	Unclassified	Digestive system	Gram-	Obligate anaerobe	0.0	Nonmotile	0.0	0.0	2880076.0	2376.0	1641720.0	57.0	2317.0	97.52	ftp://ftp.ncbi.nlm.nih.gov/genomes/all/GCF/000/427/365/GCF_000427365.1_ASM42736v1	s__Rikenella_microfusus.json	880526.0	d__Bacteria	p__Bacteroidota	c__Bacteroidia	o__Bacteroidales	f__Rikenellaceae	g__Rikenella	s__Rikenella microfusus					s__Rikenella_microfusus	species
0.0	Human	1329796.0		GCF_000942395.1		PMID:25567229	Literature research									Gram+	Aerobe											ftp://ftp.ncbi.nlm.nih.gov/genomes/all/GCF/000/942/395/GCF_000942395.1_Pytheasella_massiliensis	s__Risungbinella_massiliensis.json	1329796.0	d__Bacteria	p__Bacillota	c__Bacilli	o__Thermoactinomycetales	f__Thermoactinomycetaceae	g__Risungbinella	s__Risungbinella massiliensis					s__Risungbinella_massiliensis	species
0.0	Human	1034347.0	NZ_HE978511	GCF_000311725.1	2547132161.0	PMID:25567229	Literature research	0.0	0.0	Yes	0.0	Host-associated	Human	Large intestine	Digestive system	Gram+	Aerobe	0.0	Motile		0.0	4895941.0	5009.0	1839707.0	38.0	4903.0	97.88	ftp://ftp.ncbi.nlm.nih.gov/genomes/all/GCF/000/311/725/GCF_000311725.1_ASM31172v1	s__Robertmurraya_massiliosenegalensis.json	1034347.0	d__Bacteria	p__Bacillota	c__Bacilli	o__Bacillales	f__Cytobacillaceae	g__Robertmurraya	s__Robertmurraya massiliosenegalensis					s__Robertmurraya_massiliosenegalensis	species
0.0	Mouse	180332.0		GCF_000797495.1	2833331163.0	Personal communication, Dr. Jan Krumsiek	Personal communication	0.0	0.0	Yes	0.0	Host-associated	Human	Unclassified	Unclassified	Gram+	Anaerobe	0.0	0	0.0	0.0	7202111.0	6079.0	2960907.0	41.0	5951.0	97.89	ftp://ftp.ncbi.nlm.nih.gov/genomes/all/GCF/000/797/495/GCF_000797495.1_ASM79749v1	s__Robinsoniella_peoriensis.json	180332.0	d__Bacteria	p__Bacillota	c__Clostridia	o__Lachnospirales	f__Lachnospiraceae	g__Robinsoniella	s__Robinsoniella peoriensis	0.0			0.0	s__Robinsoniella_peoriensis	species
0.0	Mouse	1122936.0	NZ_KB904040	GCF_000379905.1	2515154191.0	Personal communication, Dr. Jan Krumsiek	Personal communication	0.0	0.0	Yes	0.0	Host-associated	Mammals	Unclassified	Unclassified	Gram-	Facultative	0.0	0			2259784.0	2154.0	898589.0	40.0	2080.0	96.56	ftp://ftp.ncbi.nlm.nih.gov/genomes/all/GCF/000/379/905/GCF_000379905.1_ASM37990v1	s__Rodentibacter_pneumotropicus.json	1122936.0	d__Bacteria	p__Pseudomonadota	c__Gammaproteobacteria	o__Enterobacterales	f__Pasteurellaceae	g__Rodentibacter	s__Rodentibacter pneumotropicus					s__Rodentibacter_pneumotropicus	species
0.0	Mouse	1122142.0		GCF_900107245.1	2593339158.0	Personal communication, Dr. Jan Krumsiek	Personal communication	0.0	0.0	Yes	0.0	0	0	0	0	Gram+	Anaerobe	0.0	Nonmotile			2717066.0	2485.0	849469.0	31.0	2399.0	96.54	ftp://ftp.ncbi.nlm.nih.gov/genomes/all/GCF/900/107/245/GCF_900107245.1_IMG-taxon_2593339158_annotated_assembly	s__Roseburia_bovis.json	1122142.0	d__Bacteria	p__Bacillota	c__Clostridia	o__Lachnospirales	f__Lachnospiraceae	g__Roseburia	s__Roseburia bovis					s__Roseburia_bovis	species
0.0	Mouse					Personal communication, Dr. Jan Krumsiek	Personal communication	0.0	0.0	Yes	0.0	0	0	0	0	Gram+	Anaerobe	0.0	0	0.0	0.0				31.0				s__Roseburia_bovis_A.json		d__Bacteria	p__Bacillota	c__Clostridia	o__Lachnospirales	f__Lachnospiraceae	g__Roseburia	s__Roseburia bovis_A	0.0			0.0	s__Roseburia_bovis_A	species
2.0	Human	585394.0		GCF_000225345.1	2511231128.0	PMID:20203603; PMID:24861948	AGORA 1.03	0.0	0.0	Yes	0.0	Host-associated	Human	Large intestine	Digestive system	Gram+	Anaerobe	0.0	Motile		0.0	3592125.0	3432.0	1742067.0	48.0	3362.0	97.96	ftp://ftp.ncbi.nlm.nih.gov/genomes/all/GCF/000/225/345/GCF_000225345.1_ASM22534v1	s__Roseburia_hominis.json	585394.0	d__Bacteria	p__Bacillota	c__Clostridia	o__Lachnospirales	f__Lachnospiraceae	g__Roseburia	s__Roseburia hominis		Roseburia hominis A2-183 (585394.18)	585394.18		s__Roseburia_hominis	species
2.0	Human							0.0	0.0	Yes	0.0					Gram+	Anaerobe	0.0		0.0	0.0				43.0				s__Roseburia_intestinalis.json		d__Bacteria	p__Bacillota	c__Clostridia	o__Lachnospirales	f__Lachnospiraceae	g__Roseburia	s__Roseburia intestinalis	0.0			0.0	s__Roseburia_intestinalis	species
2.0	Human	622312.0		GCF_000174195.1	643886006.0	PMID:20203603; PMID:24861948	AGORA 1.03	0.0	0.0	Yes	0.0	Host-associated	Human	Large intestine	Digestive system	Gram+	Anaerobe	0.0	Motile		0.0	4048462.0	4476.0	1697447.0	42.0	4415.0	98.64	ftp://ftp.ncbi.nlm.nih.gov/genomes/all/GCF/000/174/195/GCF_000174195.1_ASM17419v1	s__Roseburia_inulinivorans.json	622312.0	d__Bacteria	p__Bacillota	c__Clostridia	o__Lachnospirales	f__Lachnospiraceae	g__Roseburia	s__Roseburia inulinivorans		Roseburia inulinivorans DSM 16841 (622312.4)	622312.4		s__Roseburia_inulinivorans	species
2.0	Human							0.0	0.0	Yes	0.0	Host-associated				Gram+	Anaerobe	0.0	0		0.0				41.0				s__Roseburia_rectalis.json		d__Bacteria	p__Bacillota	c__Clostridia	o__Lachnospirales	f__Lachnospiraceae	g__Roseburia	s__Roseburia rectalis					s__Roseburia_rectalis	species
0.0	Human	1448136.0		GCF_000622225.1	2558309106.0	PMID:20203603; PMID:24861948	AGORA 1.03	0.0	0.0	Yes	0.0	Host-associated	Human	Blood	Circulatory system	Gram-	0	0.0	0		0.0	4864580.0	4509.0	3421543.0	70.0	4440.0	98.47	ftp://ftp.ncbi.nlm.nih.gov/genomes/all/GCF/000/622/225/GCF_000622225.1_ASM62222v1	s__Roseomonas_mucosa.json	1448136.0	d__Bacteria	p__Pseudomonadota	c__Alphaproteobacteria	o__Acetobacterales	f__Acetobacteraceae	g__Roseomonas	s__Roseomonas mucosa	0.0			0.0	s__Roseomonas_mucosa	species
2.0	Human	1125724.0		GCF_000258205.1	2513237283.0	PMID:20203603; PMID:24861948	AGORA 1.03	0.0	0.0	Yes	0.0	Host-associated	Human	Oral	Digestive system	Gram+	Aerobe	0.0	0		0.0	2584293.0	2333.0	1464559.0	57.0	2282.0	97.81	ftp://ftp.ncbi.nlm.nih.gov/genomes/all/GCF/000/258/205/GCF_000258205.1_RaeriaF0474v1.0	s__Rothia_aeria.json	1125724.0	d__Bacteria	p__Actinomycetota	c__Actinomycetes	o__Actinomycetales	f__Micrococcaceae	g__Rothia	s__Rothia aeria		Rothia aeria F0474 (1125724.3)	1125724.3	0.0	s__Rothia_aeria	species
2.0	Human							0.0	0.0	Yes		Host-associated	Human		Digestive system	Gram+	Aerobe	0.0	0						54.0				s__Rothia_dentocariosa.json		d__Bacteria	p__Actinomycetota	c__Actinomycetes	o__Actinomycetales	f__Micrococcaceae	g__Rothia	s__Rothia dentocariosa					s__Rothia_dentocariosa	species
2.0	Human					Strains of species found in the human gut (PMID:24861948) present in PubSEED	Initial strain selection	0.0	0.0	Yes		Host-associated	Human			Gram+	Aerobe	0.0	0										s__Rothia_mucilaginosa.json		d__Bacteria	p__Actinomycetota	c__Actinomycetes	o__Actinomycetales	f__Micrococcaceae	g__Rothia	s__Rothia mucilaginosa					s__Rothia_mucilaginosa	species
2.0	Human	680646.0	GCF_000175615.1	GCF_000011025.1	646311951.0	PMID:20203603; PMID:24861948	AGORA 1.03	0.0	0.0	Yes		Host-associated	Unclassified	Unclassified	Unclassified	Gram+	Aerobe	0.0	0		0.0	2264603.0	1965.0	1350208.0	60.0	1905.0	96.95	ftp://ftp.ncbi.nlm.nih.gov/genomes/all/GCF/000/011/025/GCF_000011025.1_ASM1102v1	s__Rothia_sp001808955.json	680646.0	d__Bacteria	p__Actinomycetota	c__Actinomycetes	o__Actinomycetales	f__Micrococcaceae	g__Rothia	s__Rothia sp001808955		Rothia mucilaginosa DY-18 (680646.3)	680646.3		s__Rothia_sp001808955	species
0.0	Human	1631346.0	GCF_001049895.1	GCF_001049895.1		PMID:30745586	Literature research									Gram-												ftp.ncbi.nlm.nih.gov/genomes/all/GCF/001/049/895/GCF_001049895.1_Rubeoparvulum_massiliensis	s__Rubeoparvulum_massiliense.json	1631346.0	d__Bacteria	p__Bacillota	c__Bacilli	o__Rubeoparvulales	f__Rubeoparvulaceae	g__Rubeoparvulum	s__Rubeoparvulum massiliense					s__Rubeoparvulum_massiliense	species
0.0	Mouse	643560.0		GCF_900175965.1	2505679031.0	Personal communication, Dr. Jan Krumsiek	Personal communication	0.0	0.0	Yes	0.0	Environmental	Aquatic	Unclassified	Thermal springs	Gram+	Aerobe	0.0	Nonmotile	0.0	0.0	3398074.0	3317.0	2260475.0	67.0	3266.0	98.46	ftp://ftp.ncbi.nlm.nih.gov/genomes/all/GCF/900/175/965/GCF_900175965.1_IMG-taxon_2505679031_annotated_assembly	s__Rubrobacter_radiotolerans.json	643560.0	d__Bacteria	p__Actinomycetota	c__Rubrobacteria	o__Rubrobacterales	f__Rubrobacteraceae	g__Rubrobacter	s__Rubrobacter radiotolerans					s__Rubrobacter_radiotolerans	species
0.0	Mouse	909625.0	GCF_000231235.1	GCF_001029505.1		Personal communication, Dr. Jan Krumsiek	Personal communication	0.0	0.0							Gram+	Aerobe	0.0	0	0.0	0.0							ftp://ftp.ncbi.nlm.nih.gov/genomes/all/GCF/001/029/505/GCF_001029505.1_ASM102950v1	s__Rubrobacter_A_aplysinae.json	909625.0	d__Bacteria	p__Actinomycetota	c__Rubrobacteria	o__Rubrobacterales	f__Rubrobacteraceae	g__Rubrobacter_A	s__Rubrobacter_A aplysinae	0.0			0.0	s__Rubrobacter_A_aplysinae	species
2.0	Human	1089547.0	NZ_LEKH01000010	GCF_000383955.1	2517093013.0	PMID:20203603; PMID:24861948	AGORA 1.03	0.0	0.0	Yes	0.0	Environmental	Air	Unclassified	Unclassified	Gram-	Obligate aerobe	0.0	0	0.0	0.0	6546036.0	5356.0	3557073.0	54.0	5307.0	99.09	ftp://ftp.ncbi.nlm.nih.gov/genomes/all/GCF/000/383/955/GCF_000383955.1_ASM38395v1	s__Rudanella_lutea.json	1089547.0	d__Bacteria	p__Bacteroidota	c__Bacteroidia	o__Cytophagales	f__Spirosomataceae	g__Rudanella	s__Rudanella lutea		Rudanella lutea DSM 19387 (1089547.3)	1089547.3	0.0	s__Rudanella_lutea	species
0.0	Human	1121303.0		GCF_000621505.1	2556921656.0	PMID:20203603; PMID:24861948	AGORA 1.03	0.0	0.0	Yes	0.0	Host-associated	Mammals	Foregut	Digestive system	Gram+	Anaerobe	0.0	0			6132222.0	5220.0	2533683.0	41.0	5134.0	98.35	ftp://ftp.ncbi.nlm.nih.gov/genomes/all/GCF/000/621/505/GCF_000621505.1_ASM62150v1	s__Ruminiclostridium_cellobioparum.json	1121303.0	d__Bacteria	p__Bacillota	c__Clostridia	o__Acetivibrionales	f__DSM-1351	g__Ruminiclostridium	s__Ruminiclostridium cellobioparum				0.0	s__Ruminiclostridium_cellobioparum	species
1.0	Mouse	588581.0		GCF_000175795.2	645058763.0	Personal communication, Dr. Jan Krumsiek	Personal communication	0.0	0.0	Yes	0.0	Environmental	Aquatic	Intertidal zone	Marine	Gram+	Anaerobe	0.0	Motile	0.0	0.0	4874336.0	4479.0	1802350.0	37.0	4423.0	98.75	ftp://ftp.ncbi.nlm.nih.gov/genomes/all/GCF/000/175/795/GCF_000175795.2_ASM17579v2	s__Ruminiclostridium_papyrosolvens.json	588581.0	d__Bacteria	p__Bacillota	c__Clostridia	o__Acetivibrionales	f__DSM-1351	g__Ruminiclostridium	s__Ruminiclostridium papyrosolvens		Clostridium papyrosolvens DSM 2782 (588581.3)	588581.3		s__Ruminiclostridium_papyrosolvens	species
0.0	Mouse	1330534.0		GCF_000421965.1	2541047088.0	Personal communication, Dr. Jan Krumsiek	Personal communication	0.0	0.0	Yes	0.0	Environmental	Aquatic	Pond	Freshwater	Gram+	Anaerobe	0.0	0	0.0	0.0	4400934.0	3924.0	1634207.0	37.0	3867.0	98.55	ftp://ftp.ncbi.nlm.nih.gov/genomes/all/GCF/000/421/965/GCF_000421965.1_CpC7	s__Ruminiclostridium_papyrosolvens_A.json	1330534.0	d__Bacteria	p__Bacillota	c__Clostridia	o__Acetivibrionales	f__DSM-1351	g__Ruminiclostridium	s__Ruminiclostridium papyrosolvens_A	0.0			0.0	s__Ruminiclostridium_papyrosolvens_A	species
1.0	Human	755731.0		GCF_000244875.1	2509276051.0	PMID:31275260	Literature research	0.0	0.0	Yes	0.0	0	0	0	0	Gram+	Obligate anaerobe	0.0	Motile	0.0	0.0	4613747.0	4117.0	1718882.0	37.0	4025.0	97.77	ftp://ftp.ncbi.nlm.nih.gov/genomes/all/GCF/000/244/875/GCF_000244875.1_ASM24487v1	s__Ruminiclostridium_sp000244875.json	755731.0	d__Bacteria	p__Bacillota	c__Clostridia	o__Acetivibrionales	f__DSM-1351	g__Ruminiclostridium	s__Ruminiclostridium sp000244875	0.0	Clostridium sp. BNL1100 (755731.4)	755731.4		s__Ruminiclostridium_sp000244875	species
2.0	Human							0.0	0.0	Yes	0.0	Host-associated				Gram+	Anaerobe	0.0	Nonmotile		0.0				45.0				s__Ruminiclostridium_E_siraeum.json		d__Bacteria	p__Bacillota	c__Clostridia	o__Oscillospirales	f__Ruminococcaceae	g__Ruminiclostridium_E	s__Ruminiclostridium_E siraeum					s__Ruminiclostridium_E_siraeum	species
2.0	Human	657321.0		GCF_900291485.1	650377966.0	PMID:20203603; PMID:24861948	AGORA 1.03	0.0	0.0	Yes	0.0	Host-associated	Human	Large intestine	Digestive system	Gram+	Anaerobe		Nonmotile		0.0	2249085.0	1852.0	923349.0	41.0	1811.0	97.79	ftp://ftp.ncbi.nlm.nih.gov/genomes/all/GCF/900/291/485/GCF_900291485.1_R_bromii_L2_63_validated_080218.embl.gz	s__Ruminococcoides_intestinale.json	657321.0	d__Bacteria	p__Bacillota	c__Clostridia	o__Oscillospirales	f__Acutalibacteraceae	g__Ruminococcoides	s__Ruminococcoides intestinale		Ruminococcus bromii L2-63 (657321.5)	657321.5		s__Ruminococcoides_intestinale	species
0.0	Human	1336236.0		GCF_000518765.1	2546825524.0	PMID:20203603; PMID:24861948	AGORA 1.03	0.0	0.0	Yes	0.0	Host-associated	Mammals	Foregut	Digestive system	Gram+	Anaerobe	0.0	0	0.0	0.0	3587803.0	3159.0	1546393.0	43.0	3094.0	97.94	ftp://ftp.ncbi.nlm.nih.gov/genomes/all/GCF/000/518/765/GCF_000518765.1_ASM51876v1	s__Ruminococcus_flavefaciens.json	1336236.0	d__Bacteria	p__Bacillota	c__Clostridia	o__Oscillospirales	f__Ruminococcaceae	g__Ruminococcus	s__Ruminococcus flavefaciens	0.0			0.0	s__Ruminococcus_flavefaciens	species
2.0	Human	641112.0		GCF_000174895.1	645951829.0	PMID:20203603; PMID:24861948	AGORA 1.03	0.0	0.0	Yes	0.0	Host-associated	Mammals	Foregut	Digestive system	Gram+	Anaerobe		Nonmotile			4573608.0	4226.0	2058956.0	45.0	4162.0	98.49	ftp://ftp.ncbi.nlm.nih.gov/genomes/all/GCF/000/174/895/GCF_000174895.1_ASM17489v1	s__Ruminococcus_flavefaciens_A.json	641112.0	d__Bacteria	p__Bacillota	c__Clostridia	o__Oscillospirales	f__Ruminococcaceae	g__Ruminococcus	s__Ruminococcus flavefaciens_A		Ruminococcus flavefaciens FD-1 (641112.4)	641112.4		s__Ruminococcus_flavefaciens_A	species
0.0	Human	411473.0		GCF_000468015.1	2597490297.0	PMID:20203603; PMID:24861948	AGORA 1.03	0.0	0.0	Yes	0.0	Host-associated	Human	Large intestine	Digestive system	Gram+	Anaerobe	0.0	Nonmotile		0.0	3070687.0	2913.0	1507111.0	49.0	2849.0	97.8	ftp://ftp.ncbi.nlm.nih.gov/genomes/all/GCF/000/468/015/GCF_000468015.1_ASM46801v1	s__Ruminococcus_C_callidus.json	411473.0	d__Bacteria	p__Bacillota	c__Clostridia	o__Oscillospirales	f__Ruminococcaceae	g__Ruminococcus_C	s__Ruminococcus_C callidus					s__Ruminococcus_C_callidus	species
2.0	Human	213810.0		GCF_001312825.1	2734481917.0	PMID:20203603; PMID:24861948	AGORA 1.03	0.0	0.0	Yes	0.0	0	0	0	0	Gram+	0	0.0	0	0.0	0.0	2511227.0	3107.0	1340865.0	53.0	3056.0	98.36	ftp://ftp.ncbi.nlm.nih.gov/genomes/all/GCF/001/312/825/GCF_001312825.1_ASM131282v1	s__Ruminococcus_F_champanellensis.json	213810.0	d__Bacteria	p__Bacillota	c__Clostridia	o__Oscillospirales	f__Ruminococcaceae	g__Ruminococcus_F	s__Ruminococcus_F champanellensis	0.0	Ruminococcus sp. 18P13 (213810.4)	213810.4	0.0	s__Ruminococcus_F_champanellensis	species
0.0	Human	1123075.0		GCF_000425525.1	2524023243.0	PMID:20203603; PMID:24861948	AGORA 1.03	0.0	0.0	Yes	0.0	Host-associated	Human	Large intestine	Digestive system	Gram+	Anaerobe	0.0	Nonmotile	0.0	0.0	4096474.0	3918.0	1950036.0	48.0	3808.0	97.19	ftp://ftp.ncbi.nlm.nih.gov/genomes/all/GCF/000/425/525/GCF_000425525.1_ASM42552v1	s__Ruminococcus_G_gauvreauii.json	1123075.0	d__Bacteria	p__Bacillota	c__Clostridia	o__Lachnospirales	f__Lachnospiraceae	g__Ruminococcus_G	s__Ruminococcus_G gauvreauii					s__Ruminococcus_G_gauvreauii	species
1.0	Human	665956.0	GCF_000238635.1	GCF_000238635.1	2513237311.0	PMID:31171880	Literature research	0.0	0.0	Yes	0.0	Host-associated	Human	Unclassified	Digestive system	Gram+	Anaerobe	0.0	Nonmotile		0.0	4205237.0	4163.0	2362612.0	56.0	4105.0	98.61	ftp://ftp.ncbi.nlm.nih.gov/genomes/all/GCF/000/238/635/GCF_000238635.1_Subdol_sp_4_3_54A2FAA_V1	s__Ruthenibacterium_lactatiformans.json	665956.0	d__Bacteria	p__Bacillota	c__Clostridia	o__Oscillospirales	f__Ruminococcaceae	g__Ruthenibacterium	s__Ruthenibacterium lactatiformans		Subdoligranulum sp. 4_3_54A2FAA (665956.3)	665956.3	0.0	s__Ruthenibacterium_lactatiformans	species
2.0	Human	1042156.0		GCF_000270305.1	650716027.0	PMID:20203603; PMID:24861948	AGORA 1.03	0.0	0.0	Yes	0.0	Host-associated	Human	Unclassified	Digestive system	Gram+	Obligate anaerobe	0.0	0			2835737.0	2678.0	1438867.0	51.0	2613.0	97.57	ftp://ftp.ncbi.nlm.nih.gov/genomes/all/GCF/000/270/305/GCF_000270305.1_ASM27030v1	s__SY8519_sp000270305.json	1042156.0	d__Bacteria	p__Bacillota	c__Clostridia	o__Lachnospirales	f__Lachnospiraceae	g__SY8519	s__SY8519 sp000270305		Clostridium sp. SY8519 (1042156.4)	1042156.4	0.0	s__SY8519_sp000270305	species
2.0	Human	273057.0	GCF_000007005.1	GCF_000007005.1	638154518.0	PMID:20203603; PMID:24861948	AGORA 1.03	0.0		Yes	0.0	Environmental	Aquatic	Unclassified	Thermal springs	Gram-	Aerobe		Motile	0.0	0.0	2992245.0	3141.0	1070840.0	36.0	3048.0	97.04	ftp://ftp.ncbi.nlm.nih.gov/genomes/all/GCF/000/007/005/GCF_000007005.1_ASM700v1	s__Saccharolobus_solfataricus.json	273057.0	d__Archaea	p__Thermoproteota	c__Thermoprotei_A	o__Sulfolobales	f__Sulfolobaceae	g__Saccharolobus	s__Saccharolobus solfataricus		Sulfolobus solfataricus P2 (273057.1)	273057.1		s__Saccharolobus_solfataricus	species
2.0	Human	41514.0		GCF_000018625.1		Strains of species found in the human gut (PMID:24861948) present in PubSEED	Initial strain selection	0.0	0.0							Gram-	Facultative anaerobe	0.0	0	0.0	0.0							ftp://ftp.ncbi.nlm.nih.gov/genomes/all/GCF/000/018/625/GCF_000018625.1_ASM1862v1	s__Salmonella_arizonae.json	41514.0	d__Bacteria	p__Pseudomonadota	c__Gammaproteobacteria	o__Enterobacterales	f__Enterobacteriaceae	g__Salmonella	s__Salmonella arizonae	0.0	Salmonella enterica subsp. arizonae serovar 62:z4,z23:-- (41514.7)	41514.7	0.0	s__Salmonella_arizonae	species
	Human					https://www.biorxiv.org/content/10.1101/691030v1	Literature research	0.0	0.0	Yes	0.0					Gram-	Facultative anaerobe	0.0		0.0	0.0				51.0				s__Salmonella_bongori.json		d__Bacteria	p__Pseudomonadota	c__Gammaproteobacteria	o__Enterobacterales	f__Enterobacteriaceae	g__Salmonella	s__Salmonella bongori	0.0			0.0	s__Salmonella_bongori	species
	Human							0.0	0.0							Gram-	Facultative anaerobe	0.0		0.0	0.0								s__Salmonella_enterica.json		d__Bacteria	p__Pseudomonadota	c__Gammaproteobacteria	o__Enterobacterales	f__Enterobacteriaceae	g__Salmonella	s__Salmonella enterica	0.0			0.0	s__Salmonella_enterica	species
2.0	Human					Strains of species found in the human gut (PMID:24861948) present in PubSEED	Initial strain selection	0.0	0.0	Yes	0.0	Host-associated	Human			Gram-	Facultative anaerobe	0.0	Motile		0.0				52.0				s__Salmonella_houtenae.json		d__Bacteria	p__Pseudomonadota	c__Gammaproteobacteria	o__Enterobacterales	f__Enterobacteriaceae	g__Salmonella	s__Salmonella houtenae					s__Salmonella_houtenae	species
0.0	Human	1347366.0		GCF_001403635.1		PMID:25567229	Literature research									Gram+	Obligate anaerobe											ftp://ftp.ncbi.nlm.nih.gov/genomes/all/GCF/001/403/635/GCF_001403635.1_Clostridium_massilioamazoniensis	s__Sarcina_massiliamazoniense.json	1347366.0	d__Bacteria	p__Bacillota	c__Clostridia	o__Clostridiales	f__Clostridiaceae	g__Sarcina	s__Sarcina massiliamazoniense					s__Sarcina_massiliamazoniense	species
0.0	Human	1805472.0	GCF_900091705.1	GCF_900091705.1		PMID:30745586	Literature research									Gram+												ftp.ncbi.nlm.nih.gov/genomes/all/GCF/900/091/705/GCF_900091705.1_PRJEB14542	s__Sarcina_mediterraneense.json	1805472.0	d__Bacteria	p__Bacillota	c__Clostridia	o__Clostridiales	f__Clostridiaceae	g__Sarcina	s__Sarcina mediterraneense					s__Sarcina_mediterraneense	species
	Human						Initial strain selection	0.0	0.0	Yes						Gram+	Obligate anaerobe	0.0	Motile	0.0	0.0								s__Sarcina_perfringens.json		d__Bacteria	p__Bacillota	c__Clostridia	o__Clostridiales	f__Clostridiaceae	g__Sarcina	s__Sarcina perfringens					s__Sarcina_perfringens	species
1.0	Human					PMID:31171880	Literature research	0.0	0.0	Yes	0.0	Host-associated	Human			Gram+	Anaerobe	0.0	Nonmotile	0.0	0.0								s__Scardovia_denticolens.json		d__Bacteria	p__Actinomycetota	c__Actinomycetes	o__Actinomycetales	f__Bifidobacteriaceae	g__Scardovia	s__Scardovia denticolens	0.0			0.0	s__Scardovia_denticolens	species
2.0	Human	641146.0		GCF_000163755.1	647533207.0	PMID:20203603; PMID:24861948	AGORA 1.03	0.0	0.0	Yes	0.0	Host-associated	Human	Oral	Digestive system	Gram+	Anaerobe	0.0	Nonmotile		0.0	1804013.0	1483.0	875293.0	49.0	1432.0	96.56	ftp://ftp.ncbi.nlm.nih.gov/genomes/all/GCF/000/163/755/GCF_000163755.1_ASM16375v1	s__Scardovia_inopinata.json	641146.0	d__Bacteria	p__Actinomycetota	c__Actinomycetes	o__Actinomycetales	f__Bifidobacteriaceae	g__Scardovia	s__Scardovia inopinata		Scardovia inopinata F0304 (641146.3)	641146.3		s__Scardovia_inopinata	species
0.0	Human	857290.0		GCF_000269605.1	2654587871.0	PMID:31171880	Literature research	0.0	0.0	Yes	0.0	Host-associated	Human	Oral	Digestive system	Gram+	Anaerobe	0.0	Nonmotile		0.0	1550817.0	1300.0	820869.0	53.0	1244.0	95.69	ftp://ftp.ncbi.nlm.nih.gov/genomes/all/GCF/000/269/605/GCF_000269605.1_PB_Scar_wigg_F0424_V1	s__Scardovia_wiggsiae.json	857290.0	d__Bacteria	p__Actinomycetota	c__Actinomycetes	o__Actinomycetales	f__Bifidobacteriaceae	g__Scardovia	s__Scardovia wiggsiae		Scardovia wiggsiae F0424 (857290.3)	857290.3	0.0	s__Scardovia_wiggsiae	species
1.0	Human	658655.0		GCF_000218385.1	651324047.0	PMID:31171880	Literature research	0.0	0.0	Yes	0.0	Host-associated	Human	Large intestine	Digestive system	Gram+	Anaerobe	0.0	0		0.0	3227613.0	3249.0	1467417.0	45.0	3191.0	98.21	ftp://ftp.ncbi.nlm.nih.gov/genomes/all/GCF/000/218/385/GCF_000218385.1_Lach_bact_1_4_56FAA_V1	s__Schaedlerella_glycyrrhizinilytica_A.json	658655.0	d__Bacteria	p__Bacillota	c__Clostridia	o__Lachnospirales	f__Lachnospiraceae	g__Schaedlerella	s__Schaedlerella glycyrrhizinilytica_A		Lachnospiraceae bacterium 1_4_56FAA (658655.3)	658655.3	0.0	s__Schaedlerella_glycyrrhizinilytica_A	species
0.0	Human	1123243.0	GCF_900129225.1	GCF_900129225.1	2582581261.0	https://www.biorxiv.org/content/10.1101/691030v1	Literature research	0.0	0.0	Yes	0.0	Host-associated	Mammals	Foregut	Digestive system	Gram-	Anaerobe	0.0	Motile	0.0	0.0	2659575.0	2511.0	1243798.0	47.0	2433.0	96.89	ftp://ftp.ncbi.nlm.nih.gov/genomes/all/GCF/900/129/225/GCF_900129225.1_IMG-taxon_2582581261_annotated_assembly	s__Schwartzia_succinivorans.json	1123243.0	d__Bacteria	p__Bacillota	c__Negativicutes	o__Selenomonadales	f__Selenomonadaceae	g__Schwartzia	s__Schwartzia succinivorans					s__Schwartzia_succinivorans	species
0.0	Human	1499679.0	NZ_LN611417	GCF_000821245.2	2645727753.0	PMID:25567229	Literature research	0.0	0.0	Yes	0.0	0	0	0	0	Gram+	Aerobe	0.0	0	0.0	0.0	3872574.0	3994.0	1658719.0	43.0	3858.0	96.59	ftp://ftp.ncbi.nlm.nih.gov/genomes/all/GCF/000/821/245/GCF_000821245.2_ASM82124v2	s__Sediminibacillus_senegalensis.json	1499679.0	d__Bacteria	p__Bacillota	c__Bacilli	o__Bacillales	f__Amphibacillaceae	g__Sediminibacillus	s__Sediminibacillus senegalensis	0.0			0.0	s__Sediminibacillus_senegalensis	species
0.0	Human	1400522.0	GCF_000511175.1	GCF_000511175.1	2585428137.0	https://www.biorxiv.org/content/10.1101/691030v1	Literature research	0.0	0.0	Yes	0.0	Environmental	Aquatic	Lentic	Freshwater	Gram-	Aerobe	0.0	Motile	0.0	0.0	3189154.0	3014.0	1252565.0	39.0	2964.0	98.34	ftp://ftp.ncbi.nlm.nih.gov/genomes/all/GCF/000/511/175/GCF_000511175.1_ASM51117v1	s__Sediminibacterium_salmoneum.json	1400522.0	d__Bacteria	p__Bacteroidota	c__Bacteroidia	o__Chitinophagales	f__Chitinophagaceae	g__Sediminibacterium	s__Sediminibacterium salmoneum					s__Sediminibacterium_salmoneum	species
1.0	Human	546271.0		GCF_000208405.1	645951802.0	PMID:31171880	Literature research	0.0	0.0	Yes		Host-associated	Human	Oral	Digestive system	Gram-	Anaerobe	0.0	Motile			2553953.0	2710.0	1458799.0	57.0	2647.0	97.68	ftp://ftp.ncbi.nlm.nih.gov/genomes/all/GCF/000/208/405/GCF_000208405.1_ASM20840v1	s__Selenomonas_sputigena.json	546271.0	d__Bacteria	p__Bacillota	c__Negativicutes	o__Selenomonadales	f__Selenomonadaceae	g__Selenomonas	s__Selenomonas sputigena		Selenomonas sputigena ATCC 35185 (546271.5)	546271.5		s__Selenomonas_sputigena	species
0.0	Human	1280706.0	NZ_AUJE01000001	GCF_000424065.1	2524614686.0	PMID:31275260	Literature research	0.0	0.0	Yes	0.0	Host-associated	Mammals	Foregut	Digestive system	Gram-	0	0.0	0	0.0	0.0	3387070.0	3251.0	1628831.0	48.0	3166.0	97.39	ftp://ftp.ncbi.nlm.nih.gov/genomes/all/GCF/000/424/065/GCF_000424065.1_ASM42406v1	s__Selenomonas_A_ruminantium.json	1280706.0	d__Bacteria	p__Bacillota	c__Negativicutes	o__Selenomonadales	f__Selenomonadaceae	g__Selenomonas_A	s__Selenomonas_A ruminantium				0.0	s__Selenomonas_A_ruminantium	species
0.0	Human	1392501.0		GCF_000687995.1	2558860977.0	PMID:20203603; PMID:24861948	AGORA 1.03	0.0	0.0	Yes	0.0	Host-associated	Mammals	Foregut	Digestive system	Gram-	0	0.0	0	0.0	0.0	2831713.0	2659.0	1413156.0	50.0	2560.0	96.28	ftp://ftp.ncbi.nlm.nih.gov/genomes/all/GCF/000/687/995/GCF_000687995.1_ASM68799v1	s__Selenomonas_A_ruminantium_B.json	1392501.0	d__Bacteria	p__Bacillota	c__Negativicutes	o__Selenomonadales	f__Selenomonadaceae	g__Selenomonas_A	s__Selenomonas_A ruminantium_B	0.0			0.0	s__Selenomonas_A_ruminantium_B	species
	Human					PMID:31171880	Literature research	0.0	0.0	Yes	0.0					Gram-	Anaerobe	0.0		0.0	0.0								s__Selenomonas_C_bovis.json		d__Bacteria	p__Bacillota	c__Negativicutes	o__Selenomonadales	f__Selenomonadaceae	g__Selenomonas_C	s__Selenomonas_C bovis	0.0			0.0	s__Selenomonas_C_bovis	species
0.0	Human	1653434.0		GCF_001280875.1	2648501785.0	PMID:31477907	Literature research	0.0	0.0	Yes	0.0	0	0	0	0	Gram+	Anaerobe	0.0	0	0.0	0.0	3185562.0	3107.0	1443581.0	45.0	3029.0	97.49	ftp://ftp.ncbi.nlm.nih.gov/genomes/all/GCF/001/280/875/GCF_001280875.1_ASM128087v1	s__Sellimonas_intestinalis.json	1653434.0	d__Bacteria	p__Bacillota	c__Clostridia	o__Lachnospirales	f__Lachnospiraceae	g__Sellimonas	s__Sellimonas intestinalis	0.0			0.0	s__Sellimonas_intestinalis	species
0.0	Mouse	1034345.0		GCF_000236865.1	2547132148.0	Personal communication, Dr. Jan Krumsiek	Personal communication	0.0	0.0	Yes	0.0	Host-associated	Human	Large intestine	Digestive system	Gram+	Anaerobe	0.0	Motile		0.0	2354438.0	2020.0	1461081.0	62.0	1953.0	96.68	ftp://ftp.ncbi.nlm.nih.gov/genomes/all/GCF/000/236/865/GCF_000236865.1_ASM23686v1	s__Senegalimassilia_anaerobia.json	1034345.0	d__Bacteria	p__Actinomycetota	c__Coriobacteriia	o__Coriobacteriales	f__Eggerthellaceae	g__Senegalimassilia	s__Senegalimassilia anaerobia	0.0			0.0	s__Senegalimassilia_anaerobia	species
1.0	Human	273526.0		GCF_000513215.1	2585427672.0	PMID:20203603; PMID:24861948	AGORA 1.03	0.0	0.0	Yes		Host-associated	Unclassified	Unclassified	Unclassified	Gram-	Facultative anaerobe	0.0	Motile			5113802.0	4819.0	3043307.0	60.0	4709.0	97.72	ftp://ftp.ncbi.nlm.nih.gov/genomes/all/GCF/000/513/215/GCF_000513215.1_DB11	s__Serratia_bockelmannii.json	273526.0	d__Bacteria	p__Pseudomonadota	c__Gammaproteobacteria	o__Enterobacterales	f__Enterobacteriaceae	g__Serratia	s__Serratia bockelmannii		Serratia marcescens Db11 (615.1)	615.1		s__Serratia_bockelmannii	species
0.0	Human	1346614.0		GCF_000422085.1	2563366574.0	PMID:20203603; PMID:24861948	AGORA 1.03	0.0	0.0	Yes	0.0	0	0	0	0	Gram-	Facultative anaerobe	0.0	0	0.0	0.0	5282719.0	5003.0	2922902.0	55.0	4894.0	97.82	ftp://ftp.ncbi.nlm.nih.gov/genomes/all/GCF/000/422/085/GCF_000422085.1_ASM42208v1	s__Serratia_liquefaciens.json	1346614.0	d__Bacteria	p__Pseudomonadota	c__Gammaproteobacteria	o__Enterobacterales	f__Enterobacteriaceae	g__Serratia	s__Serratia liquefaciens	0.0			0.0	s__Serratia_liquefaciens	species
1.0	Human	1162294.0	NZ_JH670250	GCF_000264275.1	2548876920.0	PMID:31275260	Literature research	0.0	0.0	Yes		Host-associated	Human	Unclassified	Unclassified	Gram-	Facultative anaerobe	0.0	Motile	0.0	0.0	5018857.0	4791.0	2997423.0	60.0	4636.0	96.76	ftp://ftp.ncbi.nlm.nih.gov/genomes/all/GCF/000/264/275/GCF_000264275.1_ASM26427v1	s__Serratia_marcescens.json	1162294.0	d__Bacteria	p__Pseudomonadota	c__Gammaproteobacteria	o__Enterobacterales	f__Enterobacteriaceae	g__Serratia	s__Serratia marcescens	0.0	Serratia marcescens LCT-SM213 (1162294.5)	1162294.5		s__Serratia_marcescens	species
1.0	Human	435998.0	NC_020211	GCF_000336425.1	2540341169.0	PMID:31275260	Literature research	0.0	0.0	Yes	0.0	Engineered	Wastewater	Unclassified	Unclassified	Gram-	Facultative anaerobe	0.0	0	0.0	0.0	5241455.0	4907.0	3121514.0	60.0	4806.0	97.94	https://www.ncbi.nlm.nih.gov/assembly/GCF_000336425.1	s__Serratia_nematodiphila.json	435998.0	d__Bacteria	p__Pseudomonadota	c__Gammaproteobacteria	o__Enterobacterales	f__Enterobacteriaceae	g__Serratia	s__Serratia nematodiphila		Serratia marcescens WW4 (435998.3)	435998.3		s__Serratia_nematodiphila	species
0.0	Human				2731957709.0		Literature research	0.0	0.0	Yes	0.0	0	0	0	0	Gram-	Facultative anaerobe	0.0	0	0.0	0.0	4954983.0	4637.0	2938266.0	59.0	4495.0	96.94		s__Serratia_B_rubidaea.json		d__Bacteria	p__Pseudomonadota	c__Gammaproteobacteria	o__Enterobacterales	f__Enterobacteriaceae	g__Serratia_B	s__Serratia_B rubidaea	0.0			0.0	s__Serratia_B_rubidaea	species
1.0	Human	667129.0		GCF_000163595.1	647000312.0	PMID:31275260	Literature research	0.0	0.0	Yes	0.0	Host-associated	Animal	Unclassified	Respiratory system	Gram-	Facultative anaerobe	0.0	Motile			5125678.0	5222.0	2874647.0	56.0	5121.0	98.07	ftp://ftp.ncbi.nlm.nih.gov/genomes/all/GCF/000/163/595/GCF_000163595.1_ASM16359v1	s__Serratia_F_odorifera.json	667129.0	d__Bacteria	p__Pseudomonadota	c__Gammaproteobacteria	o__Enterobacterales	f__Enterobacteriaceae	g__Serratia_F	s__Serratia_F odorifera		Serratia odorifera DSM 4582 (667129.3)	667129.3		s__Serratia_F_odorifera	species
1.0	Human	458817.0	GCF_000019185.1	GCF_000019185.1	641522648.0	PMID:31092280	DAR genome selection	0.0	0.0	Yes	0.0	Environmental	Aquatic	Oceanic	Marine	Gram-	Facultative		Motile	0.0	0.0	5226917.0	4462.0	2330728.0	45.0	4306.0	96.5	ftp://ftp.ncbi.nlm.nih.gov/genomes/all/GCF/000/019/185/GCF_000019185.1_ASM1918v1	s__Shewanella_halifaxensis.json	458817.0	d__Bacteria	p__Pseudomonadota	c__Gammaproteobacteria	o__Enterobacterales	f__Shewanellaceae	g__Shewanella	s__Shewanella halifaxensis		Shewanella halifaxensis HAW-EB4 (458817.8)	458817.8		s__Shewanella_halifaxensis	species
1.0	Human	392500.0	GCF_000019525.1	GCF_000019525.1	641522649.0	PMID:31092280	DAR genome selection	0.0	0.0	Yes	0.0	Host-associated	Mollusca	Unclassified	Unclassified	Gram-	Facultative	0.0	Motile	0.0	0.0	5935403.0	5085.0	2593830.0	44.0	4923.0	96.81	ftp://ftp.ncbi.nlm.nih.gov/genomes/all/GCF/000/019/525/GCF_000019525.1_ASM1952v1	s__Shewanella_woodyi.json	392500.0	d__Bacteria	p__Pseudomonadota	c__Gammaproteobacteria	o__Enterobacterales	f__Shewanellaceae	g__Shewanella	s__Shewanella woodyi		Shewanella woodyi ATCC 51908 (392500.6)	392500.6		s__Shewanella_woodyi	species
2.0	Human	66692.0	GCF_000181595.1	GCF_000009825.1	637000019.0	PMID:20203603; PMID:24861948	AGORA 1.03	0.0	0.0	Yes	0.0	Environmental	Terrestrial	Unclassified	Soil	Gram+	Aerobe	0.0	Motile	0.0	0.0	4303871.0	4261.0	1926125.0	45.0	4105.0	96.34	ftp://ftp.ncbi.nlm.nih.gov/genomes/all/GCF/000/009/825/GCF_000009825.1_ASM982v1	s__Shouchella_rhizosphaerae.json	66692.0	d__Bacteria	p__Bacillota	c__Bacilli	o__Bacillales	f__Bacillaceae_D	g__Shouchella	s__Shouchella rhizosphaerae		Bacillus clausii KSM-K16 (66692.6)	66692.6		s__Shouchella_rhizosphaerae	species
1.0	Mouse	626523.0		GCF_000160115.1	643886070.0	Personal communication, Dr. Jan Krumsiek	Personal communication	0.0	0.0	Yes	0.0	Host-associated	Human	Oral	Digestive system	Gram+	Anaerobe	0.0	Nonmotile			2168977.0	2321.0	1112443.0	51.0	2261.0	97.41	ftp://ftp.ncbi.nlm.nih.gov/genomes/all/GCF/000/160/115/GCF_000160115.1_ASM16011v1	s__Shuttleworthia_satelles.json	626523.0	d__Bacteria	p__Bacillota	c__Clostridia	o__Lachnospirales	f__Lachnospiraceae	g__Shuttleworthia	s__Shuttleworthia satelles		Shuttleworthia satelles DSM 14600 (626523.3)	626523.3		s__Shuttleworthia_satelles	species
0.0	Human	1123253.0		GCF_000429065.1	2524614862.0	PMID:20203603; PMID:24861948	AGORA 1.03	0.0	0.0	Yes	0.0	Environmental	Aquatic	Unclassified	Thermal springs	Gram-	Aerobe	0.0	Motile	0.0	0.0	2647044.0	2455.0	1879926.0	71.0	2392.0	97.43	ftp://ftp.ncbi.nlm.nih.gov/genomes/all/GCF/000/429/065/GCF_000429065.1_ASM42906v1	s__Silanimonas_lenta.json	1123253.0	d__Bacteria	p__Pseudomonadota	c__Gammaproteobacteria	o__Xanthomonadales	f__Xanthomonadaceae	g__Silanimonas	s__Silanimonas lenta					s__Silanimonas_lenta	species
2.0	Human	1121090.0		GCF_000374565.1	2517572148.0	PMID:20203603; PMID:24861948	AGORA 1.03	0.0	0.0	Yes	0.0	Engineered	Food production	Unclassified	Dairy products	Gram+	Obligate aerobe	0.0	Motile	0.0	0.0	4511199.0	4460.0	1858706.0	41.0	4358.0	97.71	ftp://ftp.ncbi.nlm.nih.gov/genomes/all/GCF/000/374/565/GCF_000374565.1_ASM37456v1	s__Siminovitchia_fordii.json	1121090.0	d__Bacteria	p__Bacillota	c__Bacilli	o__Bacillales	f__Bacillaceae_C	g__Siminovitchia	s__Siminovitchia fordii		Bacillus fordii DSM 16014 (1121090.3)	1121090.3		s__Siminovitchia_fordii	species
0.0	Mouse	933926.0	GCF_003752585.1	GCF_003752585.1	2788499881.0	Personal communication, Dr. Jan Krumsiek	Personal communication	0.0	0.0	Yes	0.0	Environmental	Aquatic	Unclassified	Marine	Gram-	Aerobe	0.0	0	0.0	0.0	4398449.0	3940.0	2198003.0	50.0	3861.0	97.99	ftp://ftp.ncbi.nlm.nih.gov/genomes/all/GCF/003/752/585/GCF_003752585.1_ASM375258v1	s__Sinobacterium_caligoides.json	933926.0	d__Bacteria	p__Pseudomonadota	c__Gammaproteobacteria	o__Pseudomonadales	f__Sinobacteriaceae	g__Sinobacterium	s__Sinobacterium caligoides	0.0			0.0	s__Sinobacterium_caligoides	species
0.0	Human	498718.0	GCF_003725995.1	GCF_003725995.1		https://www.biorxiv.org/content/10.1101/691030v1	Literature research	0.0	0.0							Gram+	Anaerobe	0.0	0	0.0	0.0							ftp://ftp.ncbi.nlm.nih.gov/genomes/all/GCF/003/725/995/GCF_003725995.1_ASM372599v1	s__Slackia_equolifaciens.json	498718.0	d__Bacteria	p__Actinomycetota	c__Coriobacteriia	o__Coriobacteriales	f__Eggerthellaceae	g__Slackia	s__Slackia equolifaciens	0.0			0.0	s__Slackia_equolifaciens	species
2.0	Human	649764.0		GCF_000162875.1	645951837.0	PMID:20203603; PMID:24861948	AGORA 1.03	0.0	0.0	Yes	0.0	Host-associated	Human	Oral	Digestive system	Gram+	Anaerobe	0.0	Nonmotile		0.0	2094589.0	2086.0	1301819.0	62.0	2029.0	97.27	ftp://ftp.ncbi.nlm.nih.gov/genomes/all/GCF/000/162/875/GCF_000162875.1_ASM16287v1	s__Slackia_exigua.json	649764.0	d__Bacteria	p__Actinomycetota	c__Coriobacteriia	o__Coriobacteriales	f__Eggerthellaceae	g__Slackia	s__Slackia exigua		Slackia exigua ATCC 700122 (649764.3)	649764.3		s__Slackia_exigua	species
0.0	Human	255723.0	GCF_003725295.1	GCF_003725295.1		https://www.biorxiv.org/content/10.1101/691030v1	Literature research	0.0	0.0							Gram+	Anaerobe	0.0	0	0.0	0.0							ftp://ftp.ncbi.nlm.nih.gov/genomes/all/GCF/003/725/295/GCF_003725295.1_ASM372529v1	s__Slackia_faecicanis.json	255723.0	d__Bacteria	p__Actinomycetota	c__Coriobacteriia	o__Coriobacteriales	f__Eggerthellaceae	g__Slackia	s__Slackia faecicanis	0.0			0.0	s__Slackia_faecicanis	species
2.0	Human	742818.0		GCF_000296445.1	2529292933.0	PMID:20203603; PMID:24861948	AGORA 1.03	0.0	0.0	Yes	0.0	Host-associated	Human	Large intestine	Digestive system	Gram+	Anaerobe	0.0	Nonmotile			2100457.0	1863.0	1211617.0	58.0	1799.0	96.56	ftp://ftp.ncbi.nlm.nih.gov/genomes/all/GCF/000/296/445/GCF_000296445.1_Slac_piri_YIT_12062_V1	s__Slackia_piriformis.json	742818.0	d__Bacteria	p__Actinomycetota	c__Coriobacteriia	o__Coriobacteriales	f__Eggerthellaceae	g__Slackia	s__Slackia piriformis		Slackia piriformis YIT 12062 (742818.3)	742818.3		s__Slackia_piriformis	species
0.0	Human	40543.0	GCF_001517935.1	GCF_001517935.1	2728369525.0	https://www.biorxiv.org/content/10.1101/691030v1	Literature research	0.0	0.0	Yes	0.0	0	0	0	0	Gram-	0	0.0	0	0.0	0.0	1284104.0	1256.0	343176.0	27.0	1212.0	96.5	https://www.ncbi.nlm.nih.gov/assembly/GCF_001517935.1/	s__Sneathia_sanguinegens.json	40543.0	d__Bacteria	p__Fusobacteriota	c__Fusobacteriia	o__Fusobacteriales	f__Leptotrichiaceae	g__Sneathia	s__Sneathia sanguinegens	0.0			0.0	s__Sneathia_sanguinegens	species
0.0	Human	187101.0	GCF_000973085.1	GCA_000973085.1		species in vaginal microbiome	Personal communication									Gram-	Aerotolerant											https://www.ncbi.nlm.nih.gov/assembly/GCF_000973085.1/	s__Sneathia_vaginalis.json	187101.0	d__Bacteria	p__Fusobacteriota	c__Fusobacteriia	o__Fusobacteriales	f__Leptotrichiaceae	g__Sneathia	s__Sneathia vaginalis					s__Sneathia_vaginalis	species
0.0	Human	1211843.0		GCF_000820765.1	2639762831.0	PMID:29793532	Literature research	0.0	0.0	Yes	0.0	0	0	0	0	Gram+	0	0.0	0	0.0	0.0	3098593.0	2472.0	1647157.0	53.0	2417.0	97.78	ftp://ftp.ncbi.nlm.nih.gov/genomes/all/GCF/000/820/765/GCF_000820765.1_Arquibacterium_massiliensis_AP7	s__Soleaferrea_massiliensis.json	1211843.0	d__Bacteria	p__Bacillota	c__Clostridia	o__Oscillospirales	f__Ruminococcaceae	g__Soleaferrea	s__Soleaferrea massiliensis	0.0			0.0	s__Soleaferrea_massiliensis	species
0.0	Human	1346330.0		GCF_000416985.1	2579779088.0	PMID:20203603; PMID:24861948	AGORA 1.03	0.0	0.0	Yes	0.0	Host-associated	Animal	Unclassified	Unclassified	Gram-	0	0.0	0	0.0	0.0	5126359.0	4432.0	2094393.0	41.0	4346.0	98.06	ftp://ftp.ncbi.nlm.nih.gov/genomes/all/GCF/000/416/985/GCF_000416985.1_23.k55	s__Sphingobacterium_paucimobilis.json	1346330.0	d__Bacteria	p__Bacteroidota	c__Bacteroidia	o__Sphingobacteriales	f__Sphingobacteriaceae	g__Sphingobacterium	s__Sphingobacterium paucimobilis	0.0			0.0	s__Sphingobacterium_paucimobilis	species
0.0	Human	1223534.0	GCF_001591305.1	GCF_001591305.1	2731957645.0	https://www.biorxiv.org/content/10.1101/691030v1	Literature research	0.0	0.0	Yes	0.0	Environmental	Aquatic	Lotic	Freshwater	Gram-	0	0.0	0	0.0	0.0	4535760.0	4460.0	2936856.0	65.0	4397.0	98.59	ftp://ftp.ncbi.nlm.nih.gov/genomes/all/GCF/001/591/305/GCF_001591305.1_ASM159130v1	s__Sphingobium_amiense.json	1223534.0	d__Bacteria	p__Pseudomonadota	c__Alphaproteobacteria	o__Sphingomonadales	f__Sphingomonadaceae	g__Sphingobium	s__Sphingobium amiense				0.0	s__Sphingobium_amiense	species
0.0	Mouse	1276246.0		GCF_000565175.1	2558860239.0	Personal communication, Dr. Jan Krumsiek	Personal communication	0.0	0.0	Yes	0.0	Host-associated	Insecta	Unclassified	Unclassified	Gram-	0	0.0	0	0.0	0.0	1175131.0	1103.0	309783.0	26.0	1071.0	97.1	ftp://ftp.ncbi.nlm.nih.gov/genomes/all/GCF/000/565/175/GCF_000565175.1_ASM56517v1	s__Spiroplasma_A_culicicola.json	1276246.0	d__Bacteria	p__Bacillota_I	c__Bacilli_A	o__Mycoplasmatales	f__Mycoplasmataceae	g__Spiroplasma_A	s__Spiroplasma_A culicicola				0.0	s__Spiroplasma_A_culicicola	species
2.0	Human	504472.0		GCF_000024525.1	646311954.0	PMID:20203603; PMID:24861948	AGORA 1.03	0.0	0.0	Yes	0.0	Environmental	Aquatic	Drinking water	Freshwater	Gram-	Aerobe	0.0	Nonmotile	0.0	0.0	8491258.0	7130.0	4258276.0	50.0	7067.0	99.12	https://www.ncbi.nlm.nih.gov/assembly/GCF_000024525.1/	s__Spirosoma_linguale.json	504472.0	d__Bacteria	p__Bacteroidota	c__Bacteroidia	o__Cytophagales	f__Spirosomataceae	g__Spirosoma	s__Spirosoma linguale		Spirosoma linguale DSM 74 (504472.7)	504472.7		s__Spirosoma_linguale	species
0.0	Mouse	1123282.0		GCF_900130065.1	2585428085.0	Personal communication, Dr. Jan Krumsiek	Personal communication	0.0	0.0	Yes	0.0	Host-associated	Insecta	Unclassified	Digestive system	Gram+	Obligate anaerobe	0.0	Nonmotile		0.0	4198214.0	3867.0	2376253.0	57.0	3793.0	98.09	ftp://ftp.ncbi.nlm.nih.gov/genomes/all/GCF/900/130/065/GCF_900130065.1_IMG-taxon_2585428085_annotated_assembly	s__Sporobacter_termitidis.json	1123282.0	d__Bacteria	p__Bacillota	c__Clostridia	o__Oscillospirales	f__Oscillospiraceae	g__Sporobacter	s__Sporobacter termitidis					s__Sporobacter_termitidis	species
2.0	Human	985002.0		GCF_001061465.1		Strains of species found in the human gut (PMID:24861948) present in PubSEED	Initial strain selection	0.0	0.0							Gram+	Facultative anaerobe	0.0	0	0.0	0.0							ftp://ftp.ncbi.nlm.nih.gov/genomes/all/GCF/001/061/465/GCF_001061465.1_ASM106146v1	s__Staphylococcus_argenteus.json	985002.0	d__Bacteria	p__Bacillota	c__Bacilli	o__Staphylococcales	f__Staphylococcaceae	g__Staphylococcus	s__Staphylococcus argenteus	0.0	Staphylococcus aureus subsp. aureus MSHR1132 (985002.3)	985002.3	0.0	s__Staphylococcus_argenteus	species
2.0	Human	1212545.0		GCF_000295715.1	2519899588.0	PMID:20203603; PMID:24861948	AGORA 1.03	0.0	0.0	Yes	0.0	Host-associated	Human	Blood	Circulatory system	Gram+	Facultative anaerobe	0.0	0	0.0	0.0	2565675.0	2518.0	859359.0	33.0	2439.0	96.86	ftp://ftp.ncbi.nlm.nih.gov/genomes/all/GCF/000/295/715/GCF_000295715.1_ASM29571v1	s__Staphylococcus_arlettae.json	1212545.0	d__Bacteria	p__Bacillota	c__Bacilli	o__Staphylococcales	f__Staphylococcaceae	g__Staphylococcus	s__Staphylococcus arlettae	0.0	Staphylococcus arlettae CVD059 (1212545.3)	1212545.3	0.0	s__Staphylococcus_arlettae	species
	Human							0.0	0.0	Yes						Gram+	Facultative anaerobe	0.0		0.0	0.0								s__Staphylococcus_aureus.json		d__Bacteria	p__Bacillota	c__Bacilli	o__Staphylococcales	f__Staphylococcaceae	g__Staphylococcus	s__Staphylococcus aureus					s__Staphylococcus_aureus	species
	Human							0.0	0.0	Yes	0.0					Gram+	Facultative anaerobe	0.0		0.0	0.0				33.0				s__Staphylococcus_capitis.json		d__Bacteria	p__Bacillota	c__Bacilli	o__Staphylococcales	f__Staphylococcaceae	g__Staphylococcus	s__Staphylococcus capitis	0.0			0.0	s__Staphylococcus_capitis	species
0.0	Human	1415164.0		GCF_000513495.2	2582580917.0	PMID:20203603; PMID:24861948	AGORA 1.03	0.0	0.0	Yes	0.0	0	0	0	0	Gram+	Facultative anaerobe	0.0	0	0.0	0.0	5747033.0	5833.0	2001671.0	35.0	5721.0	98.08	ftp://ftp.ncbi.nlm.nih.gov/genomes/all/GCF/000/513/495/GCF_000513495.2_ASM51349v2	s__Staphylococcus_cohnii.json	1415164.0	d__Bacteria	p__Bacillota	c__Bacilli	o__Staphylococcales	f__Staphylococcaceae	g__Staphylococcus	s__Staphylococcus cohnii	0.0			0.0	s__Staphylococcus_cohnii	species
	Human							0.0	0.0	Yes						Gram+	Facultative anaerobe	0.0		0.0	0.0				32.0				s__Staphylococcus_epidermidis.json		d__Bacteria	p__Bacillota	c__Bacilli	o__Staphylococcales	f__Staphylococcaceae	g__Staphylococcus	s__Staphylococcus epidermidis					s__Staphylococcus_epidermidis	species
2.0	Human	1159488.0	GCF_000160235.1	GCF_000297455.1	2529293016.0	PMID:20203603; PMID:24861948	AGORA 1.03	0.0	0.0	Yes	0.0	Engineered	Food production	Unclassified	Dairy products	Gram+	Facultative anaerobe	0.0	Nonmotile	0.0	0.0	2927171.0	2842.0	960255.0	33.0	2781.0	97.85	ftp://ftp.ncbi.nlm.nih.gov/genomes/all/GCF/000/297/455/GCF_000297455.1_ASM29745v1	s__Staphylococcus_equorum.json	1159488.0	d__Bacteria	p__Bacillota	c__Bacilli	o__Staphylococcales	f__Staphylococcaceae	g__Staphylococcus	s__Staphylococcus equorum		Staphylococcus equorum subsp. equorum Mu2 (1159488.5)	1159488.5		s__Staphylococcus_equorum	species
2.0	Human							0.0	0.0	Yes				Unclassified	Unclassified	Gram+	Facultative anaerobe	0.0		0.0	0.0				33.0				s__Staphylococcus_haemolyticus.json		d__Bacteria	p__Bacillota	c__Bacilli	o__Staphylococcales	f__Staphylococcaceae	g__Staphylococcus	s__Staphylococcus haemolyticus					s__Staphylococcus_haemolyticus	species
2.0	Human							0.0	0.0	Yes	0.0					Gram+	Facultative anaerobe	0.0											s__Staphylococcus_hominis.json		d__Bacteria	p__Bacillota	c__Bacilli	o__Staphylococcales	f__Staphylococcaceae	g__Staphylococcus	s__Staphylococcus hominis					s__Staphylococcus_hominis	species
1.0	Human	1141106.0	NZ_CAIB01000286	GCF_900458545.1	2548876980.0	PMID:31275260	Literature research	0.0	0.0	Yes	0.0	Host-associated	Birds	Unclassified	Unclassified	Gram+	Facultative anaerobe	0.0	0	0.0	0.0	2737135.0	2841.0	1021116.0	37.0	2779.0	97.82	ftp://ftp.ncbi.nlm.nih.gov/genomes/all/GCF/900/458/545/GCF_900458545.1_42197_D02	s__Staphylococcus_intermedius.json	1141106.0	d__Bacteria	p__Bacillota	c__Bacilli	o__Staphylococcales	f__Staphylococcaceae	g__Staphylococcus	s__Staphylococcus intermedius		Staphylococcus intermedius NCTC 11048 (1141106.7)	1141106.7	0.0	s__Staphylococcus_intermedius	species
	Human							0.0	0.0	Yes	0.0					Gram+	Facultative anaerobe	0.0	Nonmotile						34.0				s__Staphylococcus_lugdunensis.json		d__Bacteria	p__Bacillota	c__Bacilli	o__Staphylococcales	f__Staphylococcaceae	g__Staphylococcus	s__Staphylococcus lugdunensis					s__Staphylococcus_lugdunensis	species
0.0	Human	214473.0	GCF_000247225.1			PMID:30718869	Forster et al. resource	0.0	0.0							Gram+	Facultative anaerobe	0.0	0	0.0	0.0							ftp.sra.ebi.ac.uk/vol1/fastq/ERR222/005/ERR2221195/ERR2221195_1.fastq.gz;ftp.sra.ebi.ac.uk/vol1/fastq/ERR222/005/ERR2221195/ERR2221195_2.fastq.gz	s__Staphylococcus_nepalensis.json	214473.0	d__Bacteria	p__Bacillota	c__Bacilli	o__Staphylococcales	f__Staphylococcaceae	g__Staphylococcus	s__Staphylococcus nepalensis	0.0			0.0	s__Staphylococcus_nepalensis	species
2.0	Human	904314.0		GCF_000260275.1	2529292787.0	PMID:20203603; PMID:24861948	AGORA 1.03	0.0	0.0	Yes		0	0	0	0	Gram+	Facultative anaerobe	0.0	Nonmotile	0.0	0.0	2454960.0	2409.0	950493.0	39.0	2345.0	97.34	ftp://ftp.ncbi.nlm.nih.gov/genomes/all/GCF/000/260/275/GCF_000260275.1_ASM26027v1	s__Staphylococcus_pettenkoferi.json	904314.0	d__Bacteria	p__Bacillota	c__Bacilli	o__Staphylococcales	f__Staphylococcaceae	g__Staphylococcus	s__Staphylococcus pettenkoferi		Staphylococcus pettenkoferi VCU012 (904314.5)	904314.5		s__Staphylococcus_pettenkoferi	species
2.0	Human					Strains of species found in the human gut (PMID:24861948) present in PubSEED	Initial strain selection	0.0	0.0	Yes	0.0	Host-associated		Unclassified		Gram+	Facultative anaerobe	0.0	0	0.0	0.0				38.0				s__Staphylococcus_pseudintermedius.json		d__Bacteria	p__Bacillota	c__Bacilli	o__Staphylococcales	f__Staphylococcaceae	g__Staphylococcus	s__Staphylococcus pseudintermedius				0.0	s__Staphylococcus_pseudintermedius	species
	Human							0.0	0.0	Yes						Gram+	Facultative anaerobe	0.0							33.0				s__Staphylococcus_saprophyticus.json		d__Bacteria	p__Bacillota	c__Bacilli	o__Staphylococcales	f__Staphylococcaceae	g__Staphylococcus	s__Staphylococcus saprophyticus					s__Staphylococcus_saprophyticus	species
0.0	Human	1078083.0	GCF_000411275.1	GCF_000411275.1		PMID:30745586	Literature research									Gram+												ftp://ftp.ncbi.nlm.nih.gov/genomes/all/GCF/000/411/275/GCF_000411275.1_Stap_sp_HGB0015_V1	s__Staphylococcus_schleiferi.json	1078083.0	d__Bacteria	p__Bacillota	c__Bacilli	o__Staphylococcales	f__Staphylococcaceae	g__Staphylococcus	s__Staphylococcus schleiferi					s__Staphylococcus_schleiferi	species
2.0	Human	883166.0		GCF_000314755.2	2537562023.0	PMID:20203603; PMID:24861948	AGORA 1.03	0.0	0.0	Yes	0.0	Host-associated	Human	Vagina	Reproductive system	Gram+	Facultative anaerobe	0.0	Nonmotile			2639907.0	2540.0	951059.0	36.0	2473.0	97.36	ftp://ftp.ncbi.nlm.nih.gov/genomes/all/GCF/000/314/755/GCF_000314755.2_Stap_simu_ACS-120-V-SCH1_V1	s__Staphylococcus_simulans.json	883166.0	d__Bacteria	p__Bacillota	c__Bacilli	o__Staphylococcales	f__Staphylococcaceae	g__Staphylococcus	s__Staphylococcus simulans		Staphylococcus simulans ACS-120-V-Sch1 (883166.5)	883166.5		s__Staphylococcus_simulans	species
0.0	Human					https://www.biorxiv.org/content/10.1101/691030v1	Literature research	0.0	0.0							Gram+	Facultative anaerobe	0.0	0	0.0	0.0								s__Staphylococcus_succinus.json		d__Bacteria	p__Bacillota	c__Bacilli	o__Staphylococcales	f__Staphylococcaceae	g__Staphylococcus	s__Staphylococcus succinus	0.0			0.0	s__Staphylococcus_succinus	species
2.0	Human							0.0	0.0	Yes		0	0	0	0	Gram+	Facultative anaerobe	0.0		0.0	0.0				33.0				s__Staphylococcus_warneri.json		d__Bacteria	p__Bacillota	c__Bacilli	o__Staphylococcales	f__Staphylococcaceae	g__Staphylococcus	s__Staphylococcus warneri					s__Staphylococcus_warneri	species
2.0	Human	596319.0		GCF_000175175.1	645058825.0	Strains of species found in the human gut (PMID:24861948) present in PubSEED	Initial strain selection	0.0	0.0	Yes	0.0	Host-associated	Human	Unclassified	Skin	Gram+	Facultative anaerobe	0.0	Nonmotile			2425653.0	2439.0	795659.0	33.0	2381.0	97.62	ftp://ftp.ncbi.nlm.nih.gov/genomes/all/GCF/000/175/175/GCF_000175175.1_ASM17517v1	s__Staphylococcus_warneri_A.json	596319.0	d__Bacteria	p__Bacillota	c__Bacilli	o__Staphylococcales	f__Staphylococcaceae	g__Staphylococcus	s__Staphylococcus warneri_A		Staphylococcus warneri L37603 (596319.3)	596319.3		s__Staphylococcus_warneri_A	species
0.0	Human	1353979.0	GCF_000332735.1	GCF_000467225.1	2602041569.0	PMID:20203603; PMID:24861948	AGORA 1.03	0.0	0.0	Yes	0.0	Host-associated	Animal	Intestine	Digestive system	Gram+	Facultative anaerobe	0.0	0	0.0	0.0	2809835.0	2692.0	917825.0	33.0	2611.0	96.99	ftp://ftp.ncbi.nlm.nih.gov/genomes/all/GCF/000/467/225/GCF_000467225.1_Staphylococcus_xylosus_strain_DMB3-Bh1	s__Staphylococcus_xylosus.json	1353979.0	d__Bacteria	p__Bacillota	c__Bacilli	o__Staphylococcales	f__Staphylococcaceae	g__Staphylococcus	s__Staphylococcus xylosus	0.0			0.0	s__Staphylococcus_xylosus	species
2.0	Human	1262650.0		GCF_000338275.1	2551306492.0	PMID:20203603; PMID:24861948	AGORA 1.03	0.0	0.0	Yes	0.0	Host-associated	Mammals	Nasopharyngeal	Respiratory system	Gram+	Facultative anaerobe	0.0	0	0.0	0.0	2939263.0	2845.0	952719.0	32.0	2793.0	98.17	ftp://ftp.ncbi.nlm.nih.gov/genomes/all/GCF/000/338/275/GCF_000338275.1_StaXyl1.0	s__Staphylococcus_xylosus_B.json	1262650.0	d__Bacteria	p__Bacillota	c__Bacilli	o__Staphylococcales	f__Staphylococcaceae	g__Staphylococcus	s__Staphylococcus xylosus_B	0.0	Staphylococcus xylosus NJ (1262650.3)	1262650.3	0.0	s__Staphylococcus_xylosus_B	species
2.0	Human	1118235.0	GCF_000072485.1	GCF_000308335.1	2506520000.0	Strains of species found in the human gut (PMID:24861948) present in PubSEED	Initial strain selection	0.0	0.0	Yes	0.0	Environmental	Aquatic	Neritic zone	Marine	Gram-	Aerobe	0.0	Motile	0.0	0.0	4409349.0	4067.0	2932716.0	67.0	3993.0	98.18	ftp://ftp.ncbi.nlm.nih.gov/genomes/all/GCF/000/308/335/GCF_000308335.1_ASM30833v1	s__Stenotrophomonas_bentonitica_A.json	1118235.0	d__Bacteria	p__Pseudomonadota	c__Gammaproteobacteria	o__Xanthomonadales	f__Xanthomonadaceae	g__Stenotrophomonas	s__Stenotrophomonas bentonitica_A	0.0	Stenotrophomonas maltophilia PML168 (1118235.3)	1118235.3		s__Stenotrophomonas_bentonitica_A	species
2.0	Human	1279018.0	GCF_000287935.1	GCF_000382065.1	2521172560.0	Strains of species found in the human gut (PMID:24861948) present in PubSEED	Initial strain selection	0.0	0.0	Yes	0.0	Host-associated	Plants	Unclassified	Unclassified	Gram-	Aerobe	0.0	0	0.0	0.0	4424025.0	4108.0	2937908.0	66.0	4013.0	97.69	ftp://ftp.ncbi.nlm.nih.gov/genomes/all/GCF/000/382/065/GCF_000382065.1_ASM38206v1	s__Stenotrophomonas_hibiscicola.json	1279018.0	d__Bacteria	p__Pseudomonadota	c__Gammaproteobacteria	o__Xanthomonadales	f__Xanthomonadaceae	g__Stenotrophomonas	s__Stenotrophomonas hibiscicola		Stenotrophomonas maltophilia ATCC 19867 (1279018.3)	1279018.3	0.0	s__Stenotrophomonas_hibiscicola	species
	Human						Initial strain selection	0.0	0.0	Yes	0.0	Host-associated	Human			Gram-	Aerobe	0.0	0	0.0	0.0				66.0				s__Stenotrophomonas_maltophilia.json		d__Bacteria	p__Pseudomonadota	c__Gammaproteobacteria	o__Xanthomonadales	f__Xanthomonadaceae	g__Stenotrophomonas	s__Stenotrophomonas maltophilia	0.0			0.0	s__Stenotrophomonas_maltophilia	species
2.0	Human	391008.0	GCF_000308335.1	GCF_000020665.1	642555162.0	Strains of species found in the human gut (PMID:24861948) present in PubSEED	Initial strain selection	0.0	0.0	Yes		Host-associated	Unclassified	Unclassified	Unclassified	Gram-	Aerobe	0.0	0	0.0	0.0	4573969.0	4129.0	3032537.0	66.0	4043.0	97.92	ftp://ftp.ncbi.nlm.nih.gov/genomes/all/GCF/000/020/665/GCF_000020665.1_ASM2066v1	s__Stenotrophomonas_maltophilia_L.json	391008.0	d__Bacteria	p__Pseudomonadota	c__Gammaproteobacteria	o__Xanthomonadales	f__Xanthomonadaceae	g__Stenotrophomonas	s__Stenotrophomonas maltophilia_L		Stenotrophomonas maltophilia R551-3 (391008.4)	391008.4		s__Stenotrophomonas_maltophilia_L	species
2.0	Human	1163399.0	GCF_000346445.1	GCF_000284595.1	2513237183.0	PMID:20203603; PMID:24861948	AGORA 1.03	0.0	0.0	Yes	0.0	Host-associated	Unclassified	Unclassified	Unclassified	Gram-	Aerobe	0.0	0	0.0	0.0	4769156.0	4209.0	3183612.0	67.0	4101.0	97.43	ftp://ftp.ncbi.nlm.nih.gov/genomes/all/GCF/000/284/595/GCF_000284595.1_ASM28459v1	s__Stenotrophomonas_muris.json	1163399.0	d__Bacteria	p__Pseudomonadota	c__Gammaproteobacteria	o__Xanthomonadales	f__Xanthomonadaceae	g__Stenotrophomonas	s__Stenotrophomonas muris		Stenotrophomonas maltophilia D457 (1163399.5)	1163399.5	0.0	s__Stenotrophomonas_muris	species
1.0	Human	1235458.0	GCF_000382065.1	GCF_000346445.1	2529292744.0	Strains of species found in the human gut (PMID:24861948) present in KBase	Initial strain selection	0.0	0.0	Yes	0.0	Host-associated	Unclassified	Unclassified	Unclassified	Gram-	Aerobe	0.0	0	0.0	0.0	4547300.0	4266.0	3019481.0	66.0	4196.0	98.36	ftp://ftp.ncbi.nlm.nih.gov/genomes/all/GCF/000/346/445/GCF_000346445.1_ASM34644v1	s__Stenotrophomonas_sepilia.json	1235458.0	d__Bacteria	p__Pseudomonadota	c__Gammaproteobacteria	o__Xanthomonadales	f__Xanthomonadaceae	g__Stenotrophomonas	s__Stenotrophomonas sepilia	0.0	Stenotrophomonas maltophilia AU12-09 (1235458.3)	1235458.3	0.0	s__Stenotrophomonas_sepilia	species
0.0	Human	1211844.0		GCF_000455285.1	2600255145.0	PMID:20203603; PMID:24861948	AGORA 1.03	0.0	0.0	Yes	0.0	0	0	0	0	Gram+	0	0.0	0	0.0	0.0	3433040.0	3568.0	1047727.0	31.0	3494.0	97.93	ftp://ftp.ncbi.nlm.nih.gov/genomes/all/GCF/000/455/285/GCF_000455285.1_Sm_AP9	s__Stoquefichus_massiliensis.json	1211844.0	d__Bacteria	p__Bacillota_I	c__Bacilli_A	o__Erysipelotrichales	f__Coprobacillaceae	g__Stoquefichus	s__Stoquefichus massiliensis	0.0			0.0	s__Stoquefichus_massiliensis	species
	Human							0.0	0.0	Yes	0.0					Gram+	Facultative anaerobe	0.0		0.0	0.0								s__Streptococcus_agalactiae.json		d__Bacteria	p__Bacillota	c__Bacilli	o__Lactobacillales	f__Streptococcaceae	g__Streptococcus	s__Streptococcus agalactiae	0.0			0.0	s__Streptococcus_agalactiae	species
2.0	Human	1000570.0	GCF_000287595.1	GCF_000474055.1	651324100.0	Strains of species found in the human gut (PMID:24861948) present in PubSEED	Initial strain selection	0.0	0.0	Yes	0.0	Host-associated	Human	Unclassified	Unclassified	Gram+	Facultative anaerobe	0.0	Nonmotile		0.0	1892386.0	1948.0	731474.0	39.0	1911.0	98.1	ftp://ftp.ncbi.nlm.nih.gov/genomes/all/GCF/000/474/055/GCF_000474055.1_ASM47405v1	s__Streptococcus_anginosus.json	1000570.0	d__Bacteria	p__Bacillota	c__Bacilli	o__Lactobacillales	f__Streptococcaceae	g__Streptococcus	s__Streptococcus anginosus		Streptococcus anginosus SK52 (1000570.3)	1000570.3		s__Streptococcus_anginosus	species
2.0	Human	888833.0	GCF_002088025.1	GCF_000222745.1	649990003.0	PMID:20203603; PMID:24861948	AGORA 1.03	0.0	0.0	Yes	0.0	Host-associated	Human	Oral	Digestive system	Gram+	Facultative anaerobe	0.0	0		0.0	2110220.0	2083.0	883084.0	42.0	2030.0	97.46	ftp://ftp.ncbi.nlm.nih.gov/genomes/all/GCF/000/222/745/GCF_000222745.1_ASM22274v2	s__Streptococcus_australis.json	888833.0	d__Bacteria	p__Bacillota	c__Bacilli	o__Lactobacillales	f__Streptococcaceae	g__Streptococcus	s__Streptococcus australis		Streptococcus australis ATCC 700641 (888833.3)	888833.3		s__Streptococcus_australis	species
	Human							0.0	0.0	Yes	0.0	Host-associated	Human			Gram+	Facultative anaerobe	0.0	0		0.0				38.0				s__Streptococcus_constellatus.json		d__Bacteria	p__Bacillota	c__Bacilli	o__Lactobacillales	f__Streptococcaceae	g__Streptococcus	s__Streptococcus constellatus				0.0	s__Streptococcus_constellatus	species
2.0	Human					Strains of species found in the human gut (PMID:24861948) present in PubSEED	Initial strain selection	0.0	0.0	Yes	0.0	Host-associated	Human	Unclassified		Gram+	Facultative anaerobe	0.0			0.0				42.0				s__Streptococcus_dentalis.json		d__Bacteria	p__Bacillota	c__Bacilli	o__Lactobacillales	f__Streptococcaceae	g__Streptococcus	s__Streptococcus dentalis					s__Streptococcus_dentalis	species
0.0	Human				649990005.0	https://www.biorxiv.org/content/10.1101/691030v1	Literature research	0.0	0.0	Yes	0.0	Host-associated	Human	Oral	Digestive system	Gram+	Facultative anaerobe	0.0			0.0	2239421.0	2281.0	971673.0	43.0	2204.0	96.62		s__Streptococcus_downei.json		d__Bacteria	p__Bacillota	c__Bacilli	o__Lactobacillales	f__Streptococcaceae	g__Streptococcus	s__Streptococcus downei					s__Streptococcus_downei	species
2.0	Human							0.0	0.0	Yes						Gram+	Facultative anaerobe	0.0		0.0	0.0								s__Streptococcus_dysgalactiae.json		d__Bacteria	p__Bacillota	c__Bacilli	o__Lactobacillales	f__Streptococcaceae	g__Streptococcus	s__Streptococcus dysgalactiae					s__Streptococcus_dysgalactiae	species
2.0	Human		GCF_000221105.1					0.0	0.0	Yes		Host-associated		Unclassified		Gram+	Facultative anaerobe	0.0	Nonmotile	0.0	0.0								s__Streptococcus_equi.json		d__Bacteria	p__Bacillota	c__Bacilli	o__Lactobacillales	f__Streptococcaceae	g__Streptococcus	s__Streptococcus equi					s__Streptococcus_equi	species
2.0	Human	525379.0		GCF_000187265.1	649990006.0	PMID:20203603; PMID:24861948	AGORA 1.03	0.0	0.0	Yes	0.0	Host-associated	Mammals	Large intestine	Digestive system	Gram+	Facultative anaerobe	0.0	Nonmotile			1718633.0	1836.0	640840.0	37.0	1793.0	97.66	ftp://ftp.ncbi.nlm.nih.gov/genomes/all/GCF/000/187/265/GCF_000187265.1_ASM18726v1	s__Streptococcus_equinus.json	525379.0	d__Bacteria	p__Bacillota	c__Bacilli	o__Lactobacillales	f__Streptococcaceae	g__Streptococcus	s__Streptococcus equinus		Streptococcus equinus ATCC 9812 (525379.3)	525379.3		s__Streptococcus_equinus	species
2.0	Human							0.0	0.0	Yes		Host-associated	Human			Gram+	Facultative anaerobe	0.0	Nonmotile		0.0				38.0				s__Streptococcus_gallolyticus.json		d__Bacteria	p__Bacillota	c__Bacilli	o__Lactobacillales	f__Streptococcaceae	g__Streptococcus	s__Streptococcus gallolyticus					s__Streptococcus_gallolyticus	species
2.0	Human					PMID:20203603; PMID:24861948	AGORA 1.03	0.0	0.0	Yes		Host-associated		Unclassified	Unclassified	Gram+	Facultative anaerobe	0.0	Nonmotile	0.0	0.0								s__Streptococcus_gordonii.json		d__Bacteria	p__Bacillota	c__Bacilli	o__Lactobacillales	f__Streptococcaceae	g__Streptococcus	s__Streptococcus gordonii					s__Streptococcus_gordonii	species
2.0	Human					Strains of species found in the human gut (PMID:24861948) present in PubSEED	Initial strain selection	0.0	0.0	Yes	0.0	Host-associated	Human	Unclassified		Gram+	Facultative anaerobe	0.0	0		0.0								s__Streptococcus_hominis.json		d__Bacteria	p__Bacillota	c__Bacilli	o__Lactobacillales	f__Streptococcaceae	g__Streptococcus	s__Streptococcus hominis					s__Streptococcus_hominis	species
0.0	Human	1156431.0		GCF_000479335.1	2546825502.0	PMID:20203603; PMID:24861948	AGORA 1.03	0.0	0.0	Yes		Host-associated	Human	Unclassified	Digestive system	Gram+	Facultative anaerobe	0.0	Nonmotile			1992567.0	1944.0	839316.0	42.0	1861.0	95.73	ftp://ftp.ncbi.nlm.nih.gov/genomes/all/GCF/000/479/335/GCF_000479335.1_ASM47933v1	s__Streptococcus_ilei.json	1156431.0	d__Bacteria	p__Bacillota	c__Bacilli	o__Lactobacillales	f__Streptococcaceae	g__Streptococcus	s__Streptococcus ilei					s__Streptococcus_ilei	species
2.0	Human							0.0	0.0	Yes	0.0	Host-associated				Gram+	Facultative anaerobe	0.0	Nonmotile		0.0				38.0				s__Streptococcus_infantarius.json		d__Bacteria	p__Bacillota	c__Bacilli	o__Lactobacillales	f__Streptococcaceae	g__Streptococcus	s__Streptococcus infantarius					s__Streptococcus_infantarius	species
2.0	Human	889204.0	GCF_000246835.1	GCF_000260755.1	649990007.0	PMID:20203603; PMID:24861948	AGORA 1.03	0.0	0.0	Yes	0.0	Host-associated	Human	Oral	Digestive system	Gram+	Facultative anaerobe	0.0	Nonmotile		0.0	1884302.0	1979.0	734411.0	39.0	1928.0	97.42	ftp://ftp.ncbi.nlm.nih.gov/genomes/all/GCF/000/260/755/GCF_000260755.1_SinfantisSK959v1.0	s__Streptococcus_infantis.json	889204.0	d__Bacteria	p__Bacillota	c__Bacilli	o__Lactobacillales	f__Streptococcaceae	g__Streptococcus	s__Streptococcus infantis		Streptococcus infantis ATCC 700779 (889204.3)	889204.3		s__Streptococcus_infantis	species
2.0	Human	1005705.0	GCF_000260755.1	GCF_000215385.1	651324101.0	Strains of species found in the human gut (PMID:24861948) present in PubSEED	Initial strain selection	0.0	0.0	Yes	0.0	Host-associated	Human	Blood	Circulatory system	Gram+	Facultative anaerobe	0.0	0		0.0	1744061.0	1831.0	688371.0	39.0	1762.0	96.23	ftp://ftp.ncbi.nlm.nih.gov/genomes/all/GCF/000/215/385/GCF_000215385.1_ASM21538v1	s__Streptococcus_infantis_B.json	1005705.0	d__Bacteria	p__Bacillota	c__Bacilli	o__Lactobacillales	f__Streptococcaceae	g__Streptococcus	s__Streptococcus infantis_B		Streptococcus infantis SK1076 (1005705.3)	1005705.3	0.0	s__Streptococcus_infantis_B	species
2.0	Human	1035189.0	GCF_000215385.1	GCF_000223255.1	2534681984.0	Strains of species found in the human gut (PMID:24861948) present in PubSEED	Initial strain selection	0.0	0.0	Yes	0.0	Host-associated	Human	Blood	Circulatory system	Gram+	Facultative anaerobe	0.0	0		0.0	1945605.0	2216.0	767323.0	39.0	2144.0	96.75	ftp://ftp.ncbi.nlm.nih.gov/genomes/all/GCF/000/223/255/GCF_000223255.1_ASM22325v2	s__Streptococcus_infantis_G.json	1035189.0	d__Bacteria	p__Bacillota	c__Bacilli	o__Lactobacillales	f__Streptococcaceae	g__Streptococcus	s__Streptococcus infantis_G		Streptococcus infantis SK970 (1035189.4)	1035189.4	0.0	s__Streptococcus_infantis_G	species
2.0	Human	1159208.0	GCF_000257805.1	GCF_000279535.1	2519899822.0	Strains of species found in the human gut (PMID:24861948) present in PubSEED	Initial strain selection	0.0	0.0	Yes	0.0	Host-associated	Animal	Unclassified	Circulatory system	Gram+	Facultative anaerobe	0.0	Nonmotile	0.0	0.0	1758646.0	1754.0	692748.0	39.0	1678.0	95.67	ftp://ftp.ncbi.nlm.nih.gov/genomes/all/GCF/000/279/535/GCF_000279535.1_ASM27953v1	s__Streptococcus_infantis_I.json	1159208.0	d__Bacteria	p__Bacillota	c__Bacilli	o__Lactobacillales	f__Streptococcaceae	g__Streptococcus	s__Streptococcus infantis_I		Streptococcus mitis SPAR10 (1159208.3)	1159208.3		s__Streptococcus_infantis_I	species
2.0	Human							0.0	0.0	Yes	0.0					Gram+	Facultative anaerobe	0.0	0	0.0	0.0				38.0				s__Streptococcus_intermedius.json		d__Bacteria	p__Bacillota	c__Bacilli	o__Lactobacillales	f__Streptococcaceae	g__Streptococcus	s__Streptococcus intermedius	0.0			0.0	s__Streptococcus_intermedius	species
0.0	Human	1076934.0	GCF_000474095.1	GCF_000441535.1	2554235351.0	PMID:20203603; PMID:24861948	AGORA 1.03	0.0	0.0	Yes		Host-associated	Human	Unclassified	Unclassified	Gram+	Facultative anaerobe	0.0	Nonmotile	0.0	0.0	1975547.0	1967.0	744427.0	38.0	1890.0	96.09	ftp://ftp.ncbi.nlm.nih.gov/genomes/all/GCF/000/441/535/GCF_000441535.1_ASM44153v1	s__Streptococcus_lutetiensis.json	1076934.0	d__Bacteria	p__Bacillota	c__Bacilli	o__Lactobacillales	f__Streptococcaceae	g__Streptococcus	s__Streptococcus lutetiensis					s__Streptococcus_lutetiensis	species
0.0	Human	1116231.0		GCF_000283635.1	2597489891.0	PMID:31171880	Literature research	0.0	0.0	Yes	0.0	Engineered	Food production	Unclassified	Dairy products	Gram+	Facultative anaerobe	0.0	0	0.0	0.0	2142762.0	2256.0	805934.0	38.0	2135.0	94.64	ftp://ftp.ncbi.nlm.nih.gov/genomes/all/GCF/000/283/635/GCF_000283635.1_ASM28363v1	s__Streptococcus_macedonicus.json	1116231.0	d__Bacteria	p__Bacillota	c__Bacilli	o__Lactobacillales	f__Streptococcaceae	g__Streptococcus	s__Streptococcus macedonicus	0.0			0.0	s__Streptococcus_macedonicus	species
1.0	Human	1123307.0	GCF_000380065.1	GCF_000380065.1	2515154013.0	https://www.biorxiv.org/content/10.1101/691030v1	Literature research	0.0	0.0	Yes	0.0	Host-associated	Human	Unclassified	Unclassified	Gram+	Facultative anaerobe	0.0	Nonmotile		0.0	1866132.0	1977.0	774190.0	42.0	1932.0	97.72	ftp://ftp.ncbi.nlm.nih.gov/genomes/all/GCF/000/380/065/GCF_000380065.1_ASM38006v1	s__Streptococcus_massiliensis.json	1123307.0	d__Bacteria	p__Bacillota	c__Bacilli	o__Lactobacillales	f__Streptococcaceae	g__Streptococcus	s__Streptococcus massiliensis		Streptococcus massiliensis DSM 18628 (1123307.3)	1123307.3		s__Streptococcus_massiliensis	species
2.0	Human	246201.0	GCF_000222705.1	GCF_000148585.2	648276735.0	PMID:20203603; PMID:24861948	AGORA 1.03	0.0	0.0	Yes		Host-associated	Human	Oral	Digestive system	Gram+	Facultative anaerobe	0.0	Nonmotile	0.0	0.0	1831081.0	1719.0	741451.0	40.0	1636.0	95.17	ftp://ftp.ncbi.nlm.nih.gov/genomes/all/GCF/000/148/585/GCF_000148585.2_ASM14858v3	s__Streptococcus_mitis.json	246201.0	d__Bacteria	p__Bacillota	c__Bacilli	o__Lactobacillales	f__Streptococcaceae	g__Streptococcus	s__Streptococcus mitis		Streptococcus mitis NCTC 12261 (246201.6)	246201.6		s__Streptococcus_mitis	species
2.0	Human	1239793.0	GCF_000385815.1	GCF_000385835.1	2541047531.0	Strains of species found in the human gut (PMID:24861948) present in PubSEED	Initial strain selection	0.0	0.0	Yes	0.0	Host-associated	Mammals	Nasopharyngeal	Respiratory system	Gram+	Facultative anaerobe	0.0	0	0.0	0.0	2058881.0	2064.0	816448.0	40.0	2023.0	98.01	ftp://ftp.ncbi.nlm.nih.gov/genomes/all/GCF/000/385/835/GCF_000385835.1_ASM38583v1	s__Streptococcus_mitis_AI.json	1239793.0	d__Bacteria	p__Bacillota	c__Bacilli	o__Lactobacillales	f__Streptococcaceae	g__Streptococcus	s__Streptococcus mitis_AI	0.0	Streptococcus mitis 13/39 (1239793.3)	1239793.3	0.0	s__Streptococcus_mitis_AI	species
2.0	Human	1008452.0	GCF_000148585.1	GCF_000220045.1	2534681986.0	Strains of species found in the human gut (PMID:24861948) present in PubSEED	Initial strain selection	0.0	0.0	Yes	0.0	Host-associated	Human	Blood	Circulatory system	Gram+	Facultative anaerobe	0.0	0		0.0	2114708.0	2076.0	845206.0	40.0	2003.0	96.48	ftp://ftp.ncbi.nlm.nih.gov/genomes/all/GCF/000/220/045/GCF_000220045.1_ASM22004v2	s__Streptococcus_mitis_AP.json	1008452.0	d__Bacteria	p__Bacillota	c__Bacilli	o__Lactobacillales	f__Streptococcaceae	g__Streptococcus	s__Streptococcus mitis_AP		Streptococcus mitis SK1073 (1008452.3)	1008452.3	0.0	s__Streptococcus_mitis_AP	species
2.0	Human	365659.0	GCF_000146585.1	GCF_000027165.1	646564574.0	Strains of species found in the human gut (PMID:24861948) present in PubSEED	Initial strain selection	0.0	0.0	Yes		Engineered	Built environment	Unclassified	Unclassified	Gram+	Facultative anaerobe	0.0	Nonmotile	0.0	0.0	2146611.0	2095.0	858197.0	40.0	2004.0	95.66	ftp://ftp.ncbi.nlm.nih.gov/genomes/all/GCF/000/027/165/GCF_000027165.1_ASM2716v1	s__Streptococcus_mitis_AR.json	365659.0	d__Bacteria	p__Bacillota	c__Bacilli	o__Lactobacillales	f__Streptococcaceae	g__Streptococcus	s__Streptococcus mitis_AR		Streptococcus mitis B6 (365659.3)	365659.3		s__Streptococcus_mitis_AR	species
2.0	Human	768726.0	GCF_000027165.1	GCF_000221165.1	2537561941.0	Strains of species found in the human gut (PMID:24861948) present in PubSEED	Initial strain selection	0.0	0.0	Yes	0.0	Host-associated	Human	Oral	Digestive system	Gram+	Facultative anaerobe	0.0	0		0.0	1916998.0	1939.0	790327.0	41.0	1861.0	95.98	ftp://ftp.ncbi.nlm.nih.gov/genomes/all/GCF/000/221/165/GCF_000221165.1_ASM22116v2	s__Streptococcus_mitis_AX.json	768726.0	d__Bacteria	p__Bacillota	c__Bacilli	o__Lactobacillales	f__Streptococcaceae	g__Streptococcus	s__Streptococcus mitis_AX		Streptococcus mitis bv. 2 str. F0392 (768726.4)	768726.4		s__Streptococcus_mitis_AX	species
1.0	Human	1000588.0	GCF_000221165.1	GCF_000222705.1	2529292880.0	Strains of species found in the human gut (PMID:24861948) present in KBase	Initial strain selection	0.0	0.0	Yes	0.0	Host-associated	Human	Unclassified	Unclassified	Gram+	Facultative anaerobe	0.0	0		0.0	2020730.0	2045.0	824533.0	41.0	2006.0	98.09	ftp://ftp.ncbi.nlm.nih.gov/genomes/all/GCF/000/222/705/GCF_000222705.1_ASM22270v2	s__Streptococcus_mitis_AY.json	1000588.0	d__Bacteria	p__Bacillota	c__Bacilli	o__Lactobacillales	f__Streptococcaceae	g__Streptococcus	s__Streptococcus mitis_AY		Streptococcus mitis bv. 2 str. SK95 (1000588.3)	1000588.3	0.0	s__Streptococcus_mitis_AY	species
2.0	Human	864567.0	GCF_000385835.1	GCF_000146585.1	648276734.0	Strains of species found in the human gut (PMID:24861948) present in PubSEED	Initial strain selection	0.0	0.0	Yes	0.0	Host-associated	Human	Blood	Circulatory system	Gram+	Facultative anaerobe	0.0	Nonmotile		0.0	1897538.0	1831.0	781673.0	41.0	1793.0	97.92	ftp://ftp.ncbi.nlm.nih.gov/genomes/all/GCF/000/146/585/GCF_000146585.1_ASM14658v1	s__Streptococcus_mitis_AZ.json	864567.0	d__Bacteria	p__Bacillota	c__Bacilli	o__Lactobacillales	f__Streptococcaceae	g__Streptococcus	s__Streptococcus mitis_AZ		Streptococcus mitis ATCC 6249 (864567.3)	864567.3		s__Streptococcus_mitis_AZ	species
2.0	Human	585202.0	GCF_000220085.1	GCF_000148505.1	648276736.0	Strains of species found in the human gut (PMID:24861948) present in PubSEED	Initial strain selection	0.0	0.0	Yes		Host-associated	Human	Unclassified	Unclassified	Gram+	Facultative anaerobe	0.0	Nonmotile		0.0	1873702.0	1779.0	750455.0	40.0	1757.0	98.76	ftp://ftp.ncbi.nlm.nih.gov/genomes/all/GCF/000/148/505/GCF_000148505.1_ASM14850v1	s__Streptococcus_mitis_CK.json	585202.0	d__Bacteria	p__Bacillota	c__Bacilli	o__Lactobacillales	f__Streptococcaceae	g__Streptococcus	s__Streptococcus mitis_CK		Streptococcus mitis SK321 (585202.3)	585202.3		s__Streptococcus_mitis_CK	species
2.0	Human	1095736.0	GCF_000222785.1	GCF_000257865.1	2537561964.0	Strains of species found in the human gut (PMID:24861948) present in PubSEED	Initial strain selection	0.0	0.0	Yes	0.0	Host-associated	Human	Blood	Circulatory system	Gram+	Facultative anaerobe	0.0	0		0.0	2018798.0	1973.0	802466.0	40.0	1937.0	98.18	ftp://ftp.ncbi.nlm.nih.gov/genomes/all/GCF/000/257/865/GCF_000257865.1_ASM25786v1	s__Streptococcus_mitis_CQ.json	1095736.0	d__Bacteria	p__Bacillota	c__Bacilli	o__Lactobacillales	f__Streptococcaceae	g__Streptococcus	s__Streptococcus mitis_CQ		Streptococcus mitis SK575 (1095736.3)	1095736.3	0.0	s__Streptococcus_mitis_CQ	species
2.0	Human	1239792.0		GCF_000385815.1	2541047529.0	Strains of species found in the human gut (PMID:24861948) present in PubSEED	Initial strain selection	0.0	0.0	Yes	0.0	Host-associated	Mammals	Nasopharyngeal	Respiratory system	Gram+	Facultative anaerobe	0.0	0	0.0	0.0	1875248.0	1841.0	755779.0	40.0	1796.0	97.56	ftp://ftp.ncbi.nlm.nih.gov/genomes/all/GCF/000/385/815/GCF_000385815.1_ASM38581v1	s__Streptococcus_mitis_CY.json	1239792.0	d__Bacteria	p__Bacillota	c__Bacilli	o__Lactobacillales	f__Streptococcaceae	g__Streptococcus	s__Streptococcus mitis_CY	0.0	Streptococcus mitis 11/5 (1239792.3)	1239792.3	0.0	s__Streptococcus_mitis_CY	species
2.0	Human	585203.0	GCF_000148505.1	GCF_000148525.1	648276737.0	Strains of species found in the human gut (PMID:24861948) present in PubSEED	Initial strain selection	0.0	0.0	Yes		Host-associated	Human	Oral	Digestive system	Gram+	Facultative anaerobe	0.0	Nonmotile		0.0	2026898.0	1925.0	805190.0	40.0	1893.0	98.34	ftp://ftp.ncbi.nlm.nih.gov/genomes/all/GCF/000/148/525/GCF_000148525.1_ASM14852v1	s__Streptococcus_mitis_H.json	585203.0	d__Bacteria	p__Bacillota	c__Bacilli	o__Lactobacillales	f__Streptococcaceae	g__Streptococcus	s__Streptococcus mitis_H		Streptococcus mitis SK564 (585203.3)	585203.3		s__Streptococcus_mitis_H	species
2.0	Human	1008453.0	GCF_000220045.1	GCF_000220085.1	2534681985.0	Strains of species found in the human gut (PMID:24861948) present in PubSEED	Initial strain selection	0.0	0.0	Yes	0.0	Host-associated	Human	Blood	Circulatory system	Gram+	Facultative anaerobe	0.0	0		0.0	1943752.0	1951.0	783836.0	40.0	1854.0	95.03	ftp://ftp.ncbi.nlm.nih.gov/genomes/all/GCF/000/220/085/GCF_000220085.1_ASM22008v2	s__Streptococcus_mitis_K.json	1008453.0	d__Bacteria	p__Bacillota	c__Bacilli	o__Lactobacillales	f__Streptococcaceae	g__Streptococcus	s__Streptococcus mitis_K		Streptococcus mitis SK1080 (1008453.3)	1008453.3	0.0	s__Streptococcus_mitis_K	species
1.0	Human	1095737.0	GCF_000257865.1	GCF_000257905.1	2537561860.0	Strains of species found in the human gut (PMID:24861948) present in KBase	Initial strain selection	0.0	0.0	Yes	0.0	Host-associated	Human	Blood	Circulatory system	Gram+	Facultative anaerobe	0.0	0		0.0	1979452.0	1946.0	790759.0	40.0	1908.0	98.05	ftp://ftp.ncbi.nlm.nih.gov/genomes/all/GCF/000/257/905/GCF_000257905.1_SmitisSK579v1.0	s__Streptococcus_mitis_L.json	1095737.0	d__Bacteria	p__Bacillota	c__Bacilli	o__Lactobacillales	f__Streptococcaceae	g__Streptococcus	s__Streptococcus mitis_L		Streptococcus mitis SK579 (1095737.3)	1095737.3	0.0	s__Streptococcus_mitis_L	species
2.0	Human					Strains of species found in the human gut (PMID:24861948) present in PubSEED	Initial strain selection	0.0	0.0	Yes	0.0	Host-associated	Human	Blood	Circulatory system	Gram+	Facultative anaerobe	0.0	0		0.0				40.0				s__Streptococcus_mitis_N.json		d__Bacteria	p__Bacillota	c__Bacilli	o__Lactobacillales	f__Streptococcaceae	g__Streptococcus	s__Streptococcus mitis_N				0.0	s__Streptococcus_mitis_N	species
	Human							0.0	0.0	Yes						Gram+	Facultative anaerobe	0.0		0.0	0.0				37.0				s__Streptococcus_mutans.json		d__Bacteria	p__Bacillota	c__Bacilli	o__Lactobacillales	f__Streptococcaceae	g__Streptococcus	s__Streptococcus mutans					s__Streptococcus_mutans	species
	Human						Initial strain selection	0.0	0.0	Yes	0.0	Host-associated	Human			Gram+	Facultative anaerobe	0.0							41.0				s__Streptococcus_oralis.json		d__Bacteria	p__Bacillota	c__Bacilli	o__Lactobacillales	f__Streptococcaceae	g__Streptococcus	s__Streptococcus oralis					s__Streptococcus_oralis	species
2.0	Human	888049.0	GCF_000220315.1	GCF_000185265.1	649990014.0	Strains of species found in the human gut (PMID:24861948) present in PubSEED	Initial strain selection	0.0	0.0	Yes	0.0	Host-associated	Human	Oral	Digestive system	Gram+	Facultative anaerobe	0.0	Nonmotile		0.0	2054852.0	2052.0	845230.0	41.0	2013.0	98.1	ftp://ftp.ncbi.nlm.nih.gov/genomes/all/GCF/000/185/265/GCF_000185265.1_ASM18526v1	s__Streptococcus_oralis_BC.json	888049.0	d__Bacteria	p__Bacillota	c__Bacilli	o__Lactobacillales	f__Streptococcaceae	g__Streptococcus	s__Streptococcus oralis_BC		Streptococcus sanguinis ATCC 49296 (888049.3)	888049.3		s__Streptococcus_oralis_BC	species
0.0	Human	1035190.0	GCF_000223235.1	GCF_000223235.1	2529292983.0	PMID:31275260	Literature research	0.0	0.0	Yes	0.0	Host-associated	Human	Nasopharyngeal	Respiratory system	Gram+	Facultative anaerobe	0.0	0			1888813.0	2092.0	782878.0	41.0	2022.0	96.65	ftp://ftp.ncbi.nlm.nih.gov/genomes/all/GCF/000/223/235/GCF_000223235.1_ASM22323v2	s__Streptococcus_oralis_BW.json	1035190.0	d__Bacteria	p__Bacillota	c__Bacilli	o__Lactobacillales	f__Streptococcaceae	g__Streptococcus	s__Streptococcus oralis_BW				0.0	s__Streptococcus_oralis_BW	species
2.0	Human	1095741.0	GCF_000287715.1	GCF_000257455.1	2534682076.0	Strains of species found in the human gut (PMID:24861948) present in PubSEED	Initial strain selection	0.0	0.0	Yes	0.0	Host-associated	Human	Unclassified	Unclassified	Gram+	Facultative anaerobe	0.0	0			1986816.0	1929.0	816649.0	41.0	1895.0	98.24	ftp://ftp.ncbi.nlm.nih.gov/genomes/all/GCF/000/257/455/GCF_000257455.1_SoralisSK610v1.0	s__Streptococcus_oralis_CB.json	1095741.0	d__Bacteria	p__Bacillota	c__Bacilli	o__Lactobacillales	f__Streptococcaceae	g__Streptococcus	s__Streptococcus oralis_CB		Streptococcus oralis SK610 (1095741.3)	1095741.3	0.0	s__Streptococcus_oralis_CB	species
0.0	Human					PMID:31171880	Literature research	0.0	0.0							Gram+	Facultative anaerobe	0.0	0	0.0	0.0								s__Streptococcus_oralis_F.json		d__Bacteria	p__Bacillota	c__Bacilli	o__Lactobacillales	f__Streptococcaceae	g__Streptococcus	s__Streptococcus oralis_F	0.0			0.0	s__Streptococcus_oralis_F	species
2.0	Human	927666.0	GCF_000257455.1	GCF_000253155.1	650716088.0	PMID:20203603; PMID:24861948	AGORA 1.03	0.0	0.0	Yes		Host-associated	Human	Oral	Digestive system	Gram+	Facultative anaerobe	0.0	Nonmotile			1958690.0	1989.0	805775.0	41.0	1907.0	95.88	ftp://ftp.ncbi.nlm.nih.gov/genomes/all/GCF/000/253/155/GCF_000253155.1_ASM25315v1	s__Streptococcus_oralis_L.json	927666.0	d__Bacteria	p__Bacillota	c__Bacilli	o__Lactobacillales	f__Streptococcaceae	g__Streptococcus	s__Streptococcus oralis_L		Streptococcus oralis Uo5 (927666.3)	927666.3		s__Streptococcus_oralis_L	species
2.0	Human	1095740.0	GCF_000257495.1	GCF_000257475.1	2534682075.0	Strains of species found in the human gut (PMID:24861948) present in PubSEED	Initial strain selection	0.0	0.0	Yes	0.0	Host-associated	Human	Unclassified	Unclassified	Gram+	Facultative anaerobe	0.0	0		0.0	1920577.0	1966.0	789399.0	41.0	1925.0	97.91	ftp://ftp.ncbi.nlm.nih.gov/genomes/all/GCF/000/257/475/GCF_000257475.1_SoralisSK100v1.0	s__Streptococcus_oralis_S.json	1095740.0	d__Bacteria	p__Bacillota	c__Bacilli	o__Lactobacillales	f__Streptococcaceae	g__Streptococcus	s__Streptococcus oralis_S		Streptococcus oralis SK100 (1095740.3)	1095740.3	0.0	s__Streptococcus_oralis_S	species
2.0	Human	1005704.0	GCF_000257845.1	GCF_000215365.1	2529292879.0	Strains of species found in the human gut (PMID:24861948) present in PubSEED	Initial strain selection	0.0	0.0	Yes	0.0	Host-associated	Human	Blood	Circulatory system	Gram+	Facultative anaerobe	0.0	0		0.0	2005180.0	2076.0	821045.0	41.0	2004.0	96.53	https://www.ncbi.nlm.nih.gov/assembly/GCF_000215365.1/	s__Streptococcus_oralis_T.json	1005704.0	d__Bacteria	p__Bacillota	c__Bacilli	o__Lactobacillales	f__Streptococcaceae	g__Streptococcus	s__Streptococcus oralis_T		Streptococcus oralis SK255 (1005704.3)	1005704.3	0.0	s__Streptococcus_oralis_T	species
	Human		GCF_000257475.1					0.0	0.0	Yes	0.0	Host-associated	Human			Gram+	Facultative anaerobe	0.0	0		0.0				41.0				s__Streptococcus_oralis_W.json		d__Bacteria	p__Bacillota	c__Bacilli	o__Lactobacillales	f__Streptococcaceae	g__Streptococcus	s__Streptococcus oralis_W				0.0	s__Streptococcus_oralis_W	species
2.0	Human	1161421.0	GCF_000215365.1	GCF_000287715.1	2531839546.0	Strains of species found in the human gut (PMID:24861948) present in PubSEED	Initial strain selection	0.0	0.0	Yes	0.0	Host-associated	Human	Unclassified	Unclassified	Gram+	Facultative anaerobe	0.0	0		0.0	2020585.0	2043.0	822273.0	41.0	2007.0	98.24	ftp://ftp.ncbi.nlm.nih.gov/genomes/all/GCF/000/287/715/GCF_000287715.1_SoralisSK304v1.0	s__Streptococcus_oralis_Y.json	1161421.0	d__Bacteria	p__Bacillota	c__Bacilli	o__Lactobacillales	f__Streptococcaceae	g__Streptococcus	s__Streptococcus oralis_Y		Streptococcus oralis SK304 (1161421.3)	1161421.3	0.0	s__Streptococcus_oralis_Y	species
2.0	Human					Strains of species found in the human gut (PMID:24861948) present in PubSEED	Initial strain selection	0.0	0.0	Yes	0.0	Host-associated	Human			Gram+	Facultative anaerobe	0.0							42.0				s__Streptococcus_parasanguinis.json		d__Bacteria	p__Bacillota	c__Bacilli	o__Lactobacillales	f__Streptococcaceae	g__Streptococcus	s__Streptococcus parasanguinis					s__Streptococcus_parasanguinis	species
2.0	Human	888048.0	GCF_000164675.2	GCF_000187505.1	649990009.0	PMID:20203603; PMID:24861948	AGORA 1.03	0.0	0.0	Yes	0.0	Host-associated	Animal	Unclassified	Respiratory system	Gram+	Facultative anaerobe	0.0	Nonmotile			2116147.0	2119.0	884426.0	42.0	2080.0	98.16	ftp://ftp.ncbi.nlm.nih.gov/genomes/all/GCF/000/187/505/GCF_000187505.1_ASM18750v1	s__Streptococcus_parasanguinis_M.json	888048.0	d__Bacteria	p__Bacillota	c__Bacilli	o__Lactobacillales	f__Streptococcaceae	g__Streptococcus	s__Streptococcus parasanguinis_M		Streptococcus parasanguinis ATCC 903 (888048.3)	888048.3		s__Streptococcus_parasanguinis_M	species
2.0	Human							0.0	0.0	Yes	0.0					Gram+	Facultative anaerobe	0.0	0	0.0	0.0								s__Streptococcus_parauberis.json		d__Bacteria	p__Bacillota	c__Bacilli	o__Lactobacillales	f__Streptococcaceae	g__Streptococcus	s__Streptococcus parauberis	0.0			0.0	s__Streptococcus_parauberis	species
	Human							0.0	0.0	Yes	0.0	Host-associated				Gram+	Facultative anaerobe	0.0							37.0				s__Streptococcus_pasteurianus.json		d__Bacteria	p__Bacillota	c__Bacilli	o__Lactobacillales	f__Streptococcaceae	g__Streptococcus	s__Streptococcus pasteurianus					s__Streptococcus_pasteurianus	species
2.0	Human	888746.0	GCF_000187935.1	GCF_000187585.1	649990011.0	PMID:20203603; PMID:24861948	AGORA 1.03	0.0	0.0	Yes	0.0	Host-associated	Human	Oral	Digestive system	Gram+	Facultative anaerobe	0.0	0			1633292.0	1675.0	639427.0	39.0	1638.0	97.79	ftp://ftp.ncbi.nlm.nih.gov/genomes/all/GCF/000/187/585/GCF_000187585.1_ASM18758v1	s__Streptococcus_peroris.json	888746.0	d__Bacteria	p__Bacillota	c__Bacilli	o__Lactobacillales	f__Streptococcaceae	g__Streptococcus	s__Streptococcus peroris		Streptococcus peroris ATCC 700780 (888746.3)	888746.3		s__Streptococcus_peroris	species
	Human							0.0	0.0	Yes	0.0					Gram+	Facultative anaerobe	0.0		0.0	0.0								s__Streptococcus_pneumoniae.json		d__Bacteria	p__Bacillota	c__Bacilli	o__Lactobacillales	f__Streptococcaceae	g__Streptococcus	s__Streptococcus pneumoniae	0.0				s__Streptococcus_pneumoniae	species
2.0	Human	1054460.0		GCF_000221985.1	2511231123.0	PMID:20203603; PMID:24861948	AGORA 1.03	0.0	0.0	Yes	0.0	Host-associated	Human	Pulmonary system	Respiratory system	Gram+	Facultative anaerobe	0.0	0		0.0	2195458.0	2280.0	873588.0	40.0	2236.0	98.07	ftp://ftp.ncbi.nlm.nih.gov/genomes/all/GCF/000/221/985/GCF_000221985.1_ASM22198v1	s__Streptococcus_pseudopneumoniae.json	1054460.0	d__Bacteria	p__Bacillota	c__Bacilli	o__Lactobacillales	f__Streptococcaceae	g__Streptococcus	s__Streptococcus pseudopneumoniae		Streptococcus pseudopneumoniae IS7493 (1054460.4)	1054460.4	0.0	s__Streptococcus_pseudopneumoniae	species
1.0	Human							0.0	0.0	Yes	0.0	Host-associated				Gram+	Facultative anaerobe	0.0		0.0	0.0								s__Streptococcus_pyogenes.json		d__Bacteria	p__Bacillota	c__Bacilli	o__Lactobacillales	f__Streptococcaceae	g__Streptococcus	s__Streptococcus pyogenes	0.0			0.0	s__Streptococcus_pyogenes	species
2.0	Human	1157946.0	GCF_000225385.1	GCF_000257585.1	2516143101.0	Strains of species found in the human gut (PMID:24861948) present in PubSEED	Initial strain selection	0.0	0.0	Yes	0.0	Host-associated	Human	Unclassified	Milk	Gram+	Facultative anaerobe	0.0	Nonmotile	0.0	0.0	2051527.0	1594.0	816416.0	40.0	1553.0	97.43	ftp://ftp.ncbi.nlm.nih.gov/genomes/all/GCF/000/257/585/GCF_000257585.1_ASM25758v1	s__Streptococcus_raffinosi.json	1157946.0	d__Bacteria	p__Bacillota	c__Bacilli	o__Lactobacillales	f__Streptococcaceae	g__Streptococcus	s__Streptococcus raffinosi		Streptococcus salivarius PS4 (1157946.4)	1157946.4		s__Streptococcus_raffinosi	species
2.0	Human					Strains of species found in the human gut (PMID:24861948) present in PubSEED	Initial strain selection	0.0	0.0	Yes	0.0	Host-associated		Unclassified		Gram+	Facultative anaerobe	0.0			0.0								s__Streptococcus_salivarius_D.json		d__Bacteria	p__Bacillota	c__Bacilli	o__Lactobacillales	f__Streptococcaceae	g__Streptococcus	s__Streptococcus salivarius_D					s__Streptococcus_salivarius_D	species
2.0	Human	596322.0	GCF_000257585.1	GCF_000174715.1	643886022.0	Strains of species found in the human gut (PMID:24861948) present in PubSEED	Initial strain selection	0.0	0.0	Yes	0.0	Host-associated	Human	Unclassified	Skin	Gram+	Facultative anaerobe	0.0	Nonmotile		0.0	2128332.0	2029.0	852546.0	40.0	1992.0	98.18	ftp://ftp.ncbi.nlm.nih.gov/genomes/all/GCF/000/174/715/GCF_000174715.1_ASM17471v1	s__Streptococcus_salivarius_F.json	596322.0	d__Bacteria	p__Bacillota	c__Bacilli	o__Lactobacillales	f__Streptococcaceae	g__Streptococcus	s__Streptococcus salivarius_F		Streptococcus salivarius SK126 (596322.3)	596322.3		s__Streptococcus_salivarius_F	species
2.0	Human	347253.0		GCF_000253315.1	651053074.0	PMID:20203603; PMID:24861948	AGORA 1.03	0.0	0.0	Yes	0.0	Host-associated	Human	Oral	Digestive system	Gram+	Facultative anaerobe	0.0	Nonmotile	0.0	0.0	2210574.0	2065.0	885758.0	40.0	1979.0	95.84	ftp://ftp.ncbi.nlm.nih.gov/genomes/all/GCF/000/253/315/GCF_000253315.1_ASM25331v1	s__Streptococcus_salivarius_G.json	347253.0	d__Bacteria	p__Bacillota	c__Bacilli	o__Lactobacillales	f__Streptococcaceae	g__Streptococcus	s__Streptococcus salivarius_G		Streptococcus salivarius JIM8777 (347253.5)	347253.5		s__Streptococcus_salivarius_G	species
2.0	Human					Strains of species found in the human gut (PMID:24861948) present in PubSEED	Initial strain selection	0.0	0.0	Yes		Host-associated				Gram+	Facultative anaerobe	0.0	Nonmotile		0.0				43.0				s__Streptococcus_sanguinis.json		d__Bacteria	p__Bacillota	c__Bacilli	o__Lactobacillales	f__Streptococcaceae	g__Streptococcus	s__Streptococcus sanguinis					s__Streptococcus_sanguinis	species
2.0	Human	888816.0	GCF_000191085.1	GCF_000212855.1	2537561987.0	Strains of species found in the human gut (PMID:24861948) present in PubSEED	Initial strain selection	0.0	0.0	Yes		Host-associated	Human	Unclassified	Unclassified	Gram+	Facultative anaerobe	0.0	Nonmotile		0.0	2353231.0	2374.0	1020597.0	43.0	2320.0	97.73	ftp://ftp.ncbi.nlm.nih.gov/genomes/all/GCF/000/212/855/GCF_000212855.1_ASM21285v1	s__Streptococcus_sanguinis_A.json	888816.0	d__Bacteria	p__Bacillota	c__Bacilli	o__Lactobacillales	f__Streptococcaceae	g__Streptococcus	s__Streptococcus sanguinis_A		Streptococcus sanguinis SK355 (888816.3)	888816.3		s__Streptococcus_sanguinis_A	species
2.0	Human	888808.0	GCF_000195045.1	GCF_000212815.1	2531839561.0	Strains of species found in the human gut (PMID:24861948) present in PubSEED	Initial strain selection	0.0	0.0	Yes		Host-associated	Human	Unclassified	Unclassified	Gram+	Facultative anaerobe	0.0	Nonmotile		0.0	2260082.0	2326.0	970807.0	43.0	2272.0	97.68	ftp://ftp.ncbi.nlm.nih.gov/genomes/all/GCF/000/212/815/GCF_000212815.1_ASM21281v1	s__Streptococcus_sanguinis_C.json	888808.0	d__Bacteria	p__Bacillota	c__Bacilli	o__Lactobacillales	f__Streptococcaceae	g__Streptococcus	s__Streptococcus sanguinis_C		Streptococcus sanguinis SK49 (888808.3)	888808.3		s__Streptococcus_sanguinis_C	species
2.0	Human					Strains of species found in the human gut (PMID:24861948) present in PubSEED	Initial strain selection	0.0	0.0	Yes						Gram+	Facultative anaerobe	0.0	Nonmotile		0.0				43.0				s__Streptococcus_sanguinis_H.json		d__Bacteria	p__Bacillota	c__Bacilli	o__Lactobacillales	f__Streptococcaceae	g__Streptococcus	s__Streptococcus sanguinis_H					s__Streptococcus_sanguinis_H	species
2.0	Human	888811.0	GCF_000192205.1	GCF_000192245.1	2531839563.0	Strains of species found in the human gut (PMID:24861948) present in PubSEED	Initial strain selection	0.0	0.0	Yes		Host-associated	Human	Oral	Digestive system	Gram+	Facultative anaerobe	0.0	Nonmotile		0.0	2314805.0	2332.0	1000592.0	43.0	2290.0	98.2	ftp://ftp.ncbi.nlm.nih.gov/genomes/all/GCF/000/192/245/GCF_000192245.1_ASM19224v1	s__Streptococcus_sanguinis_M.json	888811.0	d__Bacteria	p__Bacillota	c__Bacilli	o__Lactobacillales	f__Streptococcaceae	g__Streptococcus	s__Streptococcus sanguinis_M		Streptococcus sanguinis SK150 (888811.3)	888811.3		s__Streptococcus_sanguinis_M	species
2.0	Human	997356.0	GCF_000174715.1	GCF_000220315.1	2529293055.0	Strains of species found in the human gut (PMID:24861948) present in PubSEED	Initial strain selection	0.0	0.0	Yes	0.0	Host-associated	Human	Nasopharyngeal	Respiratory system	Gram+	Facultative anaerobe	0.0	Nonmotile			2427335.0	2449.0	1041286.0	43.0	2407.0	98.29	ftp://ftp.ncbi.nlm.nih.gov/genomes/all/GCF/000/220/315/GCF_000220315.1_ASM22031v1	s__Streptococcus_sanguinis_N.json	997356.0	d__Bacteria	p__Bacillota	c__Bacilli	o__Lactobacillales	f__Streptococcaceae	g__Streptococcus	s__Streptococcus sanguinis_N		Streptococcus sanguinis ATCC 29667 (997356.4)	997356.4		s__Streptococcus_sanguinis_N	species
2.0	Human	888824.0	GCF_000212795.1	GCF_000204475.1	2537561981.0	Strains of species found in the human gut (PMID:24861948) present in PubSEED	Initial strain selection	0.0	0.0	Yes		Host-associated	Human	Unclassified	Unclassified	Gram+	Facultative anaerobe	0.0	Nonmotile		0.0	2308399.0	2372.0	996056.0	43.0	2320.0	97.81	ftp://ftp.ncbi.nlm.nih.gov/genomes/all/GCF/000/204/475/GCF_000204475.1_ASM20447v1	s__Streptococcus_sanguinis_R.json	888824.0	d__Bacteria	p__Bacillota	c__Bacilli	o__Lactobacillales	f__Streptococcaceae	g__Streptococcus	s__Streptococcus sanguinis_R		Streptococcus sanguinis SK1087 (888824.3)	888824.3		s__Streptococcus_sanguinis_R	species
2.0	Human	888810.0	GCF_000204475.1	GCF_000192205.1	2531839559.0	Strains of species found in the human gut (PMID:24861948) present in PubSEED	Initial strain selection	0.0	0.0	Yes		Host-associated	Human	Unclassified	Unclassified	Gram+	Facultative anaerobe	0.0	Nonmotile		0.0	2335382.0	2335.0	1012614.0	43.0	2293.0	98.2	ftp://ftp.ncbi.nlm.nih.gov/genomes/all/GCF/000/192/205/GCF_000192205.1_ASM19220v1	s__Streptococcus_sanguinis_W.json	888810.0	d__Bacteria	p__Bacillota	c__Bacilli	o__Lactobacillales	f__Streptococcaceae	g__Streptococcus	s__Streptococcus sanguinis_W		Streptococcus sanguinis SK115 (888810.3)	888810.3		s__Streptococcus_sanguinis_W	species
2.0	Human	888820.0	GCF_001593525.1	GCF_000212835.1	2537561983.0	Strains of species found in the human gut (PMID:24861948) present in PubSEED	Initial strain selection	0.0	0.0	Yes		Host-associated	Human	Unclassified	Unclassified	Gram+	Facultative anaerobe	0.0	Nonmotile		0.0	2364566.0	2419.0	1018939.0	43.0	2377.0	98.26	ftp://ftp.ncbi.nlm.nih.gov/genomes/all/GCF/000/212/835/GCF_000212835.1_ASM21283v1	s__Streptococcus_sanguinis_X.json	888820.0	d__Bacteria	p__Bacillota	c__Bacilli	o__Lactobacillales	f__Streptococcaceae	g__Streptococcus	s__Streptococcus sanguinis_X		Streptococcus sanguinis SK1056 (888820.3)	888820.3		s__Streptococcus_sanguinis_X	species
1.0	Human						Literature research	0.0	0.0	Yes		Host-associated	Animal	Unclassified	Digestive system	Gram+	Facultative anaerobe	0.0	Nonmotile		0.0								s__Streptococcus_sobrinus.json		d__Bacteria	p__Bacillota	c__Bacilli	o__Lactobacillales	f__Streptococcaceae	g__Streptococcus	s__Streptococcus sobrinus					s__Streptococcus_sobrinus	species
1.0	Human	1203590.0	GCF_000411475.1	GCF_000411475.1	2541047013.0	PMID:31275260	Literature research	0.0	0.0	Yes	0.0	Host-associated	Human	Unclassified	Digestive system	Gram+	Facultative anaerobe	0.0	0			1753968.0	1733.0	694177.0	40.0	1660.0	95.79	ftp://ftp.ncbi.nlm.nih.gov/genomes/all/GCF/000/411/475/GCF_000411475.1_Stre_sp_HPH0090_V1	s__Streptococcus_sp000411475.json	1203590.0	d__Bacteria	p__Bacillota	c__Bacilli	o__Lactobacillales	f__Streptococcaceae	g__Streptococcus	s__Streptococcus sp000411475		Streptococcus sp. HPH0090 (1203590.3)	1203590.3	0.0	s__Streptococcus_sp000411475	species
2.0	Human	1200793.0	GCF_000253315.1	GCF_000286295.1	2563366753.0	Strains of species found in the human gut (PMID:24861948) present in PubSEED	Initial strain selection	0.0	0.0	Yes	0.0	Host-associated	Human	Oral	Digestive system	Gram+	Facultative anaerobe	0.0	0	0.0	0.0	2426359.0	2312.0	958818.0	40.0	2242.0	96.97	ftp://ftp.ncbi.nlm.nih.gov/genomes/all/GCF/000/286/295/GCF_000286295.1_SsalK12v1	s__Streptococcus_sp001556435.json	1200793.0	d__Bacteria	p__Bacillota	c__Bacilli	o__Lactobacillales	f__Streptococcaceae	g__Streptococcus	s__Streptococcus sp001556435	0.0	Streptococcus salivarius K12 (1200793.3)	1200793.3	0.0	s__Streptococcus_sp001556435	species
1.0	Human	1095726.0		GCF_000259525.1	2513237363.0	PMID:31275260	Literature research	0.0	0.0	Yes	0.0	Host-associated	Human	Unclassified	Unclassified	Gram+	Facultative anaerobe	0.0	0		0.0	1902560.0	1886.0	750312.0	39.0	1856.0	98.41	ftp://ftp.ncbi.nlm.nih.gov/genomes/all/GCF/000/259/525/GCF_000259525.1_SspSK140v1.0	s__Streptococcus_sp001811305.json	1095726.0	d__Bacteria	p__Bacillota	c__Bacilli	o__Lactobacillales	f__Streptococcaceae	g__Streptococcus	s__Streptococcus sp001811305		Streptococcus sp. SK140 (1095726.3)	1095726.3	0.0	s__Streptococcus_sp001811305	species
1.0	Human	1169674.0	GCF_000298715.2	GCF_000298715.2	2548877064.0	PMID:31171880	Literature research	0.0	0.0	Yes	0.0	Host-associated	Animal	Unclassified	Digestive system	Gram+	Facultative anaerobe	0.0	0	0.0	0.0	2027048.0	1990.0	833533.0	41.0	1942.0	97.59	ftp://ftp.ncbi.nlm.nih.gov/genomes/all/GCF/000/298/715/GCF_000298715.2_ASM29871v2	s__Streptococcus_sp029691405.json	1169674.0	d__Bacteria	p__Bacillota	c__Bacilli	o__Lactobacillales	f__Streptococcaceae	g__Streptococcus	s__Streptococcus sp029691405		Streptococcus sp. GMD5S (1169674.3)	1169674.3		s__Streptococcus_sp029691405	species
2.0	Human	888813.0	GCF_000192275.1	GCF_000195025.1	2531839562.0	Strains of species found in the human gut (PMID:24861948) present in PubSEED	Initial strain selection	0.0	0.0	Yes		Host-associated	Human	Unclassified	Unclassified	Gram+	Facultative anaerobe	0.0	Nonmotile		0.0	2413897.0	2442.0	1036866.0	43.0	2388.0	97.79	ftp://ftp.ncbi.nlm.nih.gov/genomes/all/GCF/000/195/025/GCF_000195025.1_ASM19502v1	s__Streptococcus_sp905212325.json	888813.0	d__Bacteria	p__Bacillota	c__Bacilli	o__Lactobacillales	f__Streptococcaceae	g__Streptococcus	s__Streptococcus sp905212325		Streptococcus sanguinis SK330 (888813.3)	888813.3		s__Streptococcus_sp905212325	species
2.0	Human							0.0	0.0	Yes	0.0					Gram+	Facultative anaerobe	0.0		0.0	0.0				39.0				s__Streptococcus_thermophilus.json		d__Bacteria	p__Bacillota	c__Bacilli	o__Lactobacillales	f__Streptococcaceae	g__Streptococcus	s__Streptococcus thermophilus					s__Streptococcus_thermophilus	species
2.0	Human	1123318.0	GCF_000182875.1	GCF_000380145.1	2515154195.0	PMID:20203603; PMID:24861948	AGORA 1.03	0.0	0.0	Yes	0.0	Host-associated	Mammals	Unclassified	Digestive system	Gram+	Facultative anaerobe	0.0	Nonmotile			2385218.0	2261.0	915122.0	38.0	2207.0	97.61	ftp://ftp.ncbi.nlm.nih.gov/genomes/all/GCF/000/380/145/GCF_000380145.1_ASM38014v1	s__Streptococcus_thoraltensis.json	1123318.0	d__Bacteria	p__Bacillota	c__Bacilli	o__Lactobacillales	f__Streptococcaceae	g__Streptococcus	s__Streptococcus thoraltensis		Streptococcus thoraltensis DSM 12221 (1123318.3)	1123318.3		s__Streptococcus_thoraltensis	species
2.0	Human	218495.0		GCF_000009545.1	643348578.0	PMID:20203603; PMID:24861948	AGORA 1.03	0.0	0.0	Yes		Host-associated	Mammals	Unclassified	Unclassified	Gram+	Facultative anaerobe	0.0	Nonmotile	0.0	0.0	1852352.0	1843.0	678550.0	37.0	1760.0	95.5	ftp://ftp.ncbi.nlm.nih.gov/genomes/all/GCF/000/009/545/GCF_000009545.1_ASM954v1	s__Streptococcus_uberis.json	218495.0	d__Bacteria	p__Bacillota	c__Bacilli	o__Lactobacillales	f__Streptococcaceae	g__Streptococcus	s__Streptococcus uberis		Streptococcus uberis 0140J (218495.5)	218495.5		s__Streptococcus_uberis	species
2.0	Human	742820.0	GCF_000264975.1	GCF_000186545.1	649990001.0	PMID:20203603; PMID:24861948	AGORA 1.03	0.0	0.0	Yes	0.0	Host-associated	Human	Large intestine	Digestive system	Gram+	Facultative anaerobe	0.0	0		0.0	1815537.0	1831.0	704552.0	39.0	1767.0	96.5	ftp://ftp.ncbi.nlm.nih.gov/genomes/all/GCF/000/186/545/GCF_000186545.1_Strep_angi_1_2_62CV_V1	s__Streptococcus_vaginalis.json	742820.0	d__Bacteria	p__Bacillota	c__Bacilli	o__Lactobacillales	f__Streptococcaceae	g__Streptococcus	s__Streptococcus vaginalis		Streptococcus anginosus 1_2_62CV (742820.3)	742820.3		s__Streptococcus_vaginalis	species
2.0	Human							0.0	0.0	Yes	0.0	Host-associated	Human	Oral	Digestive system	Gram+	Facultative anaerobe	0.0	0		0.0				40.0				s__Streptococcus_vestibularis.json		d__Bacteria	p__Bacillota	c__Bacilli	o__Lactobacillales	f__Streptococcaceae	g__Streptococcus	s__Streptococcus vestibularis					s__Streptococcus_vestibularis	species
2.0	Human	1095729.0	GCF_000186545.1	GCF_000257765.1	2558860192.0	Strains of species found in the human gut (PMID:24861948) present in PubSEED	Initial strain selection	0.0	0.0	Yes	0.0	Host-associated	Animal	Unclassified	Digestive system	Gram+	Facultative anaerobe	0.0	0		0.0	2294730.0	2379.0	883567.0	39.0	2327.0	97.81	ftp://ftp.ncbi.nlm.nih.gov/genomes/all/GCF/000/257/765/GCF_000257765.1_ASM25776v1	s__Streptococcus_whileyi.json	1095729.0	d__Bacteria	p__Bacillota	c__Bacilli	o__Lactobacillales	f__Streptococcaceae	g__Streptococcus	s__Streptococcus whileyi		Streptococcus anginosus CCUG 39159 (1095729.3)	1095729.3	0.0	s__Streptococcus_whileyi	species
2.0	Human	997830.0	GCF_000223255.1	GCF_000223335.1	2534681959.0	Strains of species found in the human gut (PMID:24861948) present in PubSEED	Initial strain selection	0.0	0.0	Yes	0.0	Host-associated	Human	Blood	Circulatory system	Gram+	Facultative anaerobe	0.0	0		0.0	1869505.0	1991.0	739675.0	40.0	1917.0	96.28	ftp://ftp.ncbi.nlm.nih.gov/genomes/all/GCF/000/223/335/GCF_000223335.1_ASM22333v2	s__Streptococcus_wuxiensis.json	997830.0	d__Bacteria	p__Bacillota	c__Bacilli	o__Lactobacillales	f__Streptococcaceae	g__Streptococcus	s__Streptococcus wuxiensis		Streptococcus infantis X (997830.4)	997830.4	0.0	s__Streptococcus_wuxiensis	species
0.0	Human	1203592.0	GCF_000411495.1	GCF_000411495.1		PMID:30745586	Literature research									Gram+												ftp://ftp.ncbi.nlm.nih.gov/genomes/all/GCF/000/411/495/GCF_000411495.1_Stre_sp_HPH0547_V1	s__Streptomyces_albus.json	1203592.0	d__Bacteria	p__Actinomycetota	c__Actinomycetes	o__Streptomycetales	f__Streptomycetaceae	g__Streptomyces	s__Streptomyces albus					s__Streptomyces_albus	species
2.0	Human	96563.0		GCF_004359495.1	650716077.0	Strains of species found in the human gut (PMID:24861948) present in PubSEED	Initial strain selection	0.0	0.0	Yes	0.0	Host-associated	Human	Cerebrospinal fluid	Nervous system	Gram-	Aerobe		Motile		0.0	4547930.0	4287.0	2907420.0	64.0	4217.0	98.37	https://www.ncbi.nlm.nih.gov/assembly/GCF_004359495.1	s__Stutzerimonas_frequens.json	96563.0	d__Bacteria	p__Pseudomonadota	c__Gammaproteobacteria	o__Pseudomonadales	f__Pseudomonadaceae	g__Stutzerimonas	s__Stutzerimonas frequens		Pseudomonas stutzeri ATCC 17588 = LMG 11199 (96563.4)	96563.4		s__Stutzerimonas_frequens	species
2.0	Human	1196835.0		GCF_000267545.1	2518645567.0	Strains of species found in the human gut (PMID:24861948) present in PubSEED	Initial strain selection	0.0	0.0	Yes	0.0	Environmental	Aquatic	Marginal Sea	Marine	Gram-	Aerobe	0.0	Motile	0.0	0.0	4709064.0	4374.0	2950960.0	63.0	4300.0	98.31	ftp://ftp.ncbi.nlm.nih.gov/genomes/all/GCF/000/267/545/GCF_000267545.1_ASM26754v1	s__Stutzerimonas_kunmingensis_B.json	1196835.0	d__Bacteria	p__Pseudomonadota	c__Gammaproteobacteria	o__Pseudomonadales	f__Pseudomonadaceae	g__Stutzerimonas	s__Stutzerimonas kunmingensis_B		Pseudomonas stutzeri CCUG 29243 (1196835.3)	1196835.3	0.0	s__Stutzerimonas_kunmingensis_B	species
2.0	Human	1123519.0		GCF_000279165.1	2519899778.0	Strains of species found in the human gut (PMID:24861948) present in PubSEED	Initial strain selection	0.0	0.0	Yes	0.0	Environmental	Terrestrial	Unclassified	Soil	Gram-	Aerobe		Motile	0.0	0.0	4174118.0	3888.0	2638609.0	63.0	3815.0	98.12	ftp://ftp.ncbi.nlm.nih.gov/genomes/all/GCF/000/279/165/GCF_000279165.1_ASM27916v1	s__Stutzerimonas_nitrititolerans.json	1123519.0	d__Bacteria	p__Pseudomonadota	c__Gammaproteobacteria	o__Pseudomonadales	f__Pseudomonadaceae	g__Stutzerimonas	s__Stutzerimonas nitrititolerans		Pseudomonas stutzeri DSM 10701 (1123519.7)	1123519.7		s__Stutzerimonas_nitrititolerans	species
2.0	Human							0.0	0.0	Yes	0.0			Unclassified		Gram-	Aerobe			0.0	0.0				64.0				s__Stutzerimonas_stutzeri.json		d__Bacteria	p__Pseudomonadota	c__Gammaproteobacteria	o__Pseudomonadales	f__Pseudomonadaceae	g__Stutzerimonas	s__Stutzerimonas stutzeri					s__Stutzerimonas_stutzeri	species
2.0	Human	32042.0		GCF_000237885.1	2529293194.0	Strains of species found in the human gut (PMID:24861948) present in PubSEED	Initial strain selection	0.0	0.0	Yes	0.0	Environmental	Aquatic	Unclassified	Marine	Gram-	Aerobe		Motile	0.0	0.0	4525589.0	4181.0	2777947.0	61.0	4126.0	98.68	ftp://ftp.ncbi.nlm.nih.gov/genomes/all/GCF/000/237/885/GCF_000237885.1_PseStu_1.0	s__Stutzerimonas_stutzeri_AC.json	32042.0	d__Bacteria	p__Pseudomonadota	c__Gammaproteobacteria	o__Pseudomonadales	f__Pseudomonadaceae	g__Stutzerimonas	s__Stutzerimonas stutzeri_AC		Pseudomonas stutzeri ATCC 14405 = CCUG 16156 (32042.3)	32042.3		s__Stutzerimonas_stutzeri_AC	species
2.0	Human	644801.0		GCF_000327065.1	2507149015.0	Strains of species found in the human gut (PMID:24861948) present in PubSEED	Initial strain selection	0.0	0.0	Yes	0.0	Environmental	Terrestrial	Unclassified	Soil	Gram-	Aerobe		Motile	0.0	0.0	4600489.0	4412.0	2874963.0	62.0	4322.0	97.96	ftp://ftp.ncbi.nlm.nih.gov/genomes/all/GCF/000/327/065/GCF_000327065.1_ASM32706v1	s__Stutzerimonas_stutzeri_AE.json	644801.0	d__Bacteria	p__Pseudomonadota	c__Gammaproteobacteria	o__Pseudomonadales	f__Pseudomonadaceae	g__Stutzerimonas	s__Stutzerimonas stutzeri_AE		Pseudomonas stutzeri RCH2 (644801.3)	644801.3		s__Stutzerimonas_stutzeri_AE	species
1.0	Human	1218352.0	NZ_KK020675	GCF_000307775.2	2519899602.0	PMID:31275260	Literature research	0.0	0.0	Yes	0.0	Engineered	Wastewater	Unclassified	Industrial wastewater	Gram-	Aerobe	0.0	0	0.0	0.0	5014616.0	4603.0	3151806.0	63.0	4540.0	98.63	ftp://ftp.ncbi.nlm.nih.gov/genomes/all/GCF/000/307/775/GCF_000307775.2_PseStu2.0	s__Stutzerimonas_stutzeri_B.json	1218352.0	d__Bacteria	p__Pseudomonadota	c__Gammaproteobacteria	o__Pseudomonadales	f__Pseudomonadaceae	g__Stutzerimonas	s__Stutzerimonas stutzeri_B	0.0	Pseudomonas stutzeri KOS6 (1218352.3)	1218352.3	0.0	s__Stutzerimonas_stutzeri_B	species
2.0	Human	477228.0		GCF_000263395.1	2531839177.0	Strains of species found in the human gut (PMID:24861948) present in PubSEED	Initial strain selection	0.0	0.0	Yes	0.0	Environmental	Terrestrial	Unclassified	Soil	Gram-	Aerobe		Motile	0.0	0.0	4278818.0	4060.0	2753501.0	64.0	4000.0	98.52	ftp://ftp.ncbi.nlm.nih.gov/genomes/all/GCF/000/263/395/GCF_000263395.1_ASM26339v1	s__Stutzerimonas_stutzeri_C.json	477228.0	d__Bacteria	p__Pseudomonadota	c__Gammaproteobacteria	o__Pseudomonadales	f__Pseudomonadaceae	g__Stutzerimonas	s__Stutzerimonas stutzeri_C		Pseudomonas stutzeri TS44 (477228.3)	477228.3	0.0	s__Stutzerimonas_stutzeri_C	species
2.0	Human	1212548.0		GCF_000341615.1	2537562078.0	Strains of species found in the human gut (PMID:24861948) present in PubSEED	Initial strain selection	0.0	0.0	Yes	0.0	0	0	0	0	Gram-	Aerobe	0.0	0	0.0	0.0	4674667.0	4379.0	2946851.0	63.0	4321.0	98.68	ftp://ftp.ncbi.nlm.nih.gov/genomes/all/GCF/000/341/615/GCF_000341615.1_PstNF13_1.0	s__Stutzerimonas_stutzeri_G.json	1212548.0	d__Bacteria	p__Pseudomonadota	c__Gammaproteobacteria	o__Pseudomonadales	f__Pseudomonadaceae	g__Stutzerimonas	s__Stutzerimonas stutzeri_G	0.0	Pseudomonas stutzeri NF13 (1212548.4)	1212548.4	0.0	s__Stutzerimonas_stutzeri_G	species
2.0	Human	1109445.0		GCF_000235745.1	2516653030.0	Strains of species found in the human gut (PMID:24861948) present in PubSEED	Initial strain selection	0.0	0.0	Yes	0.0	0	0	0	0	Gram-	Aerobe		Motile	0.0	0.0	4233213.0	4050.0	2563641.0	61.0	3961.0	97.8	ftp://ftp.ncbi.nlm.nih.gov/genomes/all/GCF/000/235/745/GCF_000235745.1_ASM23574v2	s__Stutzerimonas_stutzeri_H.json	1109445.0	d__Bacteria	p__Pseudomonadota	c__Gammaproteobacteria	o__Pseudomonadales	f__Pseudomonadaceae	g__Stutzerimonas	s__Stutzerimonas stutzeri_H		Pseudomonas stutzeri SDM-LAC (1109445.3)	1109445.3		s__Stutzerimonas_stutzeri_H	species
2.0	Human	762983.0		GCF_000188195.1	649990019.0	PMID:20203603; PMID:24861948	AGORA 1.03	0.0	0.0	Yes	0.0	Host-associated	Human	Large intestine	Digestive system	Gram-	Obligate anaerobe	0.0	Nonmotile			2305942.0	2223.0	928741.0	40.0	2169.0	97.57	ftp://ftp.ncbi.nlm.nih.gov/genomes/all/GCF/000/188/195/GCF_000188195.1_ASM18819v1	s__Succinatimonas_hippei.json	762983.0	d__Bacteria	p__Pseudomonadota	c__Gammaproteobacteria	o__Enterobacterales	f__Succinivibrionaceae	g__Succinatimonas	s__Succinatimonas hippei		Succinatimonas hippei YIT 12066 (762983.3)	762983.3		s__Succinatimonas_hippei	species
0.0	Human	1123323.0	GCF_900112895.1	GCF_900112895.1	2654588123.0	https://www.biorxiv.org/content/10.1101/691030v1	Literature research	0.0	0.0	Yes	0.0	Host-associated	Mammals	Foregut	Digestive system	Gram-	Anaerobe	0.0	Nonmotile	0.0	0.0	2539887.0	2360.0	1261854.0	50.0	2287.0	96.91	ftp://ftp.ncbi.nlm.nih.gov/genomes/all/GCF/900/112/895/GCF_900112895.1_IMG-taxon_2654588123_annotated_assembly	s__Succiniclasticum_ruminis.json	1123323.0	d__Bacteria	p__Bacillota	c__Negativicutes	o__Acidaminococcales	f__Acidaminococcaceae	g__Succiniclasticum	s__Succiniclasticum ruminis					s__Succiniclasticum_ruminis	species
0.0	Human	1410676.0		GCF_000702045.1	2562617003.0	PMID:20203603; PMID:24861948	AGORA 1.03	0.0	0.0	Yes	0.0	0	0	0	0	Gram-	0	0.0	0	0.0	0.0	2675466.0	2430.0	1040764.0	39.0	2350.0	96.71	ftp://ftp.ncbi.nlm.nih.gov/genomes/all/GCF/000/702/045/GCF_000702045.1_ASM70204v1	s__Succinivibrio_dextrinosolvens.json	1410676.0	d__Bacteria	p__Pseudomonadota	c__Gammaproteobacteria	o__Enterobacterales	f__Succinivibrionaceae	g__Succinivibrio	s__Succinivibrio dextrinosolvens	0.0			0.0	s__Succinivibrio_dextrinosolvens	species
1.0	Human	762967.0		GCF_000250875.1	2513237371.0	PMID:20203603; PMID:24861948	AGORA 1.03	0.0	0.0	Yes	0.0	Host-associated	Human	Large intestine	Digestive system	Gram-	Anaerobe	0.0	0		0.0	2374505.0	2550.0	1550085.0	65.0	2483.0	97.37	ftp://ftp.ncbi.nlm.nih.gov/genomes/all/GCF/000/250/875/GCF_000250875.1_ASM25087v1	s__Sutterella_parvirubra.json	762967.0	d__Bacteria	p__Pseudomonadota	c__Gammaproteobacteria	o__Burkholderiales	f__Burkholderiaceae_F	g__Sutterella	s__Sutterella parvirubra		Sutterella parvirubra YIT 11816 (762967.3)	762967.3	0.0	s__Sutterella_parvirubra	species
2.0	Human		GCF_000297775.1					0.0	0.0	Yes	0.0	Host-associated	Human	Unclassified		Gram-	Anaerobe	0.0	0		0.0				55.0				s__Sutterella_wadsworthensis.json		d__Bacteria	p__Pseudomonadota	c__Gammaproteobacteria	o__Burkholderiales	f__Burkholderiaceae_F	g__Sutterella	s__Sutterella wadsworthensis				0.0	s__Sutterella_wadsworthensis	species
2.0	Human	742823.0		GCF_000297775.1	2531839589.0	Strains of species found in the human gut (PMID:24861948) present in PubSEED	Initial strain selection	0.0	0.0	Yes	0.0	Host-associated	Human	Unclassified	Unclassified	Gram-	Anaerobe	0.0	Motile		0.0	2665453.0	2448.0	1641942.0	62.0	2369.0	96.77	ftp://ftp.ncbi.nlm.nih.gov/genomes/all/GCF/000/297/775/GCF_000297775.1_Sutt_wads_2_1_59BFAA_V1	s__Sutterella_wadsworthensis_A.json	742823.0	d__Bacteria	p__Pseudomonadota	c__Gammaproteobacteria	o__Burkholderiales	f__Burkholderiaceae_F	g__Sutterella	s__Sutterella wadsworthensis_A		Sutterella wadsworthensis 2_1_59BFAA (742823.3)	742823.3		s__Sutterella_wadsworthensis_A	species
0.0	Human	2754.0	GCF_000712295.1	GCF_001757465.1	2609460167.0	https://www.biorxiv.org/content/10.1101/691030v1	Literature research	0.0	0.0	Yes	0.0	Host-associated	Mammals	Foregut	Digestive system	Gram-	Obligate anaerobe	0.0	0			2741240.0	2643.0	1543996.0	56.0	2574.0	97.39	ftp://ftp.ncbi.nlm.nih.gov/genomes/all/GCF/001/757/465/GCF_001757465.1_ASM175746v1	s__Synergistes_jonesii.json	2754.0	d__Bacteria	p__Synergistota	c__Synergistia	o__Synergistales	f__Synergistaceae	g__Synergistes	s__Synergistes jonesii	0.0			0.0	s__Synergistes_jonesii	species
1.0	Mouse	56780.0		GCF_000013405.1	637000317.0	Personal communication, Dr. Jan Krumsiek	Personal communication	0.0	0.0	Yes	0.0	Engineered	Wastewater	Unclassified	Unclassified	Gram-	Anaerobe		Nonmotile	0.0	0.0	3179300.0	3226.0	1636069.0	51.0	3168.0	98.2	ftp://ftp.ncbi.nlm.nih.gov/genomes/all/GCF/000/013/405/GCF_000013405.1_ASM1340v1	s__Syntrophus_aciditrophicus.json	56780.0	d__Bacteria	p__Desulfobacterota	c__Syntrophia	o__Syntrophales	f__Syntrophaceae	g__Syntrophus	s__Syntrophus aciditrophicus		Syntrophus aciditrophicus SB (56780.15)	56780.15		s__Syntrophus_aciditrophicus	species
0.0	Mouse	43775.0		GCF_900109885.1	2634166346.0	Personal communication, Dr. Jan Krumsiek	Personal communication	0.0	0.0	Yes	0.0	Engineered	Wastewater	Unclassified	Sewage	Gram-	Anaerobe	0.0	0	0.0	0.0	3716692.0	3466.0	1952875.0	53.0	3397.0	98.01	ftp://ftp.ncbi.nlm.nih.gov/genomes/all/GCF/900/109/885/GCF_900109885.1_IMG-taxon_2634166346_annotated_assembly	s__Syntrophus_gentianae.json	43775.0	d__Bacteria	p__Desulfobacterota	c__Syntrophia	o__Syntrophales	f__Syntrophaceae	g__Syntrophus	s__Syntrophus gentianae	0.0			0.0	s__Syntrophus_gentianae	species
0.0	Human	1005995.0		GCF_000735525.1	2671180926.0	PMID:20203603; PMID:24861948	AGORA 1.03	0.0	0.0	Yes	0.0	Host-associated	Animal	Unclassified	Respiratory system	Gram-	0	0.0	0	0.0	0.0	3539047.0	3405.0	1826182.0	52.0	3282.0	96.39	ftp://ftp.ncbi.nlm.nih.gov/genomes/all/GCF/000/735/525/GCF_000735525.1_GTPT_DRAFTv1	s__Tatumella_ptyseos.json	1005995.0	d__Bacteria	p__Pseudomonadota	c__Gammaproteobacteria	o__Enterobacterales	f__Enterobacteriaceae	g__Tatumella	s__Tatumella ptyseos				0.0	s__Tatumella_ptyseos	species
2.0	Human	1121315.0		GCF_000373865.1	2515154199.0	PMID:20203603; PMID:24861948	AGORA 1.03	0.0	0.0	Yes	0.0	Environmental	Terrestrial	Unclassified	Soil	Gram+	Anaerobe	0.0	Motile	0.0	0.0	4003496.0	3918.0	1134072.0	28.0	3842.0	98.06	ftp://ftp.ncbi.nlm.nih.gov/genomes/all/GCF/000/373/865/GCF_000373865.1_ASM37386v1	s__Terrisporobacter_glycolicus.json	1121315.0	d__Bacteria	p__Bacillota	c__Clostridia	o__Peptostreptococcales	f__Peptostreptococcaceae	g__Terrisporobacter	s__Terrisporobacter glycolicus		Clostridium glycolicum ATCC 14880 (1121315.3)	1121315.3		s__Terrisporobacter_glycolicus	species
0.0	Human	290335.0			2836819050.0	https://www.biorxiv.org/content/10.1101/691030v1	Literature research	0.0	0.0	Yes	0.0	0	0	0	0	Gram+	Facultative anaerobe	0.0	0	0.0	0.0	2732026.0	2737.0	1008594.0	37.0	2589.0	94.59		s__Tetragenococcus_koreensis.json	290335.0	d__Bacteria	p__Bacillota	c__Bacilli	o__Lactobacillales	f__Enterococcaceae	g__Tetragenococcus	s__Tetragenococcus koreensis	0.0			0.0	s__Tetragenococcus_koreensis	species
1.0	Mouse	340099.0		GCF_000019085.1	641522655.0	Personal communication, Dr. Jan Krumsiek	Personal communication	0.0	0.0	Yes	0.0	Environmental	Aquatic	Unclassified	Thermal springs	Gram+	Anaerobe		Motile	0.0	0.0	2362816.0	2363.0	815473.0	35.0	2291.0	96.95	ftp://ftp.ncbi.nlm.nih.gov/genomes/all/GCF/000/019/085/GCF_000019085.1_ASM1908v1	s__Thermoanaerobacter_pseudethanolicus.json	340099.0	d__Bacteria	p__Bacillota	c__Thermoanaerobacteria	o__Thermoanaerobacterales	f__Thermoanaerobacteraceae	g__Thermoanaerobacter	s__Thermoanaerobacter pseudethanolicus		Thermoanaerobacter pseudethanolicus ATCC 33223 (340099.6)	340099.6		s__Thermoanaerobacter_pseudethanolicus	species
	Human					https://www.biorxiv.org/content/10.1101/691030v1	Literature research	0.0	0.0							Gram+	Anaerobe	0.0	0	0.0	0.0								s__Thermoclostridium_stercorarium.json		d__Bacteria	p__Bacillota	c__Clostridia	o__DSM-8532	f__DSM-8532	g__Thermoclostridium	s__Thermoclostridium stercorarium	0.0			0.0	s__Thermoclostridium_stercorarium	species
	Human					PMID:31171880	Literature research	0.0	0.0	Yes	0.0					Gram-	Facultative	0.0	0	0.0	0.0				65.0				s__Thermus_scotoductus.json		d__Bacteria	p__Deinococcota	c__Deinococci	o__Deinococcales	f__Thermaceae	g__Thermus	s__Thermus scotoductus				0.0	s__Thermus_scotoductus	species
0.0	Mouse	69824.0	NZ_FOIN01000088	GCF_002803405.1	2634166354.0	PMID:27670113	Literature research	0.0	0.0	Yes	0.0	Host-associated	Mammals	Large intestine	Digestive system	Gram+	Anaerobe	0.0	Nonmotile	0.0	0.0	2957106.0	2838.0	842411.0	29.0	2760.0	97.25	ftp://ftp.ncbi.nlm.nih.gov/genomes/all/GCF/002/803/405/GCF_002803405.1_ASM280340v1	s__Thomasclavelia_cocleata.json	69824.0	d__Bacteria	p__Bacillota_I	c__Bacilli_A	o__Erysipelotrichales	f__Coprobacillaceae	g__Thomasclavelia	s__Thomasclavelia cocleata					s__Thomasclavelia_cocleata	species
1.0	Human							0.0	0.0	Yes	0.0	Host-associated	Human		Digestive system	Gram+		0.0	0		0.0								s__Thomasclavelia_ramosa.json		d__Bacteria	p__Bacillota_I	c__Bacilli_A	o__Erysipelotrichales	f__Coprobacillaceae	g__Thomasclavelia	s__Thomasclavelia ramosa				0.0	s__Thomasclavelia_ramosa	species
0.0	Human	1121333.0		GCF_000686665.1	2563366727.0	PMID:20203603; PMID:24861948	AGORA 1.03	0.0	0.0	Yes	0.0	Host-associated	Human	Large intestine	Digestive system	Gram+	Anaerobe	0.0	0	0.0	0.0	3143441.0	2906.0	947707.0	30.0	2825.0	97.21	ftp://ftp.ncbi.nlm.nih.gov/genomes/all/GCF/000/686/665/GCF_000686665.1_ASM68666v1	s__Thomasclavelia_saccharogumia.json	1121333.0	d__Bacteria	p__Bacillota_I	c__Bacilli_A	o__Erysipelotrichales	f__Coprobacillaceae	g__Thomasclavelia	s__Thomasclavelia saccharogumia					s__Thomasclavelia_saccharogumia	species
2.0	Human	428126.0		GCF_000154805.1	641736169.0	PMID:20203603; PMID:24861948	AGORA 1.03	0.0	0.0	Yes	0.0	Host-associated	Human	Large intestine	Digestive system	Gram+	Anaerobe	0.0	Motile		0.0	2507485.0	2538.0	716545.0	29.0	2465.0	97.12	ftp://ftp.ncbi.nlm.nih.gov/genomes/all/GCF/000/154/805/GCF_000154805.1_ASM15480v1	s__Thomasclavelia_spiroformis.json	428126.0	d__Bacteria	p__Bacillota_I	c__Bacilli_A	o__Erysipelotrichales	f__Coprobacillaceae	g__Thomasclavelia	s__Thomasclavelia spiroformis		Clostridium spiroforme DSM 1552 (428126.7)	428126.7		s__Thomasclavelia_spiroformis	species
0.0	Human	1095772.0	GCF_000312125.1	GCF_000312125.1	2547132155.0	PMID:25567229	Literature research	0.0	0.0	Yes	0.0	Host-associated	Human	Large intestine	Digestive system	Gram+	Aerobe	0.0	Motile		0.0	2986605.0	2817.0	1834645.0	61.0	2735.0	97.09	ftp://ftp.ncbi.nlm.nih.gov/genomes/all/GCF/000/312/125/GCF_000312125.1_ASM31212v1	s__Timonella_senegalensis.json	1095772.0	d__Bacteria	p__Actinomycetota	c__Actinomycetes	o__Actinomycetales	f__Cellulomonadaceae	g__Timonella	s__Timonella senegalensis					s__Timonella_senegalensis	species
0.0	Human	1005994.0		GCF_000734965.1	2588253800.0	PMID:20203603; PMID:24861948	AGORA 1.03	0.0	0.0	Yes	0.0	Environmental	Unclassified	Unclassified	Unclassified	Gram-	0	0.0	0	0.0	0.0	4929751.0	4807.0	2641843.0	54.0	4740.0	98.61	ftp://ftp.ncbi.nlm.nih.gov/genomes/all/GCF/000/734/965/GCF_000734965.1_ASM73496v1	s__Trabulsiella_guamensis.json	1005994.0	d__Bacteria	p__Pseudomonadota	c__Gammaproteobacteria	o__Enterobacterales	f__Enterobacteriaceae	g__Trabulsiella	s__Trabulsiella guamensis	0.0			0.0	s__Trabulsiella_guamensis	species
0.0	Human	1504822.0		GCF_000752675.2		PMID:25567229	Literature research																					ftp://ftp.ncbi.nlm.nih.gov/genomes/all/GCF/000/752/675/GCF_000752675.2_Jeddahella_massiliensis	s__Tractidigestivibacter_sp000752675.json	1504822.0	d__Bacteria	p__Actinomycetota	c__Coriobacteriia	o__Coriobacteriales	f__Atopobiaceae	g__Tractidigestivibacter	s__Tractidigestivibacter sp000752675					s__Tractidigestivibacter_sp000752675	species
1.0	Human	1125700.0	GCF_000413035.1	GCF_000413035.1	2541046975.0	PMID:31171880	Literature research	0.0	0.0	Yes	0.0	Host-associated	Human	Oral	Digestive system	Gram-	Anaerobe	0.0	Motile		0.0	2715791.0	2392.0	1201902.0	44.0	2338.0	97.74	ftp://ftp.ncbi.nlm.nih.gov/genomes/all/GCF/000/413/035/GCF_000413035.1_Trep_medi_ATCC_700293_V1	s__Treponema_medium.json	1125700.0	d__Bacteria	p__Spirochaetota	c__Spirochaetia	o__Treponematales	f__Treponemataceae	g__Treponema	s__Treponema medium		Treponema medium ATCC 700293 (1125700.3)	1125700.3		s__Treponema_medium	species
1.0	Human					PMID:31171880	Literature research	0.0	0.0	Yes	0.0	Host-associated		Unclassified		Gram-	0	0.0	0		0.0				46.0				s__Treponema_vincentii.json		d__Bacteria	p__Spirochaetota	c__Spirochaetia	o__Treponematales	f__Treponemataceae	g__Treponema	s__Treponema vincentii					s__Treponema_vincentii	species
	Human						Literature research	0.0	0.0	Yes	0.0	Host-associated				Gram-	Obligate anaerobe	0.0	0		0.0				38.0				s__Treponema_B_denticola.json		d__Bacteria	p__Spirochaetota	c__Spirochaetia	o__Treponematales	f__Treponemataceae	g__Treponema_B	s__Treponema_B denticola				0.0	s__Treponema_B_denticola	species
1.0	Human	1125701.0	GCF_000413015.1	GCF_000413015.1	2541047001.0	PMID:31171880	Literature research	0.0	0.0	Yes	0.0	Host-associated	Animal	Unclassified	Digestive system	Gram-	Anaerobe	0.0	0		0.0	2731774.0	2481.0	1318692.0	48.0	2426.0	97.78	https://www.ncbi.nlm.nih.gov/assembly/GCF_000413015.1/	s__Treponema_D_paredis.json	1125701.0	d__Bacteria	p__Spirochaetota	c__Spirochaetia	o__Treponematales	f__Treponemataceae	g__Treponema_D	s__Treponema_D paredis		Treponema socranskii subsp. paredis ATCC 35535 (1125701.3)	1125701.3	0.0	s__Treponema_D_paredis	species
0.0	Human	1125725.0	GCF_000464455.1	GCF_000468115.1	2609460018.0	PMID:31171880	Literature research	0.0	0.0	Yes	0.0	Host-associated	Human	Oral	Digestive system	Gram-	Anaerobe	0.0	Motile		0.0	2826695.0	2578.0	1389681.0	49.0	2527.0	98.02	ftp://ftp.ncbi.nlm.nih.gov/genomes/all/GCF/000/468/115/GCF_000468115.1_TsocrATCC35536v1.0	s__Treponema_D_socranskii.json	1125725.0	d__Bacteria	p__Spirochaetota	c__Spirochaetia	o__Treponematales	f__Treponemataceae	g__Treponema_D	s__Treponema_D socranskii					s__Treponema_D_socranskii	species
1.0	Human	869209.0		GCF_000195275.1	2504557012.0	PMID:31171880	Literature research	0.0	0.0	Yes	0.0	Host-associated	Animal	Unclassified	Digestive system	Gram-	Anaerobe	0.0	Motile	0.0	0.0	2897425.0	2786.0	1133894.0	39.0	2723.0	97.74	ftp://ftp.ncbi.nlm.nih.gov/genomes/all/GCF/000/195/275/GCF_000195275.1_ASM19527v1	s__Treponema_D_succinifaciens.json	869209.0	d__Bacteria	p__Spirochaetota	c__Spirochaetia	o__Treponematales	f__Treponemataceae	g__Treponema_D	s__Treponema_D succinifaciens		Treponema succinifaciens DSM 2489 (869209.3)	869209.3		s__Treponema_D_succinifaciens	species
2.0	Human							0.0	0.0	Yes		Host-associated				Gram+	Aerobe	0.0	Nonmotile	0.0	0.0				46.0				s__Tropheryma_whipplei.json		d__Bacteria	p__Actinomycetota	c__Actinomycetes	o__Actinomycetales	f__Microbacteriaceae	g__Tropheryma	s__Tropheryma whipplei					s__Tropheryma_whipplei	species
0.0	Human	1448141.0	GCF_000196075.1	GCF_000599565.1	2568526326.0	PMID:20203603; PMID:24861948	AGORA 1.03	0.0	0.0	Yes	0.0	0	0	0	0	Gram+	Facultative anaerobe	0.0	Nonmotile	0.0	0.0	2216617.0	2079.0	1326545.0	60.0	2020.0	97.16	ftp://ftp.ncbi.nlm.nih.gov/genomes/all/GCF/000/599/565/GCF_000599565.1_TruePyoMS2391.0	s__Trueperella_pyogenes.json	1448141.0	d__Bacteria	p__Actinomycetota	c__Actinomycetes	o__Actinomycetales	f__Actinomycetaceae	g__Trueperella	s__Trueperella pyogenes	0.0			0.0	s__Trueperella_pyogenes	species
0.0	Mouse	1712675.0		GCF_001543345.1	2687453348.0	Personal communication, Dr. Jan Krumsiek	Personal communication	0.0	0.0	Yes	0.0	0	0	0	0	Gram+	0	0.0	0	0.0	0.0	2622031.0	2579.0	913378.0	35.0	2394.0	92.83	ftp://ftp.ncbi.nlm.nih.gov/genomes/all/GCF/001/543/345/GCF_001543345.1_ASM154334v1	s__Turicibacter_bilis.json	1712675.0	d__Bacteria	p__Bacillota_I	c__Bacilli_A	o__MOL361	f__Turicibacteraceae	g__Turicibacter	s__Turicibacter bilis	0.0			0.0	s__Turicibacter_bilis	species
	Mouse					Personal communication, Dr. Jan Krumsiek	Personal communication	0.0	0.0	Yes	0.0	Host-associated	Human			Gram+		0.0							34.0				s__Turicibacter_sanguinis.json		d__Bacteria	p__Bacillota_I	c__Bacilli_A	o__MOL361	f__Turicibacteraceae	g__Turicibacter	s__Turicibacter sanguinis					s__Turicibacter_sanguinis	species
0.0			GCF_001688905.2				Literature research	0.0	0.0	Yes	0.0	Host-associated	Mammals	Unclassified	Unclassified	Gram-	0	0.0	0	0.0	0.0				44.0				s__Turicimonas_muris.json		d__Bacteria	p__Pseudomonadota	c__Gammaproteobacteria	o__Burkholderiales	f__Burkholderiaceae_F	g__Turicimonas	s__Turicimonas muris	0.0			0.0	s__Turicimonas_muris	species
2.0	Human							0.0	0.0	Yes		Host-associated	Human	Unclassified	Unclassified	Gram-	Facultative anaerobe	0.0			0.0								s__Ureaplasma_parvum.json		d__Bacteria	p__Bacillota_I	c__Bacilli_A	o__Mycoplasmatales	f__Mycoplasmoidaceae	g__Ureaplasma	s__Ureaplasma parvum					s__Ureaplasma_parvum	species
	Human							0.0	0.0	Yes	0.0	Host-associated		Unclassified		Gram-	Facultative anaerobe	0.0			0.0				26.0				s__Ureaplasma_urealyticum.json		d__Bacteria	p__Bacillota_I	c__Bacilli_A	o__Mycoplasmatales	f__Mycoplasmoidaceae	g__Ureaplasma	s__Ureaplasma urealyticum	0.0			0.0	s__Ureaplasma_urealyticum	species
2.0	Human	1160707.0	GCF_000169595.1	GCF_000284835.1	2548876990.0	PMID:20203603; PMID:24861948	AGORA 1.03	0.0	0.0	Yes	0.0	Environmental	Aquatic	Unclassified	Thermal springs	Gram+	Obligate aerobe	0.0	0	0.0	0.0	2846106.0	2809.0	1012645.0	36.0	2769.0	98.58	ftp://ftp.ncbi.nlm.nih.gov/genomes/all/GCF/000/284/835/GCF_000284835.1_UreThermo-BF	s__Ureibacillus_thermosphaericus.json	1160707.0	d__Bacteria	p__Bacillota	c__Bacilli	o__Bacillales_A	f__Planococcaceae	g__Ureibacillus	s__Ureibacillus thermosphaericus	0.0	Ureibacillus thermosphaericus str. Thermo-BF (1160707.3)	1160707.3	0.0	s__Ureibacillus_thermosphaericus	species
0.0	Human	1255619.0	GCF_900163795.1	GCF_900163795.1	2833452244.0	https://www.biorxiv.org/content/10.1101/691030v1	Literature research	0.0	0.0	Yes	0.0	0	0	0	0	Gram+	Facultative anaerobe	0.0	0	0.0	0.0	2950994.0	2935.0	966910.0	33.0	2859.0	97.41	ftp://ftp.ncbi.nlm.nih.gov/genomes/all/GCF/900/163/795/GCF_900163795.1_ASM90016379v1	s__Vagococcus_fluvialis_A.json	1255619.0	d__Bacteria	p__Bacillota	c__Bacilli	o__Lactobacillales	f__Vagococcaceae	g__Vagococcus	s__Vagococcus fluvialis_A	0.0			0.0	s__Vagococcus_fluvialis_A	species
0.0	Mouse	1185412.0		GCF_003313305.1		Personal communication, Dr. Jan Krumsiek	Personal communication	0.0	0.0							Gram+	0	0.0	0	0.0	0.0							ftp://ftp.ncbi.nlm.nih.gov/genomes/all/GCF/003/313/305/GCF_003313305.1_ASM331330v1	s__Vallitalea_guaymasensis.json	1185412.0	d__Bacteria	p__Bacillota	c__Clostridia	o__Lachnospirales	f__Vallitaleaceae	g__Vallitalea	s__Vallitalea guaymasensis	0.0			0.0	s__Vallitalea_guaymasensis	species
0.0	Mouse	2078660.0		GCF_002964605.1	2786546840.0	Personal communication, Dr. Jan Krumsiek	Personal communication	0.0	0.0	Yes	0.0	Environmental	Aquatic	Sediment	Marine	Gram+	0	0.0	0	0.0	0.0	5851911.0	5321.0	1981394.0	34.0	5225.0	98.2	ftp://ftp.ncbi.nlm.nih.gov/genomes/all/GCF/002/964/605/GCF_002964605.1_ASM296460v1	s__Vallitalea_A_okinawensis.json	2078660.0	d__Bacteria	p__Bacillota	c__Clostridia	o__Lachnospirales	f__PQDH01	g__Vallitalea_A	s__Vallitalea_A okinawensis	0.0			0.0	s__Vallitalea_A_okinawensis	species
0.0	Human	1123488.0		GCF_000420065.1	2524614732.0	PMID:20203603; PMID:24861948	AGORA 1.03	0.0	0.0	Yes	0.0	Host-associated	Human	Unclassified	Skin	Gram+	Anaerobe	0.0	0	0.0	0.0	2022936.0	1778.0	1080840.0	53.0	1717.0	96.57	ftp://ftp.ncbi.nlm.nih.gov/genomes/all/GCF/000/420/065/GCF_000420065.1_ASM42006v1	s__Varibaculum_cambriense.json	1123488.0	d__Bacteria	p__Actinomycetota	c__Actinomycetes	o__Actinomycetales	f__Actinomycetaceae	g__Varibaculum	s__Varibaculum cambriense				0.0	s__Varibaculum_cambriense	species
1.0	Human	1157708.0		GCF_000382045.1	2519899633.0	https://www.biorxiv.org/content/10.1101/691030v1	Literature research	0.0	0.0	Yes	0.0	0	0	0	0	Gram-	Aerobe	0.0	0	0.0	0.0	7515890.0	7002.0	5090439.0	68.0	6926.0	98.91	ftp://ftp.ncbi.nlm.nih.gov/genomes/all/GCF/000/382/045/GCF_000382045.1_ASM38204v1	s__Variovorax_atrisoli.json	1157708.0	d__Bacteria	p__Pseudomonadota	c__Gammaproteobacteria	o__Burkholderiales	f__Burkholderiaceae_C	g__Variovorax	s__Variovorax atrisoli	0.0	Variovorax paradoxus 110B (1157708.3)	1157708.3	0.0	s__Variovorax_atrisoli	species
1.0	Human	1150395.0		GCF_000377585.1	2517572245.0	https://www.biorxiv.org/content/10.1101/691030v1	Literature research	0.0	0.0	Yes	0.0	0	0	0	0	Gram-	Aerobe	0.0	0	0.0	0.0	7011730.0	6601.0	4734238.0	68.0	6542.0	99.11	ftp://ftp.ncbi.nlm.nih.gov/genomes/all/GCF/000/377/585/GCF_000377585.1_ASM37758v1	s__Variovorax_paradoxus.json	1150395.0	d__Bacteria	p__Pseudomonadota	c__Gammaproteobacteria	o__Burkholderiales	f__Burkholderiaceae_C	g__Variovorax	s__Variovorax paradoxus	0.0	Variovorax paradoxus 4MFCol3.1 (1150395.3)	1150395.3	0.0	s__Variovorax_paradoxus	species
0.0	Human	1246301.0		GCF_000463015.1	2528311013.0	https://www.biorxiv.org/content/10.1101/691030v1	Literature research	0.0	0.0	Yes	0.0	Engineered	Wastewater	Unclassified	Industrial wastewater	Gram-	Aerobe	0.0	Motile	0.0	0.0	7148516.0	6807.0	4800673.0	67.0	6753.0	99.21	ftp://ftp.ncbi.nlm.nih.gov/genomes/all/GCF/000/463/015/GCF_000463015.1_ASM46301v1	s__Variovorax_paradoxus_E.json	1246301.0	d__Bacteria	p__Pseudomonadota	c__Gammaproteobacteria	o__Burkholderiales	f__Burkholderiaceae_C	g__Variovorax	s__Variovorax paradoxus_E					s__Variovorax_paradoxus_E	species
	Human							0.0	0.0	Yes	0.0	Host-associated	Human			Gram-		0.0							39.0				s__Veillonella_atypica.json		d__Bacteria	p__Bacillota	c__Negativicutes	o__Veillonellales	f__Veillonellaceae	g__Veillonella	s__Veillonella atypica					s__Veillonella_atypica	species
0.0	Human	1298594.0	GCF_002959855.1	GCF_002959855.1	2734481902.0	https://www.biorxiv.org/content/10.1101/691030v1	Literature research	0.0	0.0	Yes	0.0	0	0	0	0	Gram-	0	0.0	0	0.0	0.0	1979880.0	2811.0	853889.0	43.0	2755.0	98.01	ftp://ftp.ncbi.nlm.nih.gov/genomes/all/GCF/002/959/855/GCF_002959855.1_ASM295985v1	s__Veillonella_denticariosi.json	1298594.0	d__Bacteria	p__Bacillota	c__Negativicutes	o__Veillonellales	f__Veillonellaceae	g__Veillonella	s__Veillonella denticariosi	0.0			0.0	s__Veillonella_denticariosi	species
2.0	Human	546273.0	GCF_002959915.1	GCF_000160015.1	643886074.0	PMID:20203603; PMID:24861948	AGORA 1.03	0.0	0.0	Yes	0.0	Host-associated	Human	Oral	Digestive system	Gram-	Anaerobe	0.0	0			2116567.0	2026.0	822521.0	39.0	1954.0	96.45	ftp://ftp.ncbi.nlm.nih.gov/genomes/all/GCF/000/160/015/GCF_000160015.1_ASM16001v1	s__Veillonella_dispar.json	546273.0	d__Bacteria	p__Bacillota	c__Negativicutes	o__Veillonellales	f__Veillonellaceae	g__Veillonella	s__Veillonella dispar		Veillonella dispar ATCC 17748 (546273.3)	546273.3		s__Veillonella_dispar	species
0.0	Human					species in vaginal microbiome	Personal communication									Gram-	Anaerobe												s__Veillonella_montpellierensis.json		d__Bacteria	p__Bacillota	c__Negativicutes	o__Veillonellales	f__Veillonellaceae	g__Veillonella	s__Veillonella montpellierensis					s__Veillonella_montpellierensis	species
2.0	Human	479436.0	GCF_000177435.1	GCF_000024945.1	646311965.0	PMID:20203603; PMID:24861948	AGORA 1.03	0.0	0.0	Yes		Host-associated	Animal	Unclassified	Digestive system	Gram-	Anaerobe	0.0	Nonmotile		0.0	2132142.0	1923.0	823631.0	39.0	1859.0	96.67	ftp://ftp.ncbi.nlm.nih.gov/genomes/all/GCF/000/024/945/GCF_000024945.1_ASM2494v1	s__Veillonella_parvula.json	479436.0	d__Bacteria	p__Bacillota	c__Negativicutes	o__Veillonellales	f__Veillonellaceae	g__Veillonella	s__Veillonella parvula		Veillonella parvula DSM 2008 (479436.6)	479436.6		s__Veillonella_parvula	species
2.0	Human							0.0	0.0	Yes	0.0	Host-associated	Human			Gram-	Anaerobe	0.0	Nonmotile						39.0				s__Veillonella_parvula_A.json		d__Bacteria	p__Bacillota	c__Negativicutes	o__Veillonellales	f__Veillonellaceae	g__Veillonella	s__Veillonella parvula_A					s__Veillonella_parvula_A	species
2.0	Human	686660.0	GCF_000215025.1	GCF_000177435.1	647000331.0	Strains of species found in the human gut (PMID:24861948) present in PubSEED	Initial strain selection	0.0	0.0	Yes	0.0	Host-associated	Human	Oral	Digestive system	Gram-	Anaerobe	0.0	Nonmotile		0.0	2163473.0	1984.0	834471.0	39.0	1929.0	97.23	ftp://ftp.ncbi.nlm.nih.gov/genomes/all/GCF/000/177/435/GCF_000177435.1_ASM17743v1	s__Veillonella_parvula_E.json	686660.0	d__Bacteria	p__Bacillota	c__Negativicutes	o__Veillonellales	f__Veillonellaceae	g__Veillonella	s__Veillonella parvula_E		Veillonella parvula ATCC 17745 (686660.3)	686660.3		s__Veillonella_parvula_E	species
0.0	Human	879309.0	GCF_000183505.1	GCF_000183505.1	649990027.0	PMID:31275260	Literature research	0.0	0.0	Yes	0.0	Host-associated	Human	Oral	Digestive system	Gram-	Anaerobe	0.0	Motile		0.0	2176752.0	2059.0	847828.0	39.0	2000.0	97.13	ftp://ftp.ncbi.nlm.nih.gov/genomes/all/GCF/000/183/505/GCF_000183505.1_ASM18350v1	s__Veillonella_rogosae.json	879309.0	d__Bacteria	p__Bacillota	c__Negativicutes	o__Veillonellales	f__Veillonellaceae	g__Veillonella	s__Veillonella rogosae					s__Veillonella_rogosae	species
0.0	Human	1123489.0	GCF_000428745.1	GCF_000428745.1	2523231015.0	https://www.biorxiv.org/content/10.1101/691030v1	Literature research	0.0	0.0	Yes	0.0	Host-associated	Mammals	Unclassified	Unclassified	Gram-	Anaerobe	0.0	0	0.0	0.0	2203313.0	2046.0	982051.0	45.0	1980.0	96.77	ftp://ftp.ncbi.nlm.nih.gov/genomes/all/GCF/000/428/745/GCF_000428745.1_ASM42874v1	s__Veillonella_A_magna.json	1123489.0	d__Bacteria	p__Bacillota	c__Negativicutes	o__Veillonellales	f__Veillonellaceae	g__Veillonella_A	s__Veillonella_A magna				0.0	s__Veillonella_A_magna	species
2.0	Human	883156.0		GCF_000315505.1	2534681824.0	PMID:20203603; PMID:24861948	AGORA 1.03	0.0	0.0	Yes	0.0	Host-associated	Human	Vagina	Reproductive system	Gram-	Aerobe	0.0	Nonmotile			2286294.0	2176.0	955234.0	42.0	2126.0	97.7	ftp://ftp.ncbi.nlm.nih.gov/genomes/all/GCF/000/315/505/GCF_000315505.1_Veil_ratt_ACS-216-V-COL6B_V1	s__Veillonella_A_seminalis.json	883156.0	d__Bacteria	p__Bacillota	c__Negativicutes	o__Veillonellales	f__Veillonellaceae	g__Veillonella_A	s__Veillonella_A seminalis		Veillonella ratti ACS-216-V-Col6b (883156.3)	883156.3		s__Veillonella_A_seminalis	species
0.0	Mouse	290052.0	NZ_LNAM01000001	GCF_001461035.1	2724679012.0	Personal communication, Dr. Jan Krumsiek	Personal communication	0.0	0.0	Yes	0.0	0	0	0	0	Gram+	Anaerobe	0.0	Motile	0.0	0.0	3634069.0	3697.0	1490506.0	41.0	3616.0	97.81	ftp://ftp.ncbi.nlm.nih.gov/genomes/all/GCF/001/461/035/GCF_001461035.1_ASM146103v1	s__Velocimicrobium_ethanolgignens.json	290052.0	d__Bacteria	p__Bacillota	c__Clostridia	o__Lachnospirales	f__Lachnospiraceae	g__Velocimicrobium	s__Velocimicrobium ethanolgignens	0.0			0.0	s__Velocimicrobium_ethanolgignens	species
1.0	Human	410291.0	GCF_000154025.1	GCF_000154025.1	640963010.0	PMID:31092280	DAR genome selection	0.0	0.0	Yes		Host-associated	Arthropoda	Unclassified	Unclassified	Gram-	Facultative anaerobe	0.0	Motile	0.0	0.0	5400985.0	4421.0	2460764.0	46.0	4327.0	97.87	ftp://ftp.ncbi.nlm.nih.gov/genomes/all/GCF/000/154/025/GCF_000154025.1_ASM15402v1	s__Vibrio_campbellii.json	410291.0	d__Bacteria	p__Pseudomonadota	c__Gammaproteobacteria	o__Enterobacterales	f__Vibrionaceae	g__Vibrio	s__Vibrio campbellii		Vibrio harveyi HY01 (410291.13)	410291.13		s__Vibrio_campbellii	species
1.0	Human	243277.0		GCF_000006745.1	2706794579.0	PMID:29556107	Literature research	0.0	0.0	Yes	0.0	0	0	0	0	Gram-	Facultative anaerobe	0.0	0	0.0	0.0	4003500.0	4021.0	1901459.0	47.0	3913.0	97.31	ftp://ftp.ncbi.nlm.nih.gov/genomes/all/GCF/000/006/745/GCF_000006745.1_ASM674v1	s__Vibrio_cholerae.json	243277.0	d__Bacteria	p__Pseudomonadota	c__Gammaproteobacteria	o__Enterobacterales	f__Vibrionaceae	g__Vibrio	s__Vibrio cholerae	0.0	Vibrio cholerae O1 biovar El Tor str. N16961 (243277.26)	243277.26	0.0	s__Vibrio_cholerae	species
0.0	Human					PMID:20203603; PMID:24861948	AGORA 1.03	0.0	0.0	Yes	0.0					Gram-	Facultative anaerobe	0.0	0	0.0	0.0								s__Vibrio_fluvialis.json		d__Bacteria	p__Pseudomonadota	c__Gammaproteobacteria	o__Enterobacterales	f__Vibrionaceae	g__Vibrio	s__Vibrio fluvialis	0.0			0.0	s__Vibrio_fluvialis	species
1.0	Human							0.0	0.0	Yes						Gram-	Facultative anaerobe	0.0	Motile		0.0				51.0				s__Vibrio_furnissii.json		d__Bacteria	p__Pseudomonadota	c__Gammaproteobacteria	o__Enterobacterales	f__Vibrionaceae	g__Vibrio	s__Vibrio furnissii					s__Vibrio_furnissii	species
1.0	Human	391591.0	GCF_000181535.1	GCF_000181535.1	640963038.0	PMID:31092280	DAR genome selection	0.0	0.0	Yes		Host-associated	Cnidaria	Unclassified	Unclassified	Gram-	Facultative anaerobe	0.0	Motile	0.0	0.0	5701826.0	5438.0	2507398.0	44.0	5360.0	98.57	ftp://ftp.ncbi.nlm.nih.gov/genomes/all/GCF/000/181/535/GCF_000181535.1_ASM18153v1	s__Vibrio_mediterranei.json	391591.0	d__Bacteria	p__Pseudomonadota	c__Gammaproteobacteria	o__Enterobacterales	f__Vibrionaceae	g__Vibrio	s__Vibrio mediterranei		Vibrio shilonii AK1 (391591.24)	391591.24		s__Vibrio_mediterranei	species
	Human							0.0	0.0	Yes	0.0			Unclassified	Unclassified	Gram-	Facultative anaerobe	0.0		0.0	0.0				46.0				s__Vibrio_mimicus.json		d__Bacteria	p__Pseudomonadota	c__Gammaproteobacteria	o__Enterobacterales	f__Vibrionaceae	g__Vibrio	s__Vibrio mimicus				0.0	s__Vibrio_mimicus	species
1.0	Human	673519.0	GCF_000182685.1	GCF_000182685.1	647000338.0	PMID:31092280	DAR genome selection	0.0	0.0	Yes	0.0	Host-associated	Cnidaria	Unclassified	Unclassified	Gram-	Facultative anaerobe	0.0	Motile	0.0	0.0	5930024.0	5117.0	2702080.0	46.0	4954.0	96.81	ftp://ftp.ncbi.nlm.nih.gov/genomes/all/GCF/000/182/685/GCF_000182685.1_ASM18268v1	s__Vibrio_owensii.json	673519.0	d__Bacteria	p__Pseudomonadota	c__Gammaproteobacteria	o__Enterobacterales	f__Vibrionaceae	g__Vibrio	s__Vibrio owensii		Vibrio harveyi 1DA3 (673519.3)	673519.3		s__Vibrio_owensii	species
	Human							0.0	0.0	Yes				Unclassified	Unclassified	Gram-	Facultative anaerobe	0.0		0.0	0.0				45.0				s__Vibrio_parahaemolyticus.json		d__Bacteria	p__Pseudomonadota	c__Gammaproteobacteria	o__Enterobacterales	f__Vibrionaceae	g__Vibrio	s__Vibrio parahaemolyticus					s__Vibrio_parahaemolyticus	species
1.0	Human	987060.0	GCF_000195225.1	GCF_000195225.1	2547132078.0	PMID:31092280	DAR genome selection	0.0	0.0	Yes	0.0	Environmental	Aquatic	Oceanic	Marine	Gram-	Facultative anaerobe	0.0	0	0.0	0.0	5329516.0	4956.0	2384712.0	45.0	4850.0	97.86	ftp://ftp.ncbi.nlm.nih.gov/genomes/all/GCF/000/195/225/GCF_000195225.1_ASM19522v1	s__Vibrio_rotiferianus.json	987060.0	d__Bacteria	p__Pseudomonadota	c__Gammaproteobacteria	o__Enterobacterales	f__Vibrionaceae	g__Vibrio	s__Vibrio rotiferianus		Vibrio rotiferianus DAT722 (987060.4)	987060.4	0.0	s__Vibrio_rotiferianus	species
1.0	Human	945550.0		GCF_000189275.1	649990030.0	https://www.biorxiv.org/content/10.1101/691030v1	Literature research	0.0	0.0	Yes	0.0	Environmental	Aquatic	Coastal	Marine	Gram-	Facultative anaerobe	0.0	0	0.0	0.0	4904906.0	4655.0	2245469.0	46.0	4598.0	98.78	ftp://ftp.ncbi.nlm.nih.gov/genomes/all/GCF/000/189/275/GCF_000189275.1_ASM18927v1	s__Vibrio_sinaloensis.json	945550.0	d__Bacteria	p__Pseudomonadota	c__Gammaproteobacteria	o__Enterobacterales	f__Vibrionaceae	g__Vibrio	s__Vibrio sinaloensis		Vibrio sinaloensis DSM 21326 (945550.3)	945550.3	0.0	s__Vibrio_sinaloensis	species
0.0	Human	1462526.0			2617271113.0	PMID:25567229	Literature research	0.0	0.0	Yes	0.0	0	0	0	0	Gram+	Aerobe	0.0	0	0.0	0.0	4353177.0	4408.0	1605022.0	37.0	4349.0	98.66		s__Virgibacillus_salexigens.json	1462526.0	d__Bacteria	p__Bacillota	c__Bacilli	o__Bacillales	f__Amphibacillaceae	g__Virgibacillus	s__Virgibacillus salexigens	0.0			0.0	s__Virgibacillus_salexigens	species
0.0	Human	1689272.0	GCF_001457815.1	GCF_001457815.1		PMID:30745586	Literature research									Gram-	Aerobe											ftp.ncbi.nlm.nih.gov/genomes/all/GCF/001/457/815/GCF_001457815.1_Vitreoscilla_massiliensis	s__Vitreoscilla_massiliensis.json	1689272.0	d__Bacteria	p__Pseudomonadota	c__Gammaproteobacteria	o__Burkholderiales	f__Neisseriaceae	g__Vitreoscilla	s__Vitreoscilla massiliensis					s__Vitreoscilla_massiliensis	species
2.0	Human	911104.0	GCF_000388025.1	GCF_000193635.1	651324108.0	PMID:20203603; PMID:24861948	AGORA 1.03	0.0	0.0	Yes	0.0	Engineered	Food production	Unclassified	Unclassified	Gram+	Aerotolerant	0.0	0	0.0	0.0	2317857.0	2234.0	1046428.0	45.0	2154.0	96.42	ftp://ftp.ncbi.nlm.nih.gov/genomes/all/GCF/000/193/635/GCF_000193635.1_ASM19363v1	s__Weissella_cibaria.json	911104.0	d__Bacteria	p__Bacillota	c__Bacilli	o__Lactobacillales	f__Lactobacillaceae	g__Weissella	s__Weissella cibaria		Weissella cibaria KACC 11862 (911104.3)	911104.3		s__Weissella_cibaria	species
2.0	Human	1127131.0		GCF_000239955.1	2519103086.0	PMID:20203603; PMID:24861948	AGORA 1.03	0.0	0.0	Yes	0.0	Engineered	Food production	Unclassified	Unclassified	Gram+	Aerotolerant	0.0	0	0.0	0.0	2284024.0	2226.0	1022945.0	45.0	2145.0	96.36	ftp://ftp.ncbi.nlm.nih.gov/genomes/all/GCF/000/239/955/GCF_000239955.1_ASM23995v2	s__Weissella_confusa.json	1127131.0	d__Bacteria	p__Bacillota	c__Bacilli	o__Lactobacillales	f__Lactobacillaceae	g__Weissella	s__Weissella confusa	0.0	Weissella confusa LBAE C39-2 (1127131.3)	1127131.3		s__Weissella_confusa	species
1.0	Human	1045854.0		GCF_000219805.1	650716105.0	PMID:31275260	Literature research	0.0	0.0	Yes	0.0	Engineered	Food production	Unclassified	Unclassified	Gram+	Aerotolerant	0.0	Nonmotile	0.0	0.0	1441470.0	1428.0	511710.0	35.0	1357.0	95.03	ftp://ftp.ncbi.nlm.nih.gov/genomes/all/GCF/000/219/805/GCF_000219805.1_ASM21980v1	s__Weissella_koreensis.json	1045854.0	d__Bacteria	p__Bacillota	c__Bacilli	o__Lactobacillales	f__Lactobacillaceae	g__Weissella	s__Weissella koreensis	0.0	Weissella koreensis KACC 15510 (1045854.4)	1045854.4		s__Weissella_koreensis	species
2.0	Human	585506.0		GCF_000160575.1	645058793.0	PMID:20203603; PMID:24861948	AGORA 1.03	0.0	0.0	Yes	0.0	Engineered	Food production	Unclassified	Unclassified	Gram+	Aerotolerant	0.0	0	0.0	0.0	1962173.0	2017.0	743344.0	38.0	1952.0	96.78	ftp://ftp.ncbi.nlm.nih.gov/genomes/all/GCF/000/160/575/GCF_000160575.1_ASM16057v1	s__Weissella_paramesenteroides.json	585506.0	d__Bacteria	p__Bacillota	c__Bacilli	o__Lactobacillales	f__Lactobacillaceae	g__Weissella	s__Weissella paramesenteroides		Weissella paramesenteroides ATCC 33313 (585506.3)	585506.3		s__Weissella_paramesenteroides	species
0.0	Human	1238674.0		GCF_000320345.1	2531839522.0	PMID:31275260	Literature research	0.0	0.0	Yes	0.0	0	0	0	0	Gram+	Aerotolerant	0.0	0	0.0	0.0	1352640.0	1342.0	551269.0	41.0	1258.0	93.74	ftp://ftp.ncbi.nlm.nih.gov/genomes/all/GCF/000/320/345/GCF_000320345.1_ASM32034v1	s__Weissella_tructae.json	1238674.0	d__Bacteria	p__Bacillota	c__Bacilli	o__Lactobacillales	f__Lactobacillaceae	g__Weissella	s__Weissella tructae	0.0	Weissella ceti NC36 (1238674.3)	1238674.3	0.0	s__Weissella_tructae	species
0.0	Human	1720302.0	GCF_900018785.1	GCF_900018785.1		PMID:30745586	Literature research									Gram-	Aerobe											ftp.ncbi.nlm.nih.gov/genomes/all/GCF/900/018/785/GCF_900018785.1_Xanthomonas_massiliensis	s__Xanthomonas_B_massiliensis.json	1720302.0	d__Bacteria	p__Pseudomonadota	c__Gammaproteobacteria	o__Xanthomonadales	f__Xanthomonadaceae	g__Xanthomonas_B	s__Xanthomonas_B massiliensis					s__Xanthomonas_B_massiliensis	species
2.0	Human	349968.0		GCF_000167975.1	638341238.0	PMID:20203603; PMID:24861948	AGORA 1.03	0.0	0.0	Yes		Host-associated	Human	Large intestine	Digestive system	Gram-	Facultative anaerobe	0.0	Motile		0.0	4301412.0	3634.0	2103092.0	49.0	3579.0	98.49	ftp://ftp.ncbi.nlm.nih.gov/genomes/all/GCF/000/167/975/GCF_000167975.1_ASM16797v1	s__Yersinia_bercovieri.json	349968.0	d__Bacteria	p__Pseudomonadota	c__Gammaproteobacteria	o__Enterobacterales	f__Enterobacteriaceae	g__Yersinia	s__Yersinia bercovieri		Yersinia bercovieri ATCC 43970 (349968.5)	349968.5		s__Yersinia_bercovieri	species
	Human							0.0	0.0	Yes	0.0					Gram-	Facultative anaerobe	0.0		0.0	0.0				47.0				s__Yersinia_enterocolitica.json		d__Bacteria	p__Pseudomonadota	c__Gammaproteobacteria	o__Enterobacterales	f__Enterobacteriaceae	g__Yersinia	s__Yersinia enterocolitica	0.0			0.0	s__Yersinia_enterocolitica	species
2.0	Human	349966.0	GCF_000284975.1	GCF_000168015.1	638341239.0	PMID:20203603; PMID:24861948	AGORA 1.03	0.0	0.0	Yes		Engineered	Wastewater	Unclassified	Unclassified	Gram-	Facultative anaerobe	0.0	Motile	0.0	0.0	4845578.0	4217.0	2272788.0	47.0	4168.0	98.84	ftp://ftp.ncbi.nlm.nih.gov/genomes/all/GCF/000/168/015/GCF_000168015.1_ASM16801v1	s__Yersinia_frederiksenii.json	349966.0	d__Bacteria	p__Pseudomonadota	c__Gammaproteobacteria	o__Enterobacterales	f__Enterobacteriaceae	g__Yersinia	s__Yersinia frederiksenii		Yersinia frederiksenii ATCC 33641 (349966.5)	349966.5		s__Yersinia_frederiksenii	species
2.0	Human	527012.0		GCF_000173715.1	645058790.0	PMID:20203603; PMID:24861948	AGORA 1.03	0.0	0.0	Yes		Host-associated	Human	Urethra	Excretory system	Gram-	Facultative anaerobe	0.0	Motile		0.0	5042394.0	4615.0	2388192.0	47.0	4542.0	98.42	ftp://ftp.ncbi.nlm.nih.gov/genomes/all/GCF/000/173/715/GCF_000173715.1_ASM17371v1	s__Yersinia_kristensenii.json	527012.0	d__Bacteria	p__Pseudomonadota	c__Gammaproteobacteria	o__Enterobacterales	f__Enterobacteriaceae	g__Yersinia	s__Yersinia kristensenii		Yersinia kristensenii ATCC 33638 (527012.3)	527012.3		s__Yersinia_kristensenii	species
2.0	Human							0.0	0.0	Yes	0.0					Gram-	Facultative anaerobe	0.0		0.0	0.0								s__Yersinia_pestis.json		d__Bacteria	p__Pseudomonadota	c__Gammaproteobacteria	o__Enterobacterales	f__Enterobacteriaceae	g__Yersinia	s__Yersinia pestis	0.0			0.0	s__Yersinia_pestis	species
2.0	Human	527004.0	GCF_000834375.1	GCF_000173775.1	645058789.0	PMID:20203603; PMID:24861948	AGORA 1.03	0.0	0.0	Yes	0.0	Host-associated	Mammals	Large intestine	Digestive system	Gram-	Facultative anaerobe	0.0	Motile		0.0	4317478.0	3912.0	2027960.0	47.0	3853.0	98.49	ftp://ftp.ncbi.nlm.nih.gov/genomes/all/GCF/000/173/775/GCF_000173775.1_ASM17377v1	s__Yersinia_rohdei.json	527004.0	d__Bacteria	p__Pseudomonadota	c__Gammaproteobacteria	o__Enterobacterales	f__Enterobacteriaceae	g__Yersinia	s__Yersinia rohdei		Yersinia rohdei ATCC 43380 (527004.3)	527004.3		s__Yersinia_rohdei	species
2.0	Human	1002368.0	GCF_000239335.1	GCF_000239335.1	2534682241.0	PMID:20203603; PMID:24861948	AGORA 1.03	0.0	0.0	Yes	0.0	Host-associated	Human	Large intestine	Digestive system	Gram-	0	0.0	0		0.0	4681132.0	4795.0	2566283.0	55.0	4710.0	98.23	ftp://ftp.ncbi.nlm.nih.gov/genomes/all/GCF/000/239/335/GCF_000239335.1_ASM23933v1	s__Yokenella_regensburgei.json	1002368.0	d__Bacteria	p__Pseudomonadota	c__Gammaproteobacteria	o__Enterobacterales	f__Enterobacteriaceae	g__Yokenella	s__Yokenella regensburgei		Yokenella regensburgei ATCC 43003 (1002368.3)	1002368.3	0.0	s__Yokenella_regensburgei	species
0.0	Human	314232.0		GCF_002158905.1	638341119.0	https://www.biorxiv.org/content/10.1101/691030v1	Literature research	0.0	0.0	Yes	0.0	Environmental	Aquatic	Unclassified	Marine	Gram-	Aerobe	0.0	Nonmotile	0.0	0.0	3063691.0	3117.0	1837039.0	60.0	3068.0	98.43	ftp://ftp.ncbi.nlm.nih.gov/genomes/all/GCF/002/158/905/GCF_002158905.1_ASM215890v1	s__Yoonia_vestfoldensis_A.json	314232.0	d__Bacteria	p__Pseudomonadota	c__Alphaproteobacteria	o__Rhodobacterales	f__Rhodobacteraceae	g__Yoonia	s__Yoonia vestfoldensis_A					s__Yoonia_vestfoldensis_A	species
