pubseedid	2 - complete comparative genomics; 1 - certain comparative genomics; 0 - no comparative genomics	host	ncbi taxonomy id	annotation version id	gcf id	img genome id	strain/species reference	reference category	ecotype	specific ecosystem	cultured	diseases	ecosystem	ecosystem category	ecosystem subtype	ecosystem type	gram staining	oxygen requirement	metabolism	motility	sample body subsite	genome size   * assembled	gene count   * assembled	gc count   * assembled	gc   * assembled	cds count   * assembled	cds %   * assembled	genome link	file	ncbi_taxid	kingdom	phylum	class	order	family	genus	species	refseq id	sample body site	habitat	cell shape	id	summary_rank
Abiotrophia defectiva ATCC 49176 (592010.4)	2.0	Human	592010.0	592010.4	GCF_000160075.2	2562617177.0	PMID:20203603; PMID:24861948	AGORA 1.03	0.0	0.0	Yes	0.0	Host-associated	Human	Blood	Circulatory system	Gram+	Facultative anaerobe	0.0	Nonmotile	0.0	2041839.0	2009.0	959280.0	47.0	1950.0	97.06	ftp://ftp.ncbi.nlm.nih.gov/genomes/all/GCF/000/160/075/GCF_000160075.2_ASM16007v2	g__Abiotrophia.json	592010.0	d__Bacteria	p__Bacillota	c__Bacilli	o__Lactobacillales	f__Aerococcaceae	g__Abiotrophia	s__Abiotrophia sp001815865					g__Abiotrophia	genus
	0.0	Human	329726.0		GCF_000018105.1	641228474.0	PMID:31092280	DAR genome selection	0.0	0.0	Yes	0.0	Host-associated	Animal	Unclassified	Unclassified	Gram-	Aerobe	0.0	Nonmotile	0.0	8361599.0	8488.0	3926263.0	47.0	8409.0	99.07	ftp://ftp.ncbi.nlm.nih.gov/genomes/all/GCF/000/018/105/GCF_000018105.1_ASM1810v1	g__Acaryochloris.json	329726.0	d__Bacteria	p__Cyanobacteriota	c__Cyanobacteriia	o__Thermosynechococcales	f__Thermosynechococcaceae	g__Acaryochloris	s__Acaryochloris marina	GCF_000018105.1	0.0			g__Acaryochloris	genus
	0.0	Human	258515.0		GCF_900103835.1	2667527408.0	https://www.biorxiv.org/content/10.1101/691030v1	Literature research	0.0	0.0	Yes	0.0	0	0	0	0	Gram+	Anaerobe	0.0	Motile	0.0	2916215.0	2842.0	1429234.0	49.0	2773.0	97.57	ftp://ftp.ncbi.nlm.nih.gov/genomes/all/GCF/900/103/835/GCF_900103835.1_IMG-taxon_2667527408_annotated_assembly	g__Acetanaerobacterium.json	258515.0	d__Bacteria	p__Bacillota	c__Clostridia	o__Oscillospirales	f__Ruminococcaceae	g__Acetanaerobacterium	s__Acetanaerobacterium elongatum		0.0	0.0		g__Acetanaerobacterium	genus
		Human							0.0	0.0	Yes	0.0	Engineered	Wastewater	Unclassified	Unclassified	Gram+	Anaerobe			0.0				36.0				g__Acetivibrio.json		d__Bacteria	p__Bacillota	c__Clostridia	o__Acetivibrionales	f__Acetivibrionaceae	g__Acetivibrio			0.0			g__Acetivibrio	genus
	0.0	Mouse	52694.0		GCF_001766835.1	2690315663.0	Personal communication, Dr. Jan Krumsiek	Personal communication	0.0	0.0	Yes	0.0	Engineered	Wastewater	Dissolved organics (anaerobic)	Nutrient removal	Gram+	Anaerobe	0.0	0	0.0	3895828.0	3664.0	1716937.0	44.0	3619.0	98.77	ftp://ftp.ncbi.nlm.nih.gov/genomes/all/GCF/001/766/835/GCF_001766835.1_ASM176683v1	g__Acetobacterium.json	52694.0	d__Bacteria	p__Bacillota	c__Clostridia	o__Eubacteriales	f__Eubacteriaceae	g__Acetobacterium	s__Acetobacterium wieringae		0.0	0.0	0.0	g__Acetobacterium	genus
Acetonema longum DSM 6540 (1009370.3)	1.0	Human	1009370.0	1009370.3	GCF_000219125.1	651324002.0	https://www.biorxiv.org/content/10.1101/691030v1	Literature research	0.0	0.0	Yes	0.0	Host-associated	Insecta	Unclassified	Digestive system	Gram-	Anaerobe	0.0	0	0.0	4323011.0	4347.0	2177104.0	50.0	4284.0	98.55	ftp://ftp.ncbi.nlm.nih.gov/genomes/all/GCF/000/219/125/GCF_000219125.1_ASM21912v1	g__Acetonema.json	1009370.0	d__Bacteria	p__Bacillota	c__Negativicutes	o__Sporomusales	f__Acetonemataceae	g__Acetonema	s__Acetonema longum		0.0			g__Acetonema	genus
		Human							0.0	0.0	Yes						Gram-	Aerobe	0.0	Motile	0.0								g__Achromobacter.json		d__Bacteria	p__Pseudomonadota	c__Gammaproteobacteria	o__Burkholderiales	f__Burkholderiaceae_B	g__Achromobacter			0.0			g__Achromobacter	genus
	0.0	Human	1120920.0		GCF_900103005.1	2599185234.0	https://www.biorxiv.org/content/10.1101/691030v1	Literature research	0.0	0.0	Yes	0.0	0	0	0	0	Gram-	Anaerobe	0.0	Nonmotile	0.0	3615609.0	3376.0	1762943.0	49.0	3280.0	97.16	ftp://ftp.ncbi.nlm.nih.gov/genomes/all/GCF/900/103/005/GCF_900103005.1_IMG-taxon_2599185234_annotated_assembly	g__Acidaminobacter.json	1120920.0	d__Bacteria	p__Bacillota	c__Clostridia	o__Peptostreptococcales	f__Acidaminobacteraceae	g__Acidaminobacter	s__Acidaminobacter hydrogenoformans		0.0			g__Acidaminobacter	genus
		Human							0.0	0.0							Gram-	Anaerobe	0.0	0	0.0								g__Acidaminococcus.json		d__Bacteria	p__Bacillota	c__Negativicutes	o__Acidaminococcales	f__Acidaminococcaceae	g__Acidaminococcus			0.0	0.0	0.0	g__Acidaminococcus	genus
Propionibacterium acidipropionici ATCC 4875 (1171373.8)		Human		1171373.8			PMID:20203603; PMID:24861948	AGORA 1.03	0.0	0.0	Yes	0.0	Engineered	Food production	Unclassified	Dairy products	Gram+	Anaerobe	0.0		0.0				69.0				g__Acidipropionibacterium.json		d__Bacteria	p__Actinomycetota	c__Actinomycetes	o__Propionibacteriales	f__Propionibacteriaceae	g__Acidipropionibacterium		GCF_000162935.1	0.0			g__Acidipropionibacterium	genus
Acidobacterium capsulatum ATCC 51196 (240015.3)	1.0	Mouse	240015.0	240015.3	GCF_000022565.1	643692001.0	Personal communication, Dr. Jan Krumsiek	Personal communication	0.0	0.0	Yes	0.0	Environmental	Terrestrial	Mine	Geologic	Gram-	Obligate aerobe	0.0	Nonmotile	0.0	4127356.0	3425.0	2496927.0	60.0	3377.0	98.6	ftp://ftp.ncbi.nlm.nih.gov/genomes/all/GCF/000/022/565/GCF_000022565.1_ASM2256v1	g__Acidobacterium.json	240015.0	d__Bacteria	p__Acidobacteriota	c__Terriglobia	o__Terriglobales	f__Acidobacteriaceae	g__Acidobacterium	s__Acidobacterium capsulatum		0.0			g__Acidobacterium	genus
		Human							0.0	0.0	Yes						Gram-	Aerobe	0.0		0.0								g__Acinetobacter.json		d__Bacteria	p__Pseudomonadota	c__Gammaproteobacteria	o__Pseudomonadales	f__Moraxellaceae	g__Acinetobacter			0.0			g__Acinetobacter	genus
		Human							0.0	0.0	Yes						Gram-	Aerobe		Nonmotile									g__Actinobacillus.json		d__Bacteria	p__Pseudomonadota	c__Gammaproteobacteria	o__Enterobacterales	f__Pasteurellaceae	g__Actinobacillus	s__Actinobacillus lignieresii					g__Actinobacillus	genus
									0.0	0.0							Gram+	Facultative anaerobe	0.0		0.0								g__Actinomyces.json		d__Bacteria	p__Actinomycetota	c__Actinomycetes	o__Actinomycetales	f__Actinomycetaceae	g__Actinomyces			0.0	0.0	0.0	g__Actinomyces	genus
	0.0							Literature research	0.0	0.0	Yes	0.0	Host-associated	Mammals	Unclassified	Unclassified	Gram+		0.0	0	0.0				55.0		98.35		g__Acutalibacter.json		d__Bacteria	p__Bacillota	c__Clostridia	o__Oscillospirales	f__Acutalibacteraceae	g__Acutalibacter			0.0	0.0	0.0	g__Acutalibacter	genus
									0.0	0.0	Yes	0.0					Gram+		0.0		0.0								g__Adlercreutzia.json		d__Bacteria	p__Actinomycetota	c__Coriobacteriia	o__Coriobacteriales	f__Eggerthellaceae	g__Adlercreutzia			0.0		0.0	g__Adlercreutzia	genus
	0.0	Human	1247726.0		GCF_000521505.1	2548877156.0	https://www.biorxiv.org/content/10.1101/691030v1	Literature research	0.0	0.0	Yes	0.0	Engineered	Solid waste	Composting	Unknown material	Gram-	Obligate aerobe		Motile	0.0	4764126.0	4129.0	2583218.0	54.0	4084.0	98.91	ftp://ftp.ncbi.nlm.nih.gov/genomes/all/GCF/000/521/505/GCF_000521505.1_ASM52150v1	g__Advenella.json	1247726.0	d__Bacteria	p__Pseudomonadota	c__Gammaproteobacteria	o__Burkholderiales	f__Burkholderiaceae_B	g__Advenella	s__Advenella mimigardefordensis	GCF_000521505.1	0.0			g__Advenella	genus
	0.0	Human	755172.0		GCF_001553115.1	2775506924.0	https://www.biorxiv.org/content/10.1101/691030v1	Literature research	0.0	0.0	Yes	0.0	0	0	0	0	Gram+	0	0.0	0	0.0	1832036.0	1769.0	817576.0	45.0	1728.0	97.68	ftp://ftp.ncbi.nlm.nih.gov/genomes/all/GCF/001/553/115/GCF_001553115.1_ASM155311v1	g__Aedoeadaptatus.json	755172.0	d__Bacteria	p__Bacillota	c__Clostridia	o__Tissierellales	f__Peptoniphilaceae	g__Aedoeadaptatus	s__Aedoeadaptatus coxii	GCF_001553115.1	0.0	0.0	0.0	g__Aedoeadaptatus	genus
		Human							0.0	0.0	Yes	0.0					Gram+	Microaerophile	0.0		0.0				39.0				g__Aerococcus.json		d__Bacteria	p__Bacillota	c__Bacilli	o__Lactobacillales	f__Aerococcaceae	g__Aerococcus			0.0	0.0	0.0	g__Aerococcus	genus
Aeromicrobium sp. JC14 (1033730.3)	1.0	Human	1033730.0	1033730.3	GCF_000312105.1	2636416159.0	PMID:31275260	Literature research	0.0	0.0	Yes	0.0	Host-associated	Human	Large intestine	Digestive system	Gram+	Aerobe	0.0	Motile		6757104.0	7156.0	4426853.0	66.0	7042.0	98.41	ftp://ftp.ncbi.nlm.nih.gov/genomes/all/GCF/000/312/105/GCF_000312105.1_ASM31210v1	g__Aeromicrobium.json	1033730.0	d__Bacteria	p__Actinomycetota	c__Actinomycetes	o__Propionibacteriales	f__Nocardioidaceae	g__Aeromicrobium	s__Aeromicrobium massiliense	GCF_000312105.1				g__Aeromicrobium	genus
		Human							0.0	0.0	Yes	0.0					Gram-	Facultative anaerobe	0.0		0.0								g__Aeromonas.json		d__Bacteria	p__Pseudomonadota	c__Gammaproteobacteria	o__Enterobacterales	f__Aeromonadaceae	g__Aeromonas			0.0			g__Aeromonas	genus
Afipia birgiae 34632 (1197906.5)	2.0	Human	1197906.0	1197906.5	GCF_000308295.2	2551306146.0	PMID:20203603; PMID:24861948	AGORA 1.03	0.0	0.0	Yes	0.0	Environmental	Aquatic	Drinking water	Freshwater	Gram-	0	0.0	0	0.0	5245459.0	5198.0	3191067.0	61.0	5125.0	98.6	ftp://ftp.ncbi.nlm.nih.gov/genomes/all/GCF/000/308/295/GCF_000308295.2_Ab_34632	g__Afipia.json	1197906.0	d__Bacteria	p__Pseudomonadota	c__Alphaproteobacteria	o__Rhizobiales	f__Xanthobacteraceae	g__Afipia	s__Afipia birgiae	GCF_000204115.1	0.0		0.0	g__Afipia	genus
	0.0	Human	1408437.0		GCF_000701665.1	2561511082.0	PMID:20203603; PMID:24861948	AGORA 1.03	0.0	0.0	Yes	0.0	Host-associated	Animal	Intestine	Digestive system	Gram+	0	0.0	0	0.0	2652605.0	2763.0	1434154.0	54.0	2695.0	97.54	ftp://ftp.ncbi.nlm.nih.gov/genomes/all/GCF/000/701/665/GCF_000701665.1_ASM70166v1	g__Agathobaculum.json	1408437.0	d__Bacteria	p__Bacillota	c__Clostridia	o__Oscillospirales	f__Butyricicoccaceae	g__Agathobaculum	s__Agathobaculum desmolans		0.0		0.0	g__Agathobaculum	genus
		Human							0.0	0.0	Yes	0.0					Gram-	Facultative anaerobic	0.0		0.0								g__Aggregatibacter.json		d__Bacteria	p__Pseudomonadota	c__Gammaproteobacteria	o__Enterobacterales	f__Pasteurellaceae	g__Aggregatibacter						g__Aggregatibacter	genus
		Human							0.0	0.0	Yes						Gram-				0.0								g__Agrobacterium.json		d__Bacteria	p__Pseudomonadota	c__Alphaproteobacteria	o__Rhizobiales	f__Rhizobiaceae	g__Agrobacterium			0.0			g__Agrobacterium	genus
Akkermansia muciniphila ATCC BAA-835 (349741.6)		Human		349741.6					0.0	0.0	Yes	0.0					Gram-		0.0		0.0								g__Akkermansia.json		d__Bacteria	p__Verrucomicrobiota	c__Verrucomicrobiia	o__Verrucomicrobiales	f__Akkermansiaceae	g__Akkermansia						g__Akkermansia	genus
		Human							0.0	0.0	Yes	0.0					Gram-	Aerobe	0.0		0.0								g__Alcaligenes.json		d__Bacteria	p__Pseudomonadota	c__Gammaproteobacteria	o__Burkholderiales	f__Burkholderiaceae_B	g__Alcaligenes			0.0	0.0	0.0	g__Alcaligenes	genus
		Human							0.0	0.0	Yes	0.0					Gram-	Aerobe	0.0	Motile					27.0				g__Aliarcobacter.json		d__Bacteria	p__Campylobacterota	c__Campylobacteria	o__Campylobacterales	f__Arcobacteraceae	g__Aliarcobacter	s__Aliarcobacter butzleri					g__Aliarcobacter	genus
	1.0	Human					PMID:31092280	DAR genome selection	0.0	0.0	Yes	0.0	Host-associated		Unclassified	Unclassified	Gram-	Facultative	0.0	Motile	0.0								g__Aliivibrio.json		d__Bacteria	p__Pseudomonadota	c__Gammaproteobacteria	o__Enterobacterales	f__Vibrionaceae	g__Aliivibrio			0.0			g__Aliivibrio	genus
									0.0	0.0	Yes	0.0	Host-associated	Human			Gram-	Obligate anaerobe	0.0	Nonmotile									g__Alistipes.json		d__Bacteria	p__Bacteroidota	c__Bacteroidia	o__Bacteroidales	f__Rikenellaceae	g__Alistipes						g__Alistipes	genus
		Human							0.0	0.0	Yes	0.0	Host-associated	Human			Gram-	Obligate anaerobe	0.0	Nonmotile	0.0								g__Alistipes_A.json		d__Bacteria	p__Bacteroidota	c__Bacteroidia	o__Bacteroidales	f__Rikenellaceae	g__Alistipes_A			0.0	0.0	0.0	g__Alistipes_A	genus
	0.0	Human	645887.0		GCF_003317055.1	2770939553.0	https://www.biorxiv.org/content/10.1101/691030v1	Literature research	0.0	0.0	Yes	0.0	Environmental	Terrestrial	Unclassified	Soil	Gram+	Anaerobe	0.0	0	0.0	3098941.0	2947.0	1074836.0	35.0	2859.0	97.01	ftp://ftp.ncbi.nlm.nih.gov/genomes/all/GCF/003/317/055/GCF_003317055.1_ASM331705v1	g__Alkalibaculum.json	645887.0	d__Bacteria	p__Bacillota	c__Clostridia	o__Eubacteriales	f__Alkalibacteraceae	g__Alkalibaculum	s__Alkalibaculum bacchi_A	GCF_003317055.1	0.0		0.0	g__Alkalibaculum	genus
Bacillus pseudofirmus OF4 (398511.4)	2.0	Human	398511.0	398511.4	GCF_000005825.2	646311908.0	PMID:20203603; PMID:24861948	AGORA 1.03	0.0	0.0	Yes	0.0	Environmental	Terrestrial	Unclassified	Soil	Gram+	Facultative anaerobe	0.0	Motile	0.0	4249248.0	4434.0	1693774.0	40.0	4335.0	97.77	ftp://ftp.ncbi.nlm.nih.gov/genomes/all/GCF/000/005/825/GCF_000005825.2_ASM582v2	g__Alkalihalophilus.json	398511.0	d__Bacteria	p__Bacillota	c__Bacilli	o__Bacillales	f__Bacillaceae_D	g__Alkalihalophilus	s__Alkalihalophilus pseudofirmus		0.0			g__Alkalihalophilus	genus
	0.0	Mouse	1408422.0		GCF_000621485.1	2558309003.0	Personal communication, Dr. Jan Krumsiek	Personal communication	0.0	0.0	Yes	0.0	Engineered	Wastewater	Mine water	Industrial wastewater	Gram+	0	0.0	0	0.0	4024838.0	3800.0	1366246.0	34.0	3729.0	98.13	ftp://ftp.ncbi.nlm.nih.gov/genomes/all/GCF/000/621/485/GCF_000621485.1_ASM62148v1	g__Alkaliphilus.json	1408422.0	d__Bacteria	p__Bacillota	c__Clostridia	o__Peptostreptococcales	f__Natronincolaceae	g__Alkaliphilus	s__Alkaliphilus transvaalensis		0.0		0.0	g__Alkaliphilus	genus
	0.0	Human	39950.0		GCF_001717505.1	2718217754.0	https://www.biorxiv.org/content/10.1101/691030v1	Literature research	0.0	0.0	Yes	0.0	Host-associated	Human	Oral	Digestive system	Gram-	0	0.0	0	0.0	1274073.0	1272.0	448350.0	35.0	1198.0	94.18	ftp://ftp.ncbi.nlm.nih.gov/genomes/all/GCF/001/717/505/GCF_001717505.1_ASM171750v1	g__Allisonella.json	39950.0	d__Bacteria	p__Bacillota	c__Negativicutes	o__Veillonellales	f__Dialisteraceae	g__Allisonella	s__Allisonella pneumosinta	GCF_001717505.1	0.0	0.0	0.0	g__Allisonella	genus
Allobaculum stercoricanis DSM 13633 (1050201.3)	1.0	Mouse	1050201.0	1050201.3	GCF_000384195.1	2516493028.0	Personal communication, Dr. Jan Krumsiek	Personal communication	0.0	0.0	Yes	0.0	Host-associated	Mammals	Large intestine	Digestive system	Gram+	Anaerobe	0.0	0		2052877.0	1853.0	776526.0	38.0	1748.0	94.33	ftp://ftp.ncbi.nlm.nih.gov/genomes/all/GCF/000/384/195/GCF_000384195.1_ASM38419v1	g__Allobaculum.json	1050201.0	d__Bacteria	p__Bacillota_I	c__Bacilli_A	o__Erysipelotrichales	f__Erysipelotrichaceae	g__Allobaculum	s__Allobaculum stercoricanis					g__Allobaculum	genus
Coprococcus comes ATCC 27758 (470146.3)	2.0	Human	470146.0	470146.3	GCF_000155875.1	643886116.0	PMID:20203603; PMID:24861948	AGORA 1.03	0.0	0.0	Yes	0.0	Host-associated	Human	Large intestine	Digestive system	Gram+	Anaerobe	0.0	Nonmotile	0.0	3238915.0	3974.0	1376195.0	42.0	3913.0	98.47	ftp://ftp.ncbi.nlm.nih.gov/genomes/all/GCF/000/155/875/GCF_000155875.1_ASM15587v1	g__Allocoprococcus.json	470146.0	d__Bacteria	p__Bacillota	c__Clostridia	o__Lachnospirales	f__Lachnospiraceae	g__Allocoprococcus	s__Allocoprococcus comes					g__Allocoprococcus	genus
Alloiococcus otitis ATCC 51267 (883081.3)	1.0	Human	883081.0	883081.3	GCF_000315445.1	2537561904.0	https://www.biorxiv.org/content/10.1101/691030v1	Literature research	0.0	0.0	Yes	0.0	Host-associated	Human	Unclassified	Skin	Gram+	0	0.0	0	0.0	1784056.0	1691.0	795717.0	45.0	1630.0	96.39	ftp://ftp.ncbi.nlm.nih.gov/genomes/all/GCF/000/315/445/GCF_000315445.1_Allo_otit_ATCC_51267_V1	g__Alloiococcus.json	883081.0	d__Bacteria	p__Bacillota	c__Bacilli	o__Lactobacillales	f__Carnobacteriaceae_A	g__Alloiococcus	s__Alloiococcus otitis				0.0	g__Alloiococcus	genus
Meiothermus silvanus DSM 9946 (526227.6)	1.0	Human	526227.0	526227.6	GCF_000092125.1	646564546.0	PMID:31171880	Literature research	0.0	0.0	Yes	0.0	Environmental	Aquatic	Unclassified	Thermal springs	Gram-	Aerobe	0.0	Nonmotile	0.0	3721669.0	3720.0	2334056.0	63.0	3665.0	98.52	ftp://ftp.ncbi.nlm.nih.gov/genomes/all/GCF/000/092/125/GCF_000092125.1_ASM9212v1	g__Allomeiothermus.json	526227.0	d__Bacteria	p__Deinococcota	c__Deinococci	o__Deinococcales	f__Thermaceae	g__Allomeiothermus	s__Allomeiothermus silvanus		0.0			g__Allomeiothermus	genus
		Human							0.0	0.0	Yes	0.0	Host-associated			Digestive system	Gram-	Anaerobe	0.0		0.0								g__Alloprevotella.json		d__Bacteria	p__Bacteroidota	c__Bacteroidia	o__Bacteroidales	f__Bacteroidaceae	g__Alloprevotella						g__Alloprevotella	genus
	0.0	Human					PMID:31171880	Literature research	0.0	0.0	Yes	0.0	Host-associated	Human			Gram+	Anaerobe	0.0	Nonmotile	0.0				47.0				g__Alloscardovia.json		d__Bacteria	p__Actinomycetota	c__Actinomycetes	o__Actinomycetales	f__Bifidobacteriaceae	g__Alloscardovia	s__Alloscardovia omnicolens		0.0	0.0	0.0	g__Alloscardovia	genus
Eubacterium dolichum DSM 3991 (428127.7)	2.0	Human	428127.0	428127.7	GCF_000154285.1	641380446.0	PMID:20203603; PMID:24861948	AGORA 1.03	0.0	0.0	Yes	0.0	Host-associated	Human	Large intestine	Digestive system	Gram+	Anaerobe	0.0	0	0.0	2190453.0	2398.0	834744.0	38.0	2350.0	98.0	ftp://ftp.ncbi.nlm.nih.gov/genomes/all/GCF/000/154/285/GCF_000154285.1_ASM15428v1	g__Amedibacillus.json	428127.0	d__Bacteria	p__Bacillota_I	c__Bacilli_A	o__Erysipelotrichales	f__Erysipelotrichaceae	g__Amedibacillus	s__Amedibacillus dolichus					g__Amedibacillus	genus
	0.0	Human	155865.0		GCF_900102225.1	2654588172.0	https://www.biorxiv.org/content/10.1101/691030v1	Literature research	0.0	0.0	Yes	0.0	0	0	0	0	Gram+	Obligate anaerobe	0.0	0	0.0	2275694.0	2076.0	1238330.0	54.0	2007.0	96.68	ftp://ftp.ncbi.nlm.nih.gov/genomes/all/GCF/900/102/225/GCF_900102225.1_IMG-taxon_2623620515_annotated_assembly	g__Aminicella.json	155865.0	d__Bacteria	p__Bacillota	c__Clostridia	o__Peptostreptococcales	f__Anaerovoracaceae	g__Aminicella	s__Aminicella pyruvativorans		0.0	0.0	0.0	g__Aminicella	genus
	0.0	Human	1005740.0		GCF_004366815.1	2756170234.0	https://www.biorxiv.org/content/10.1101/691030v1	Literature research	0.0	0.0	Yes	0.0	Environmental	Terrestrial	Unclassified	Soil	Gram-	Anaerobe	0.0	0	0.0	3347494.0	3061.0	1996312.0	60.0	3005.0	98.17	ftp://ftp.ncbi.nlm.nih.gov/genomes/all/GCF/004/366/815/GCF_004366815.1_ASM436681v1	g__Aminivibrio.json	1005740.0	d__Bacteria	p__Synergistota	c__Synergistia	o__Synergistales	f__Aminobacteriaceae	g__Aminivibrio	s__Aminivibrio pyruvatiphilus	GCF_004366815.1	0.0	0.0	0.0	g__Aminivibrio	genus
	0.0	Human	1120988.0		GCF_000482845.1	2528768184.0	PMID:20203603; PMID:24861948	AGORA 1.03	0.0	0.0	Yes	0.0	Host-associated	Animal	Unclassified	Respiratory system	Gram-	Anaerobe		Motile		3806682.0	2345.0	1655154.0	44.0	2267.0	96.67	ftp://ftp.ncbi.nlm.nih.gov/genomes/all/GCF/000/482/845/GCF_000482845.1_ASM48284v1	g__Anaerobiospirillum.json	1120988.0	d__Bacteria	p__Pseudomonadota	c__Gammaproteobacteria	o__Enterobacterales	f__Succinivibrionaceae	g__Anaerobiospirillum	s__Anaerobiospirillum succiniciproducens					g__Anaerobiospirillum	genus
Eubacterium hallii DSM 3353 (411469.3)	2.0	Human	411469.0	411469.3	GCF_000173975.1	643886203.0	PMID:20203603; PMID:24861948	AGORA 1.03	0.0	0.0	Yes	0.0	Host-associated	Human	Large intestine	Digestive system	Gram+	Anaerobe	0.0	0	0.0	3290996.0	3297.0	1256957.0	38.0	3233.0	98.06	ftp://ftp.ncbi.nlm.nih.gov/genomes/all/GCF/000/173/975/GCF_000173975.1_ASM17397v1	g__Anaerobutyricum.json	411469.0	d__Bacteria	p__Bacillota	c__Clostridia	o__Lachnospirales	f__Lachnospiraceae	g__Anaerobutyricum	s__Anaerobutyricum hallii					g__Anaerobutyricum	genus
		Human							0.0	0.0	Yes	0.0					Gram+		0.0										g__Anaerococcus.json		d__Bacteria	p__Bacillota	c__Clostridia	o__Tissierellales	f__Peptoniphilaceae	g__Anaerococcus						g__Anaerococcus	genus
Anaerofustis stercorihominis DSM 17244 (445971.6)	2.0	Human	445971.0	445971.6	GCF_000154825.1	641736193.0	PMID:20203603; PMID:24861948	AGORA 1.03	0.0	0.0	Yes	0.0	Host-associated	Human	Large intestine	Digestive system	Gram+	Anaerobe	0.0	0	0.0	2284603.0	2381.0	761765.0	33.0	2331.0	97.9	ftp://ftp.ncbi.nlm.nih.gov/genomes/all/GCF/000/154/825/GCF_000154825.1_ASM15482v1	g__Anaerofustis.json	445971.0	d__Bacteria	p__Bacillota	c__Clostridia	o__Eubacteriales	f__Anaerofustaceae	g__Anaerofustis	s__Anaerofustis stercorihominis					g__Anaerofustis	genus
	0.0							Literature research									Gram+												g__Anaerosalibacter.json		d__Bacteria	p__Bacillota	c__Clostridia	o__Tissierellales	f__Sporanaerobacteraceae	g__Anaerosalibacter		GCF_009696605.1				g__Anaerosalibacter	genus
	0.0	Human	1120996.0		GCF_900142955.1	2588253509.0	https://www.biorxiv.org/content/10.1101/691030v1	Literature research	0.0	0.0	Yes	0.0	Environmental	Terrestrial	Unclassified	Soil	Gram+	Anaerobe	0.0	Motile	0.0	5217774.0	4645.0	1822850.0	35.0	4551.0	97.98	ftp://ftp.ncbi.nlm.nih.gov/genomes/all/GCF/900/142/955/GCF_900142955.1_IMG-taxon_2588253509_annotated_assembly	g__Anaerosporobacter.json	1120996.0	d__Bacteria	p__Bacillota	c__Clostridia	o__Lachnospirales	f__Lachnospiraceae	g__Anaerosporobacter	s__Anaerosporobacter mobilis		0.0			g__Anaerosporobacter	genus
		Human							0.0	0.0	Yes	0.0	Host-associated	Human	Large intestine	Digestive system	Gram+		0.0		0.0								g__Anaerostipes.json		d__Bacteria	p__Bacillota	c__Clostridia	o__Lachnospirales	f__Lachnospiraceae	g__Anaerostipes						g__Anaerostipes	genus
	0.0	Mouse	1121323.0		GCF_900142265.1	2585428190.0	Personal communication, Dr. Jan Krumsiek	Personal communication	0.0	0.0	Yes	0.0	Host-associated	Birds	Unclassified	Digestive system	Gram+	Anaerobe	0.0	Nonmotile		3546077.0	3621.0	1603877.0	45.0	3532.0	97.54	ftp://ftp.ncbi.nlm.nih.gov/genomes/all/GCF/900/142/265/GCF_900142265.1_IMG-taxon_2585428190_annotated_assembly	g__Anaerotignum.json	1121323.0	d__Bacteria	p__Bacillota	c__Clostridia	o__Lachnospirales	f__Anaerotignaceae	g__Anaerotignum	s__Anaerotignum lactatifermentans					g__Anaerotignum	genus
		Human							0.0	0.0	Yes	0.0	Host-associated				Gram+	Anaerobe	0.0		0.0								g__Anaerotruncus.json		d__Bacteria	p__Bacillota	c__Clostridia	o__Oscillospirales	f__Ruminococcaceae	g__Anaerotruncus						g__Anaerotruncus	genus
	0.0	Mouse	1120998.0		GCF_000426305.1	2524614531.0	Personal communication, Dr. Jan Krumsiek	Personal communication	0.0	0.0	Yes	0.0	Environmental	Aquatic	Saline	Non-marine Saline and Alkaline	Gram+	Anaerobe	0.0	Motile	0.0	3265560.0	3015.0	1028561.0	32.0	2944.0	97.65	ftp://ftp.ncbi.nlm.nih.gov/genomes/all/GCF/000/426/305/GCF_000426305.1_ASM42630v1	g__Anaerovorax.json	1120998.0	d__Bacteria	p__Bacillota	c__Clostridia	o__Peptostreptococcales	f__Anaerovoracaceae	g__Anaerovorax	s__Anaerovorax odorimutans		0.0			g__Anaerovorax	genus
	0.0	Human	649747.0		GCF_000466385.1	2563366762.0	PMID:20203603; PMID:24861948	AGORA 1.03	0.0	0.0	Yes	0.0	Host-associated	Human	Large intestine	Digestive system	Gram+	Obligate aerobe	0.0	0		5302959.0	6261.0	2293199.0	43.0	6214.0	99.25	ftp://ftp.ncbi.nlm.nih.gov/genomes/all/GCF/000/466/385/GCF_000466385.1_ASM46638v1	g__Aneurinibacillus.json	649747.0	d__Bacteria	p__Bacillota	c__Bacilli	o__Aneurinibacillales	f__Aneurinibacillaceae	g__Aneurinibacillus	s__Aneurinibacillus aneurinilyticus				0.0	g__Aneurinibacillus	genus
	0.0						Personal communication, Dr. Jan Krumsiek	Personal communication	0.0	0.0	Yes	0.0					Gram+	Facultative anaerobe	0.0		0.0								g__Apilactobacillus.json		d__Bacteria	p__Bacillota	c__Bacilli	o__Lactobacillales	f__Lactobacillaceae	g__Apilactobacillus			0.0	0.0	0.0	g__Apilactobacillus	genus
		Human							0.0	0.0	Yes	0.0					Gram-	Aerobe			0.0								g__Aquipseudomonas.json		d__Bacteria	p__Pseudomonadota	c__Gammaproteobacteria	o__Pseudomonadales	f__Pseudomonadaceae	g__Aquipseudomonas			0.0			g__Aquipseudomonas	genus
Does not have a strain ID	0.0	Human	59196.0		GCF_000168295.1	2562617066.0	https://www.biorxiv.org/content/10.1101/691030v1	Literature research	0.0	0.0	Yes	0.0	Host-associated	Insecta	Unclassified	Unclassified	Gram-	Facultative	0.0	Nonmotile	0.0	1581239.0	1460.0	598773.0	38.0	1410.0	96.58	ftp://ftp.ncbi.nlm.nih.gov/genomes/all/GCF/000/168/295/GCF_000168295.1_ASM16829v1	g__Aquirickettsiella.json	59196.0	d__Bacteria	p__Pseudomonadota	c__Gammaproteobacteria	o__Diplorickettsiales	f__Diplorickettsiaceae	g__Aquirickettsiella	s__Aquirickettsiella grylli		0.0			g__Aquirickettsiella	genus
Propionibacterium propionicum F0230a (767029.3)		Human		767029.3					0.0	0.0	Yes						Gram+		0.0		0.0								g__Arachnia.json		d__Bacteria	p__Actinomycetota	c__Actinomycetes	o__Propionibacteriales	f__Propionibacteriaceae	g__Arachnia						g__Arachnia	genus
Arcanobacterium haemolyticum DSM 20595 (644284.3)	2.0	Human	644284.0	644284.3	GCF_000092365.1	646564505.0	PMID:20203603; PMID:24861948	AGORA 1.03	0.0	0.0	Yes		Host-associated	Human	Unclassified	Unclassified	Gram+	Facultative anaerobe	0.0	Nonmotile		1986154.0	1885.0	1055308.0	53.0	1821.0	96.6	ftp://ftp.ncbi.nlm.nih.gov/genomes/all/GCF/000/092/365/GCF_000092365.1_ASM9236v1	g__Arcanobacterium.json	644284.0	d__Bacteria	p__Actinomycetota	c__Actinomycetes	o__Actinomycetales	f__Actinomycetaceae	g__Arcanobacterium	s__Arcanobacterium haemolyticum					g__Arcanobacterium	genus
	0.0	Human	872965.0		GCF_001293545.1	2651869644.0	https://www.biorxiv.org/content/10.1101/691030v1	Literature research	0.0	0.0	Yes	0.0	0	0	0	0	Gram-	Facultative	0.0	0	0.0	3559695.0	3081.0	2120284.0	60.0	3026.0	98.21	ftp://ftp.ncbi.nlm.nih.gov/genomes/all/GCF/001/293/545/GCF_001293545.1_ASM129354v1	g__Ardenticatena.json	872965.0	d__Bacteria	p__Chloroflexota	c__Anaerolineae	o__Ardenticatenales	f__Ardenticatenaceae	g__Ardenticatena	s__Ardenticatena maritima	GCF_001293545.1	0.0	0.0	0.0	g__Ardenticatena	genus
	0.0	Human	1121019.0		GCF_000430705.1	2524023227.0	PMID:20203603; PMID:24861948	AGORA 1.03	0.0	0.0	Yes	0.0	Environmental	Unclassified	Unclassified	Unclassified	Gram+	Obligate aerobe	0.0	Nonmotile	0.0	4585800.0	4516.0	2915644.0	64.0	4452.0	98.58	ftp://ftp.ncbi.nlm.nih.gov/genomes/all/GCF/000/430/705/GCF_000430705.1_ASM43070v1	g__Arthrobacter_C.json	1121019.0	d__Bacteria	p__Actinomycetota	c__Actinomycetes	o__Actinomycetales	f__Micrococcaceae	g__Arthrobacter_C	s__Arthrobacter_C castelli	GCF_000014025.1	0.0			g__Arthrobacter_C	genus
Escherichia hermannii NBRC 105704 (1115512.3)	2.0	Human	1115512.0	1115512.3	GCF_000248015.1	2514752030.0	PMID:20203603; PMID:24861948	AGORA 1.03	0.0	0.0	Yes		Host-associated	Human	Unclassified	Skin	Gram-	Facultative	0.0	Motile	0.0	4495280.0	4229.0	2430901.0	54.0	4160.0	98.37	ftp://ftp.ncbi.nlm.nih.gov/genomes/all/GCF/000/248/015/GCF_000248015.1_ASM24801v2	g__Atlantibacter.json	1115512.0	d__Bacteria	p__Pseudomonadota	c__Gammaproteobacteria	o__Enterobacterales	f__Enterobacteriaceae	g__Atlantibacter	s__Atlantibacter hermannii	GCF_000191665.1	0.0			g__Atlantibacter	genus
Atopobium minutum 10063974 (997872.3)	2.0	Human	997872.0	997872.3	GCF_000364325.1	2531839302.0	PMID:20203603; PMID:24861948	AGORA 1.03	0.0	0.0	Yes	0.0	Host-associated	Human	Unclassified	Unclassified	Gram+	Anaerobe	0.0	0	0.0	1706361.0	1590.0	835149.0	49.0	1539.0	96.79	ftp://ftp.ncbi.nlm.nih.gov/genomes/all/GCF/000/364/325/GCF_000364325.1_Atop_minu_V1	g__Atopobium.json	997872.0	d__Bacteria	p__Actinomycetota	c__Coriobacteriia	o__Coriobacteriales	f__Atopobiaceae	g__Atopobium	s__Atopobium minutum		0.0		0.0	g__Atopobium	genus
	0.0	Human	678932.0		GCF_003703835.1	2831686037.0	https://www.biorxiv.org/content/10.1101/691030v1	Literature research	0.0	0.0	Yes	0.0	Host-associated	Human	Unclassified	Unclassified	Gram+	0	0.0	0	0.0	2589795.0	2550.0	1536725.0	59.0	2478.0	97.18	ftp://ftp.ncbi.nlm.nih.gov/genomes/all/GCF/003/703/835/GCF_003703835.1_ASM370383v1	g__Auritidibacter.json	678932.0	d__Bacteria	p__Actinomycetota	c__Actinomycetes	o__Actinomycetales	f__Micrococcaceae	g__Auritidibacter	s__Auritidibacter ignavus	GCF_003703835.1	0.0	0.0	0.0	g__Auritidibacter	genus
Dechlorosoma suillum PS (640081.3)	0.0	Human	640081.0	640081.3	GCF_000236665.1	2508501046.0	https://www.biorxiv.org/content/10.1101/691030v1	Literature research	0.0	0.0	Yes	0.0	Environmental	Terrestrial	Unclassified	Soil	Gram-	Facultative	0.0	Nonmotile	0.0	3806980.0	3539.0	2488533.0	65.0	3474.0	98.16	ftp://ftp.ncbi.nlm.nih.gov/genomes/all/GCF/000/236/665/GCF_000236665.1_ASM23666v1	g__Azospira.json	640081.0	d__Bacteria	p__Pseudomonadota	c__Gammaproteobacteria	o__Burkholderiales	f__Rhodocyclaceae	g__Azospira	s__Azospira oryzae		0.0			g__Azospira	genus
		Human							0.0	0.0	Yes	0.0					Gram+		0.0		0.0								g__Bacillus.json		d__Bacteria	p__Bacillota	c__Bacilli	o__Bacillales	f__Bacillaceae	g__Bacillus			0.0		0.0	g__Bacillus	genus
		Human							0.0	0.0	Yes						Gram+		0.0		0.0								g__Bacillus_A.json		d__Bacteria	p__Bacillota	c__Bacilli	o__Bacillales	f__Bacillaceae_G	g__Bacillus_A						g__Bacillus_A	genus
	0.0	Human	1367477.0		GCF_000473245.1	2554235446.0	PMID:20203603; PMID:24861948	AGORA 1.03	0.0	0.0	Yes	0.0	Environmental	Aquatic	Unclassified	Marine	Gram+	Aerobe	0.0	0	0.0	4884713.0	5178.0	2248593.0	46.0	5066.0	97.84	ftp://ftp.ncbi.nlm.nih.gov/genomes/all/GCF/000/473/245/GCF_000473245.1_ASM47324v1	g__Bacillus_AB.json	1367477.0	d__Bacteria	p__Bacillota	c__Bacilli	o__Bacillales	f__Cytobacillaceae	g__Bacillus_AB	s__Bacillus_AB infantis		0.0	0.0		g__Bacillus_AB	genus
	0.0	Human	1622072.0		GCF_001243895.1		PMID:30745586	Literature research									Gram+											ftp.ncbi.nlm.nih.gov/genomes/all/GCF/001/243/895/GCF_001243895.1_Bacillus_testis	g__Bacillus_AD.json	1622072.0	d__Bacteria	p__Bacillota	c__Bacilli	o__Bacillales	f__DSM-1321	g__Bacillus_AD	s__Bacillus_AD testis	GCF_001243895.1				g__Bacillus_AD	genus
	0.0	Human	1522318.0		GCF_001375515.1	2690315818.0	PMID:29076642	Literature research	0.0	0.0	Yes	0.0	0	0	0	0	Gram+	Facultative anaerobe	0.0	0	0.0	2784637.0	2669.0	980134.0	35.0	2568.0	96.22	https://www.ncbi.nlm.nih.gov/assembly/GCF_001375515.1	g__Bacillus_BK.json	1522318.0	d__Bacteria	p__Bacillota	c__Bacilli	o__Bacillales	f__Caldibacillaceae	g__Bacillus_BK	s__Bacillus_BK kwashiorkori		0.0	0.0	0.0	g__Bacillus_BK	genus
	0.0	Human	1476857.0		GCF_000821085.1		PMID:30745586	Literature research									Gram+											ftp://ftp.ncbi.nlm.nih.gov/genomes/all/GCF/000/821/085/GCF_000821085.1_PRJEB5955_assembly_1	g__Bacillus_D.json	1476857.0	d__Bacteria	p__Bacillota	c__Bacilli	o__Bacillales	f__Cytobacillaceae	g__Bacillus_D	s__Bacillus_D sp000821085	GCF_000821085.1				g__Bacillus_D	genus
Bacillus smithii 7_3_47FAA (665952.3)	1.0	Human	665952.0	665952.3	GCF_000238675.1	2513237385.0	PMID:31275260	Literature research	0.0	0.0	Yes	0.0	Host-associated	Human	Unclassified	Digestive system	Gram+	Facultative anaerobe	0.0	0		3224201.0	3401.0	1311319.0	41.0	3294.0	96.85	ftp://ftp.ncbi.nlm.nih.gov/genomes/all/GCF/000/238/675/GCF_000238675.1_Baci_smit_7_3_47FAA_V1	g__Bacillus_O.json	665952.0	d__Bacteria	p__Bacillota	c__Bacilli	o__Bacillales	f__DSM-4216	g__Bacillus_O	s__Bacillus_O smithii				0.0	g__Bacillus_O	genus
									0.0	0.0	Yes	0.0					Gram-	Obligate anaerobe	0.0										g__Bacteroides.json		d__Bacteria	p__Bacteroidota	c__Bacteroidia	o__Bacteroidales	f__Bacteroidaceae	g__Bacteroides				0.0		g__Bacteroides	genus
	1.0	Human				2503982039.0	PMID:31275260	Literature research	0.0	0.0	Yes	0.0	Engineered	Solid waste	Unclassified	Animal waste	Gram-	Obligate anaerobe	0.0		0.0	2991798.0	2539.0	1046824.0	35.0	2461.0	96.93		g__Bacteroides_E.json		d__Bacteria	p__Bacteroidota	c__Bacteroidia	o__Bacteroidales	f__Bacteroidaceae	g__Bacteroides_E			0.0			g__Bacteroides_E	genus
Bacteroides pectinophilus ATCC 43243 (483218.5)	2.0	Human	483218.0	483218.5	GCF_000155855.1	642979337.0	PMID:20203603; PMID:24861948	AGORA 1.03	0.0	0.0	Yes	0.0	Host-associated	Human	Large intestine	Digestive system	Gram+	Anaerobe	0.0	Nonmotile	0.0	3025526.0	3293.0	1268609.0	42.0	3246.0	98.57	ftp://ftp.ncbi.nlm.nih.gov/genomes/all/GCF/000/155/855/GCF_000155855.1_ASM15585v1	g__Bacteroides_F.json	483218.0	d__Bacteria	p__Bacillota	c__Clostridia	o__Lachnospirales	f__Lachnospiraceae	g__Bacteroides_F	s__Bacteroides_F pectinophilus					g__Bacteroides_F	genus
Barnesiella intestinihominis YIT 11860 (742726.3)	2.0	Human	742726.0	742726.3	GCF_000296465.1	2529292932.0	PMID:20203603; PMID:24861948	AGORA 1.03	0.0	0.0	Yes	0.0	Host-associated	Human	Large intestine	Digestive system	Gram-	Anaerobe	0.0	Nonmotile		3433706.0	2880.0	1507770.0	44.0	2813.0	97.67	ftp://ftp.ncbi.nlm.nih.gov/genomes/all/GCF/000/296/465/GCF_000296465.1_Barn_inte_YIT_11860_V1	g__Barnesiella.json	742726.0	d__Bacteria	p__Bacteroidota	c__Bacteroidia	o__Bacteroidales	f__Barnesiellaceae	g__Barnesiella	s__Barnesiella intestinihominis					g__Barnesiella	genus
	2.0	Human							0.0	0.0	Yes	0.0	Host-associated		Unclassified	Unclassified	Gram-	Aerobe	0.0	0	0.0				39.0				g__Bartonella.json		d__Bacteria	p__Pseudomonadota	c__Alphaproteobacteria	o__Rhizobiales	f__Rhizobiaceae	g__Bartonella	s__Bartonella quintana		0.0		0.0	g__Bartonella	genus
		Human					https://www.biorxiv.org/content/10.1101/691030v1	Literature research	0.0	0.0	Yes						Gram-	Aerobe	0.0	Motile	0.0								g__Bdellovibrio.json		d__Bacteria	p__Bdellovibrionota	c__Bdellovibrionia	o__Bdellovibrionales	f__Bdellovibrionaceae	g__Bdellovibrio			0.0			g__Bdellovibrio	genus
	0.0	Human	1585974.0		GCF_000829905.1		PMID:30745586	Literature research									Gram-											ftp.ncbi.nlm.nih.gov/genomes/all/GCF/000/829/905/GCF_000829905.1_Beduini_massiliensis_GM1	g__Beduini.json	1585974.0	d__Bacteria	p__Bacillota_I	c__Bacilli_A	o__Erysipelotrichales	f__Coprobacillaceae	g__Beduini	s__Beduini massiliensis	GCF_000829905.1				g__Beduini	genus
									0.0	0.0	Yes	0.0					Gram+												g__Bifidobacterium.json		d__Bacteria	p__Actinomycetota	c__Actinomycetes	o__Actinomycetales	f__Bifidobacteriaceae	g__Bifidobacterium						g__Bifidobacterium	genus
	0.0	Human	1408436.0		GCF_000621585.1	2558860138.0	PMID:31275260	Literature research	0.0	0.0	Yes	0.0	Host-associated	Mammals	Foregut	Digestive system	Gram+	Obligate anaerobe	0.0	Motile	0.0	3331935.0	2854.0	1640463.0	49.0	2776.0	97.27	ftp://ftp.ncbi.nlm.nih.gov/genomes/all/GCF/000/621/585/GCF_000621585.1_ASM62158v1	g__Bilifractor.json	1408436.0	d__Bacteria	p__Bacillota	c__Clostridia	o__Lachnospirales	f__Lachnospiraceae	g__Bilifractor	s__Bilifractor cellulosolvens	NZ_KK211309	0.0	0.0		g__Bilifractor	genus
		Human							0.0	0.0	Yes	0.0	Host-associated	Human			Gram-	Anaerobe	0.0	0	0.0				59.0				g__Bilophila.json		d__Bacteria	p__Desulfobacterota	c__Desulfovibrionia	o__Desulfovibrionales	f__Desulfovibrionaceae	g__Bilophila	s__Bilophila wadsworthia	GCF_000224655.1				g__Bilophila	genus
	0.0	Human				2775506834.0		Literature research	0.0	0.0	Yes	0.0	Host-associated	Human	Unclassified	Unclassified	Gram+	0	0.0	0	0.0	2803346.0	2676.0	1770118.0	63.0	2600.0	97.16		g__Bittarella.json		d__Bacteria	p__Bacillota	c__Clostridia	o__Oscillospirales	f__Ruminococcaceae	g__Bittarella	s__Bittarella massiliensis		0.0	0.0	0.0	g__Bittarella	genus
	0.0	Human	1211815.0		GCF_000582785.1	2600255077.0	PMID:20203603; PMID:24861948	AGORA 1.03	0.0	0.0	Yes	0.0	0	0	0	0	Gram+	Aerobe	0.0	0	0.0	3864252.0	3841.0	2829888.0	73.0	3779.0	98.39	ftp://ftp.ncbi.nlm.nih.gov/genomes/all/GCF/000/582/785/GCF_000582785.1_B.massiliensis	g__Blastococcus.json	1211815.0	d__Bacteria	p__Actinomycetota	c__Actinomycetes	o__Mycobacteriales	f__Geodermatophilaceae	g__Blastococcus	s__Blastococcus massiliensis		0.0	0.0	0.0	g__Blastococcus	genus
									0.0	0.0	Yes	0.0	Host-associated				Gram+	Anaerobe	0.0		0.0								g__Blautia.json		d__Bacteria	p__Bacillota	c__Clostridia	o__Lachnospirales	f__Lachnospiraceae	g__Blautia			0.0	0.0	0.0	g__Blautia	genus
		Human							0.0	0.0	Yes	0.0					Gram+	Anaerobe	0.0										g__Blautia_A.json		d__Bacteria	p__Bacillota	c__Clostridia	o__Lachnospirales	f__Lachnospiraceae	g__Blautia_A						g__Blautia_A	genus
	0.0	Human							0.0	0.0	Yes	0.0					Gram+		0.0	Nonmotile	0.0								g__Bombiscardovia.json		d__Bacteria	p__Actinomycetota	c__Actinomycetes	o__Actinomycetales	f__Bifidobacteriaceae	g__Bombiscardovia			0.0	0.0	0.0	g__Bombiscardovia	genus
	0.0	Human				2687453479.0			0.0	0.0	Yes	0.0	0	0	0	0	Gram-	0	0.0	0	0.0	4912977.0	4659.0	3294777.0	67.0	4577.0	98.24		g__Bordetella.json		d__Bacteria	p__Pseudomonadota	c__Gammaproteobacteria	o__Burkholderiales	f__Burkholderiaceae_B	g__Bordetella	s__Bordetella hinzii	GCF_001078275.1	0.0	0.0	0.0	g__Bordetella	genus
	0.0	Human	2508949.0		GCF_004134775.1		PMID:30658995	Literature research	0.0	0.0							Gram+	0	0.0	0	0.0							ftp://ftp.ncbi.nlm.nih.gov/genomes/all/GCF/004/134/775/GCF_004134775.1_ASM413477v1	g__Borkfalkia.json	2508949.0	d__Bacteria	p__Bacillota	c__Clostridia	o__Christensenellales	f__Borkfalkiaceae	g__Borkfalkia	s__Borkfalkia ceftriaxoniphila	GCF_004134775.1	0.0	0.0	0.0	g__Borkfalkia	genus
Brachybacterium paraconglomeratum LC44 (1064537.3)	2.0	Human	1064537.0	1064537.3	GCF_000233655.1	2548876523.0	PMID:20203603; PMID:24861948	AGORA 1.03	0.0	0.0	Yes	0.0	0	0	0	0	Gram+	Facultative	0.0	0	0.0	3784483.0	3480.0	2738809.0	72.0	3405.0	97.84	ftp://ftp.ncbi.nlm.nih.gov/genomes/all/GCF/000/233/655/GCF_000233655.1_LC44-4.0	g__Brachybacterium.json	1064537.0	d__Bacteria	p__Actinomycetota	c__Actinomycetes	o__Actinomycetales	f__Dermabacteraceae	g__Brachybacterium	s__Brachybacterium conglomeratum		0.0	0.0	0.0	g__Brachybacterium	genus
		Human							0.0	0.0							Gram-	Anaerobe	0.0		0.0								g__Brachyspira.json		d__Bacteria	p__Spirochaetota	c__Brachyspiria	o__Brachyspirales	f__Brachyspiraceae	g__Brachyspira			0.0	0.0	0.0	g__Brachyspira	genus
		Human							0.0	0.0	Yes	0.0					Gram-				0.0				64.0				g__Bradyrhizobium.json		d__Bacteria	p__Pseudomonadota	c__Alphaproteobacteria	o__Rhizobiales	f__Xanthobacteraceae	g__Bradyrhizobium						g__Bradyrhizobium	genus
		Human							0.0	0.0	Yes	0.0					Gram+	Aerobe	0.0		0.0								g__Brevibacillus.json		d__Bacteria	p__Bacillota	c__Bacilli	o__Brevibacillales	f__Brevibacillaceae	g__Brevibacillus			0.0	0.0	0.0	g__Brevibacillus	genus
		Human							0.0	0.0	Yes	0.0	Host-associated	Human			Gram+	Aerobe	0.0		0.0								g__Brevibacterium.json		d__Bacteria	p__Actinomycetota	c__Actinomycetes	o__Actinomycetales	f__Brevibacteriaceae	g__Brevibacterium					0.0	g__Brevibacterium	genus
		Human							0.0	0.0	Yes	0.0					Gram-		0.0	0	0.0								g__Brevundimonas.json		d__Bacteria	p__Pseudomonadota	c__Alphaproteobacteria	o__Caulobacterales	f__Caulobacteraceae	g__Brevundimonas			0.0		0.0	g__Brevundimonas	genus
	0.0	Human	1121126.0		GCF_000525935.1	2773858004.0	PMID:20203603; PMID:24861948	AGORA 1.03	0.0	0.0	Yes	0.0	Engineered	Food production	Unclassified	Unclassified	Gram+	Facultative	0.0	Nonmotile	0.0	2489924.0	2512.0	905610.0	36.0	2409.0	95.9	ftp://ftp.ncbi.nlm.nih.gov/genomes/all/GCF/000/525/935/GCF_000525935.1_BthermosphactaTYPE	g__Brochothrix.json	1121126.0	d__Bacteria	p__Bacillota	c__Bacilli	o__Lactobacillales	f__Listeriaceae	g__Brochothrix	s__Brochothrix thermosphacta		0.0			g__Brochothrix	genus
		Human							0.0	0.0	Yes						Gram-	Aerobe	0.0		0.0								g__Brucella.json		d__Bacteria	p__Pseudomonadota	c__Alphaproteobacteria	o__Rhizobiales	f__Rhizobiaceae	g__Brucella			0.0			g__Brucella	genus
		Human					PMID:20203603; PMID:24861948	AGORA 1.03	0.0	0.0	Yes	0.0	Host-associated	Human		Digestive system	Gram+	Anaerobe	0.0		0.0								g__Bulleidia.json		d__Bacteria	p__Bacillota_I	c__Bacilli_A	o__Erysipelotrichales	f__Erysipelotrichaceae	g__Bulleidia					0.0	g__Bulleidia	genus
		Human							0.0	0.0	Yes	0.0					Gram-	Obligate aerobe	0.0		0.0				67.0				g__Burkholderia.json		d__Bacteria	p__Pseudomonadota	c__Gammaproteobacteria	o__Burkholderiales	f__Burkholderiaceae	g__Burkholderia			0.0		0.0	g__Burkholderia	genus
Butyricicoccus pullicaecorum 1.2 (1203606.4)	2.0	Human	1203606.0	1203606.4	GCF_000398925.1	2537561731.0	PMID:20203603; PMID:24861948	AGORA 1.03	0.0	0.0	Yes	0.0	Host-associated	Human	Large intestine	Digestive system	Gram+	0	0.0	0		3299517.0	3201.0	1784417.0	54.0	3112.0	97.22	ftp://ftp.ncbi.nlm.nih.gov/genomes/all/GCF/000/398/925/GCF_000398925.1_Buty_pull_1_20_V1	g__Butyricicoccus.json	1203606.0	d__Bacteria	p__Bacillota	c__Clostridia	o__Oscillospirales	f__Butyricicoccaceae	g__Butyricicoccus	s__Butyricicoccus pullicaecorum				0.0	g__Butyricicoccus	genus
		Human															Gram-												g__Butyricimonas.json		d__Bacteria	p__Bacteroidota	c__Bacteroidia	o__Bacteroidales	f__Marinifilaceae	g__Butyricimonas		GCF_900091675.1				g__Butyricimonas	genus
Butyrivibrio proteoclasticus B316 (515622.3)	1.0	Human	515622.0	515622.3	GCF_000145035.1	648028012.0	PMID:31275260	Literature research	0.0	0.0	Yes	0.0	Host-associated	Mammals	Foregut	Digestive system	Gram+	Anaerobe	0.0	Motile		4404886.0	3879.0	1762323.0	40.0	3811.0	98.25	ftp://ftp.ncbi.nlm.nih.gov/genomes/all/GCF/000/145/035/GCF_000145035.1_ASM14503v1	g__Butyrivibrio.json	515622.0	d__Bacteria	p__Bacillota	c__Clostridia	o__Lachnospirales	f__Lachnospiraceae	g__Butyrivibrio	s__Butyrivibrio proteoclasticus					g__Butyrivibrio	genus
	0.0	Human	351627.0		GCF_000016545.1	640427106.0	PMID:20203603; PMID:24861948	AGORA 1.03	0.0	0.0	Yes	0.0	Environmental	Aquatic	Unclassified	Thermal springs	Gram+	Anaerobe		0	0.0	2970275.0	2834.0	1047143.0	35.0	2760.0	97.39	ftp://ftp.ncbi.nlm.nih.gov/genomes/all/GCF/000/016/545/GCF_000016545.1_ASM1654v1	g__Caldicellulosiruptor.json	351627.0	d__Bacteria	p__Bacillota	c__Thermoanaerobacteria	o__Caldicellulosiruptorales	f__Caldicellulosiruptoraceae	g__Caldicellulosiruptor	s__Caldicellulosiruptor saccharolyticus	GCF_000407285.15	0.0			g__Caldicellulosiruptor	genus
	0.0	Human							0.0	0.0	Yes	0.0	0	0	0	0	Gram+		0.0	0	0.0								g__Caldifermentibacillus.json		d__Bacteria	p__Bacillota	c__Bacilli	o__Bacillales	f__Caldibacillaceae	g__Caldifermentibacillus				0.0	0.0	g__Caldifermentibacillus	genus
		Human							0.0	0.0							Gram-	Microaerophile	0.0		0.0								g__Campylobacter.json		d__Bacteria	p__Campylobacterota	c__Campylobacteria	o__Campylobacterales	f__Campylobacteraceae	g__Campylobacter			0.0	0.0	0.0	g__Campylobacter	genus
		Human							0.0	0.0	Yes		Host-associated	Human		Digestive system	Gram-	Microaerophile	0.0		0.0								g__Campylobacter_A.json		d__Bacteria	p__Campylobacterota	c__Campylobacteria	o__Campylobacterales	f__Campylobacteraceae	g__Campylobacter_A						g__Campylobacter_A	genus
		Human							0.0	0.0							Gram-	Microaerophile	0.0		0.0								g__Campylobacter_B.json		d__Bacteria	p__Campylobacterota	c__Campylobacteria	o__Campylobacterales	f__Campylobacteraceae	g__Campylobacter_B			0.0	0.0	0.0	g__Campylobacter_B	genus
		Human							0.0	0.0	Yes	0.0					Gram-	Microaerophile	0.0		0.0								g__Campylobacter_D.json		d__Bacteria	p__Campylobacterota	c__Campylobacteria	o__Campylobacterales	f__Campylobacteraceae	g__Campylobacter_D			0.0	0.0	0.0	g__Campylobacter_D	genus
	0.0	Human	1031920.0		GCF_002220735.1		https://www.biorxiv.org/content/10.1101/691030v1	Literature research	0.0	0.0							Gram-	Microaerophile	0.0	0	0.0							ftp://ftp.ncbi.nlm.nih.gov/genomes/all/GCF/002/220/735/GCF_002220735.1_ASM222073v1	g__Campylobacter_F.json	1031920.0	d__Bacteria	p__Campylobacterota	c__Campylobacteria	o__Campylobacterales	f__Campylobacteraceae	g__Campylobacter_F	s__Campylobacter_F sputorum	GCF_002220735.1	0.0	0.0	0.0	g__Campylobacter_F	genus
		Human							0.0	0.0	Yes	0.0	Host-associated				Gram-	Facultative	0.0										g__Capnocytophaga.json		d__Bacteria	p__Bacteroidota	c__Bacteroidia	o__Flavobacteriales	f__Flavobacteriaceae	g__Capnocytophaga						g__Capnocytophaga	genus
	0.0	Human	1120746.0		GCF_000752215.1		PMID:25567229	Literature research																				ftp://ftp.ncbi.nlm.nih.gov/genomes/all/GCF/000/752/215/GCF_000752215.1_Amazonia_massiliensis	g__Caproiciproducens.json	1120746.0	d__Bacteria	p__Bacillota	c__Clostridia	o__Oscillospirales	f__Acutalibacteraceae	g__Caproiciproducens	s__Caproiciproducens sp000752215					g__Caproiciproducens	genus
		Human						Literature research	0.0	0.0	Yes	0.0	Host-associated	Human			Gram-	Aerobe	0.0	0	0.0								g__Cardiobacterium.json		d__Bacteria	p__Pseudomonadota	c__Gammaproteobacteria	o__Cardiobacteriales	f__Cardiobacteriaceae	g__Cardiobacterium					0.0	g__Cardiobacterium	genus
		Human					PMID:31171880	Literature research	0.0	0.0	Yes	0.0					Gram+	Facultative anaerobe	0.0	0	0.0								g__Carnobacterium.json		d__Bacteria	p__Bacillota	c__Bacilli	o__Lactobacillales	f__Carnobacteriaceae	g__Carnobacterium	s__Carnobacterium maltaromaticum		0.0		0.0	g__Carnobacterium	genus
Catenibacterium mitsuokai DSM 15897 (451640.5)	2.0	Human	451640.0	451640.5	GCF_000173795.1	643886110.0	PMID:20203603; PMID:24861948	AGORA 1.03	0.0	0.0	Yes	0.0	Host-associated	Human	Large intestine	Digestive system	Gram+	Anaerobe	0.0	Nonmotile	0.0	2671313.0	3052.0	983508.0	37.0	2977.0	97.54	ftp://ftp.ncbi.nlm.nih.gov/genomes/all/GCF/000/173/795/GCF_000173795.1_ASM17379v1	g__Catenibacterium.json	451640.0	d__Bacteria	p__Bacillota_I	c__Bacilli_A	o__Erysipelotrichales	f__Coprobacillaceae	g__Catenibacterium	s__Catenibacterium mitsuoka_A	NZ_LAYJ01000078				g__Catenibacterium	genus
Catonella morbi ATCC 51271 (592026.3)	1.0	Human	592026.0	592026.3	GCF_000160035.2	643886188.0	PMID:31171880	Literature research	0.0	0.0	Yes	0.0	Host-associated	Animal	Unclassified	Digestive system	Gram+	Anaerobe	0.0	0		2041839.0	2005.0	959280.0	47.0	1950.0	97.26	ftp://ftp.ncbi.nlm.nih.gov/genomes/all/GCF/000/160/035/GCF_000160035.2_ASM16003v2	g__Catonella.json	592026.0	d__Bacteria	p__Bacillota	c__Clostridia	o__Lachnospirales	f__Lachnospiraceae	g__Catonella	s__Catonella morbi	GCF_000160035.2			0.0	g__Catonella	genus
Cedecea davisae DSM 4568 (566551.4)	2.0	Human	566551.0	566551.4	GCF_000412335.2	2541046972.0	PMID:20203603; PMID:24861948	AGORA 1.03	0.0	0.0	Yes	0.0	Host-associated	Human	Large intestine	Digestive system	Gram-	0	0.0	0	0.0	4853881.0	4898.0	2637750.0	54.0	4805.0	98.1	ftp://ftp.ncbi.nlm.nih.gov/genomes/all/GCF/000/412/335/GCF_000412335.2_ASM41233v2	g__Cedecea.json	566551.0	d__Bacteria	p__Pseudomonadota	c__Gammaproteobacteria	o__Enterobacterales	f__Enterobacteriaceae	g__Cedecea	s__Cedecea davisae				0.0	g__Cedecea	genus
	0.0	Human				2547132154.0	PMID:25567229	Literature research	0.0	0.0	Yes	0.0	Host-associated	Human	Large intestine	Digestive system	Gram+	Aerobe	0.0	0	0.0	3245876.0	3262.0	2429262.0	75.0	3204.0	98.22		g__Cellulomonas.json		d__Bacteria	p__Actinomycetota	c__Actinomycetes	o__Actinomycetales	f__Cellulomonadaceae	g__Cellulomonas	s__Cellulomonas massiliensis					g__Cellulomonas	genus
	0.0	Human	1689271.0		GCF_900046455.1		PMID:30745586	Literature research									Gram+											ftp.ncbi.nlm.nih.gov/genomes/all/GCF/900/046/455/GCF_900046455.1_Cellulomonas_timonensis	g__Cellulomonas_A.json	1689271.0	d__Bacteria	p__Actinomycetota	c__Actinomycetes	o__Actinomycetales	f__Cellulomonadaceae	g__Cellulomonas_A	s__Cellulomonas_A timonensis	GCF_900046455.1				g__Cellulomonas_A	genus
	0.0	Human	642492.0		GCF_000178835.2	650716026.0	PMID:20203603; PMID:24861948	AGORA 1.03	0.0	0.0	Yes	0.0	Environmental	Aquatic	Intertidal zone	Marine	Gram+	Anaerobe	0.0	Motile	0.0	4714237.0	4416.0	1618145.0	34.0	4272.0	96.74	ftp://ftp.ncbi.nlm.nih.gov/genomes/all/GCF/000/178/835/GCF_000178835.2_ASM17883v2	g__Cellulosilyticum.json	642492.0	d__Bacteria	p__Bacillota	c__Clostridia	o__Lachnospirales	f__Cellulosilyticaceae	g__Cellulosilyticum	s__Cellulosilyticum lentocellum		0.0			g__Cellulosilyticum	genus
	0.0	Human	935839.0		GCF_000526595.1	2508501028.0	PMID:20203603; PMID:24861948	AGORA 1.03	0.0	0.0	Yes	0.0	0	0	0	0	Gram+	Facultative	0.0	0	0.0	4252182.0	3819.0	3176065.0	75.0	3759.0	98.43	ftp://ftp.ncbi.nlm.nih.gov/genomes/all/GCF/000/526/595/GCF_000526595.1_ASM52659v1	g__Cellulosimicrobium.json	935839.0	d__Bacteria	p__Actinomycetota	c__Actinomycetes	o__Actinomycetales	f__Cellulomonadaceae	g__Cellulosimicrobium	s__Cellulosimicrobium composti		0.0	0.0	0.0	g__Cellulosimicrobium	genus
	1.0	Human						Literature research	0.0	0.0	Yes	0.0	Host-associated			Digestive system	Gram-		0.0										g__Centipeda.json		d__Bacteria	p__Bacillota	c__Negativicutes	o__Selenomonadales	f__Selenomonadaceae	g__Centipeda					0.0	g__Centipeda	genus
	0.0	Human	1319815.0		GCF_000479045.1	2558860278.0	PMID:20203603; PMID:24861948	AGORA 1.03	0.0	0.0	Yes	0.0	Host-associated	Human	Large intestine	Digestive system	Gram-	0	0.0	0	0.0	3064648.0	3014.0	875931.0	29.0	2975.0	98.71	ftp://ftp.ncbi.nlm.nih.gov/genomes/all/GCF/000/479/045/GCF_000479045.1_ASM47904v1	g__Cetobacterium_A.json	1319815.0	d__Bacteria	p__Fusobacteriota	c__Fusobacteriia	o__Fusobacteriales	f__Fusobacteriaceae	g__Cetobacterium_A	s__Cetobacterium_A somerae					g__Cetobacterium_A	genus
	0.0	Mouse	991789.0		GCF_001561955.1	2582581271.0	Personal communication, Dr. Jan Krumsiek	Personal communication	0.0	0.0	Yes		Environmental	Aquatic	Intertidal zone	Marine	Gram+	Anaerobe	0.0	Motile	0.0	3076693.0	2976.0	1195022.0	39.0	2884.0	96.91	ftp://ftp.ncbi.nlm.nih.gov/genomes/all/GCF/001/561/955/GCF_001561955.1_ASM156195v1	g__Chakrabartyella.json	991789.0	d__Bacteria	p__Bacillota	c__Clostridia	o__Lachnospirales	f__Anaerotignaceae	g__Chakrabartyella	s__Chakrabartyella propionicum		0.0			g__Chakrabartyella	genus
	0.0	Human				2721755548.0			0.0	0.0	Yes	0.0	Host-associated	Plants	Unclassified	Unclassified	Gram-		0.0	0	0.0	6325799.0	6075.0	3396319.0	54.0	5877.0	96.74		g__Chania.json		d__Bacteria	p__Pseudomonadota	c__Gammaproteobacteria	o__Enterobacterales	f__Enterobacteriaceae	g__Chania		GCF_001514455.1	0.0	0.0	0.0	g__Chania	genus
Chlorobium phaeobacteroides DSM 266 (290317.9)	1.0	Human	290317.0	290317.9	GCF_000015125.1	639633020.0	PMID:31171880	Literature research	0.0	0.0	Yes	0.0	Environmental	Aquatic	Lentic	Freshwater	Gram-	Facultative		Nonmotile	0.0	3133902.0	2805.0	1515287.0	48.0	2743.0	97.79	ftp://ftp.ncbi.nlm.nih.gov/genomes/all/GCF/000/015/125/GCF_000015125.1_ASM1512v1	g__Chlorobium.json	290317.0	d__Bacteria	p__Bacteroidota	c__Chlorobiia	o__Chlorobiales	f__Chlorobiaceae	g__Chlorobium	s__Chlorobium phaeobacteroides		0.0			g__Chlorobium	genus
	0.0	Human						Literature research	0.0	0.0	Yes	0.0					Gram+		0.0	0	0.0								g__Christensenella.json		d__Bacteria	p__Bacillota	c__Clostridia	o__Christensenellales	f__Christensenellaceae	g__Christensenella			0.0	0.0	0.0	g__Christensenella	genus
	0.0	Human				2510065058.0			0.0	0.0	Yes	0.0	Host-associated	Plants	Unclassified	Rhizoplane	Gram-	Aerobe		0	0.0	5005894.0	4657.0	3315905.0	66.0	4583.0	98.41		g__Chryseomonas.json		d__Bacteria	p__Pseudomonadota	c__Gammaproteobacteria	o__Pseudomonadales	f__Pseudomonadaceae	g__Chryseomonas			0.0		0.0	g__Chryseomonas	genus
		Human							0.0	0.0	Yes						Gram-	Facultative anaerobe			0.0								g__Citrobacter.json		d__Bacteria	p__Pseudomonadota	c__Gammaproteobacteria	o__Enterobacterales	f__Enterobacteriaceae	g__Citrobacter			0.0			g__Citrobacter	genus
		Human							0.0	0.0	Yes	0.0					Gram-	Facultative anaerobe	0.0		0.0								g__Citrobacter_A.json		d__Bacteria	p__Pseudomonadota	c__Gammaproteobacteria	o__Enterobacterales	f__Enterobacteriaceae	g__Citrobacter_A			0.0	0.0	0.0	g__Citrobacter_A	genus
Citrobacter koseri ATCC BAA-895 (290338.8)	2.0	Human	290338.0	290338.8	GCF_000018045.1	640753015.0	PMID:20203603; PMID:24861948	AGORA 1.03	0.0	0.0	Yes		Host-associated	Human	Unclassified	Unclassified	Gram-	Facultative anaerobe	0.0	Motile		4735357.0	5171.0	2548921.0	54.0	5031.0	97.29	ftp://ftp.ncbi.nlm.nih.gov/genomes/all/GCF/000/018/045/GCF_000018045.1_ASM1804v1	g__Citrobacter_B.json	290338.0	d__Bacteria	p__Pseudomonadota	c__Gammaproteobacteria	o__Enterobacterales	f__Enterobacteriaceae	g__Citrobacter_B	s__Citrobacter_B koseri				0.0	g__Citrobacter_B	genus
		Human							0.0	0.0	Yes	0.0					Gram-	Obligate anaerobe	0.0		0.0				56.0				g__Cloacibacillus.json		d__Bacteria	p__Synergistota	c__Synergistia	o__Synergistales	f__Synergistaceae	g__Cloacibacillus	s__Cloacibacillus evryensis		0.0			g__Cloacibacillus	genus
	0.0	Mouse	237258.0		GCF_900104195.1	2634166320.0	Personal communication, Dr. Jan Krumsiek	Personal communication	0.0	0.0	Yes	0.0	Environmental	Aquatic	Unclassified	Unclassified	Gram-	Facultative	0.0	0	0.0	2736266.0	2608.0	904251.0	33.0	2524.0	96.78	ftp://ftp.ncbi.nlm.nih.gov/genomes/all/GCF/900/104/195/GCF_900104195.1_IMG-taxon_2634166320_annotated_assembly	g__Cloacibacterium.json	237258.0	d__Bacteria	p__Bacteroidota	c__Bacteroidia	o__Flavobacteriales	f__Weeksellaceae	g__Cloacibacterium	s__Cloacibacterium normanense		0.0	0.0	0.0	g__Cloacibacterium	genus
	2.0	Human							0.0	0.0	Yes	0.0					Gram+	Obligate anaerobe	0.0		0.0								g__Clostridioides.json		d__Bacteria	p__Bacillota	c__Clostridia	o__Peptostreptococcales	f__Peptostreptococcaceae	g__Clostridioides	s__Clostridioides difficile				0.0	g__Clostridioides	genus
									0.0	0.0							Gram+	Obligate anaerobe	0.0		0.0								g__Clostridium.json		d__Bacteria	p__Bacillota	c__Clostridia	o__Clostridiales	f__Clostridiaceae	g__Clostridium			0.0	0.0	0.0	g__Clostridium	genus
Clostridium leptum DSM 753 (428125.8)	2.0	Human	428125.0	428125.8	GCF_000154345.1	641380427.0	PMID:20203603; PMID:24861948	AGORA 1.03	0.0	0.0	Yes	0.0	Host-associated	Human	Large intestine	Digestive system	Gram+	Anaerobe	0.0	Motile	0.0	3270109.0	3983.0	1641113.0	50.0	3923.0	98.49	ftp://ftp.ncbi.nlm.nih.gov/genomes/all/GCF/000/154/345/GCF_000154345.1_ASM15434v1	g__Clostridium_A.json	428125.0	d__Bacteria	p__Bacillota	c__Clostridia	o__Oscillospirales	f__Acutalibacteraceae	g__Clostridium_A	s__Clostridium_A leptum					g__Clostridium_A	genus
	0.0	Human	1325933.0		GCF_000820705.1	2654587701.0	PMID:25567229	Literature research	0.0	0.0	Yes	0.0	Host-associated	Human	Unclassified	Unclassified	Gram+	Obligate anaerobe	0.0	0	0.0	3560738.0	3663.0	1210741.0	34.0	3579.0	97.71	ftp://ftp.ncbi.nlm.nih.gov/genomes/all/GCF/000/820/705/GCF_000820705.1_Clostridium_polynesiense_str._MS1	g__Clostridium_AA.json	1325933.0	d__Bacteria	p__Bacillota	c__Clostridia	o__Clostridiales	f__Clostridiaceae	g__Clostridium_AA	s__Clostridium_AA polynesiense	NZ_CCXI01000001	0.0	0.0	0.0	g__Clostridium_AA	genus
		Human							0.0	0.0	Yes	0.0	Host-associated	Human	Large intestine	Digestive system	Gram+	Anaerobe	0.0		0.0				46.0				g__Clostridium_AP.json		d__Bacteria	p__Bacillota	c__Clostridia	o__Lachnospirales	f__Lachnospiraceae	g__Clostridium_AP	s__Clostridium_AP scindens					g__Clostridium_AP	genus
		Human							0.0	0.0	Yes	0.0	Host-associated				Gram+		0.0		0.0								g__Clostridium_AQ.json		d__Bacteria	p__Bacillota_I	c__Bacilli_A	o__Erysipelotrichales	f__Erysipelotrichaceae	g__Clostridium_AQ					0.0	g__Clostridium_AQ	genus
	2.0	Human							0.0	0.0	Yes	0.0			Unclassified		Gram+	Obligate anaerobe	0.0	0	0.0				31.0				g__Clostridium_B.json		d__Bacteria	p__Bacillota	c__Clostridia	o__Clostridiales	f__Clostridiaceae	g__Clostridium_B	s__Clostridium_B tyrobutyricum	GCF_000189615.1	0.0			g__Clostridium_B	genus
		Human							0.0	0.0	Yes						Gram+	Obligate anaerobe	0.0		0.0								g__Clostridium_F.json		d__Bacteria	p__Bacillota	c__Clostridia	o__Clostridiales	f__Clostridiaceae	g__Clostridium_F			0.0			g__Clostridium_F	genus
	0.0	Mouse	1494.0		GCF_900187165.1		PMID:27670113	Literature research	0.0	0.0							Gram+	Obligate anaerobe	0.0	0	0.0							ftp://ftp.ncbi.nlm.nih.gov/genomes/all/GCF/900/187/165/GCF_900187165.1_52121_G02	g__Clostridium_G.json	1494.0	d__Bacteria	p__Bacillota	c__Clostridia	o__Clostridiales	f__Clostridiaceae	g__Clostridium_G	s__Clostridium_G cochlearium		0.0	0.0	0.0	g__Clostridium_G	genus
		Human							0.0	0.0	Yes	0.0					Gram+	Obligate anaerobe	0.0		0.0								g__Clostridium_H.json		d__Bacteria	p__Bacillota	c__Clostridia	o__Clostridiales	f__Clostridiaceae	g__Clostridium_H			0.0			g__Clostridium_H	genus
	1.0	Human				2509276060.0	PMID:31275260	Literature research	0.0	0.0	Yes	0.0	Environmental	Terrestrial	Mine	Geologic	Gram+	Obligate anaerobe			0.0	5044100.0	4966.0	1541450.0	31.0	4851.0	97.68		g__Clostridium_I.json		d__Bacteria	p__Bacillota	c__Clostridia	o__Clostridiales	f__Clostridiaceae	g__Clostridium_I			0.0			g__Clostridium_I	genus
	0.0																Gram+	Obligate anaerobe											g__Clostridium_J.json		d__Bacteria	p__Bacillota	c__Clostridia	o__Clostridiales	f__Clostridiaceae	g__Clostridium_J						g__Clostridium_J	genus
	0.0	Human	1499689.0		GCF_000753355.2	2775507068.0	PMID:25567229	Literature research	0.0	0.0	Yes	0.0	0	0	0	0	Gram+	Obligate anaerobe	0.0	0	0.0	3750216.0	3578.0	1145890.0	31.0	3413.0	95.39	ftp://ftp.ncbi.nlm.nih.gov/genomes/all/GCF/000/753/355/GCF_000753355.2_Clostridium_amazonitimonense	g__Clostridium_L.json	1499689.0	d__Bacteria	p__Bacillota	c__Clostridia	o__Clostridiales	f__Clostridiaceae	g__Clostridium_L	s__Clostridium_L simiarum	NZ_CCFK01000001		0.0	0.0	g__Clostridium_L	genus
	2.0	Human							0.0	0.0	Yes	0.0					Gram+	Obligate anaerobe		Motile	0.0				31.0				g__Clostridium_S.json		d__Bacteria	p__Bacillota	c__Clostridia	o__Clostridiales	f__Clostridiaceae	g__Clostridium_S	s__Clostridium_S acetobutylicum		0.0			g__Clostridium_S	genus
	0.0	Human	1280692.0		GCF_000424205.1	2524614698.0	PMID:20203603; PMID:24861948	AGORA 1.03	0.0	0.0	Yes	0.0	0	0	0	0	Gram+	Obligate anaerobe	0.0	0	0.0	3542160.0	3459.0	1100790.0	31.0	3372.0	97.48	ftp://ftp.ncbi.nlm.nih.gov/genomes/all/GCF/000/424/205/GCF_000424205.1_ASM42420v1	g__Clostridium_X.json	1280692.0	d__Bacteria	p__Bacillota	c__Clostridia	o__Clostridiales	f__Clostridiaceae	g__Clostridium_X	s__Clostridium_X cadaveris	GCF_000182605.1	0.0	0.0	0.0	g__Clostridium_X	genus
Cohnella laeviribosi DSM 21336 (1121346.3)	1.0	Mouse	1121346.0	1121346.3	GCF_000378425.1	2519899681.0	Personal communication, Dr. Jan Krumsiek	Personal communication	0.0	0.0	Yes	0.0	Environmental	Terrestrial	Unclassified	Soil	Gram+	0	0.0	0	0.0	4478238.0	4285.0	2562464.0	57.0	4169.0	97.29	ftp://ftp.ncbi.nlm.nih.gov/genomes/all/GCF/000/378/425/GCF_000378425.1_ASM37842v1	g__Cohnella.json	1121346.0	d__Bacteria	p__Bacillota	c__Bacilli	o__Paenibacillales	f__Paenibacillaceae	g__Cohnella	s__Cohnella laeviribosi		0.0		0.0	g__Cohnella	genus
		Human							0.0	0.0	Yes	0.0	Host-associated	Human	Large intestine	Digestive system	Gram+	Anaerobe	0.0	Nonmotile	0.0								g__Collinsella.json		d__Bacteria	p__Actinomycetota	c__Coriobacteriia	o__Coriobacteriales	f__Coriobacteriaceae	g__Collinsella						g__Collinsella	genus
		Human							0.0	0.0	Yes	0.0					Gram-	Aerobe	0.0		0.0								g__Comamonas.json		d__Bacteria	p__Pseudomonadota	c__Gammaproteobacteria	o__Burkholderiales	f__Burkholderiaceae_C	g__Comamonas			0.0	0.0	0.0	g__Comamonas	genus
Lactobacillus farciminis KCTC 3681 (936140.3)		Human		936140.3				Literature research	0.0	0.0	Yes	0.0					Gram+	Aerobe	0.0	0	0.0								g__Companilactobacillus.json		d__Bacteria	p__Bacillota	c__Bacilli	o__Lactobacillales	f__Lactobacillaceae	g__Companilactobacillus			0.0	0.0	0.0	g__Companilactobacillus	genus
		Human						Literature research	0.0	0.0	Yes	0.0	Host-associated	Human	Unclassified		Gram-	Anaerobe	0.0		0.0								g__Coprobacter.json		d__Bacteria	p__Bacteroidota	c__Bacteroidia	o__Bacteroidales	f__Coprobacteraceae	g__Coprobacter			0.0	0.0	0.0	g__Coprobacter	genus
Coprococcus eutactus ATCC 27759 (411474.6)	2.0	Human	411474.0	411474.6	GCF_000154425.1	641380422.0	PMID:20203603; PMID:24861948	AGORA 1.03	0.0	0.0	Yes	0.0	Host-associated	Human	Large intestine	Digestive system	Gram+	Anaerobe	0.0	Nonmotile	0.0	3102087.0	3065.0	1336699.0	43.0	2982.0	97.29	ftp://ftp.ncbi.nlm.nih.gov/genomes/all/GCF/000/154/425/GCF_000154425.1_ASM15442v1	g__Coprococcus.json	411474.0	d__Bacteria	p__Bacillota	c__Clostridia	o__Lachnospirales	f__Lachnospiraceae	g__Coprococcus	s__Coprococcus eutactus					g__Coprococcus	genus
Coprococcus catus GD/7 (717962.3)	2.0	Human	717962.0	717962.3	GCF_000210555.1	650377925.0	PMID:20203603; PMID:24861948	AGORA 1.03	0.0	0.0	Yes	0.0	Host-associated	Human	Large intestine	Digestive system	Gram+	Anaerobe	0.0	Nonmotile		3522704.0	3040.0	1494651.0	43.0	2985.0	98.19	https://www.ncbi.nlm.nih.gov/assembly/GCF_000210555.1/	g__Coprococcus_A.json	717962.0	d__Bacteria	p__Bacillota	c__Clostridia	o__Lachnospirales	f__Lachnospiraceae	g__Coprococcus_A	s__Coprococcus_A intestinihominis					g__Coprococcus_A	genus
Clostridium sp. ASF356 (97138.3)	1.0	Human	97138.0	97138.3	GCF_000364165.1	2517572005.0	PMID:31275260	Literature research	0.0	0.0	Yes	0.0	Host-associated	Mammals	Large intestine	Digestive system	Gram+	Obligate anaerobe	0.0	0	0.0	2857551.0	2874.0	879741.0	31.0	2810.0	97.77	ftp://ftp.ncbi.nlm.nih.gov/genomes/all/GCF/000/364/165/GCF_000364165.1_Clos_bact_ASF356_V1	g__Coprocola.json	97138.0	d__Bacteria	p__Bacillota	c__Clostridia	o__Lachnospirales	f__Anaerotignaceae	g__Coprocola	s__Coprocola sp000364165	GCF_000364165.1	0.0	0.0	0.0	g__Coprocola	genus
									0.0	0.0							Gram+				0.0								g__Corynebacterium.json		d__Bacteria	p__Actinomycetota	c__Actinomycetes	o__Mycobacteriales	f__Mycobacteriaceae	g__Corynebacterium			0.0		0.0	g__Corynebacterium	genus
		Human							0.0	0.0	Yes	0.0					Gram-	Facultative anaerobe	0.0		0.0								g__Cronobacter.json		d__Bacteria	p__Pseudomonadota	c__Gammaproteobacteria	o__Enterobacterales	f__Enterobacteriaceae	g__Cronobacter	s__Cronobacter sakazakii		0.0			g__Cronobacter	genus
Cryptobacterium curtum DSM 15641 (469378.5)	2.0	Human	469378.0	469378.5	GCF_000023845.1	644736346.0	PMID:20203603; PMID:24861948	AGORA 1.03	0.0	0.0	Yes		Host-associated	Human	Oral	Digestive system	Gram+	Obligate anaerobe	0.0	Nonmotile	0.0	1617804.0	1421.0	823649.0	51.0	1364.0	95.99	ftp://ftp.ncbi.nlm.nih.gov/genomes/all/GCF/000/023/845/GCF_000023845.1_ASM2384v1	g__Cryptobacterium.json	469378.0	d__Bacteria	p__Actinomycetota	c__Coriobacteriia	o__Coriobacteriales	f__Eggerthellaceae	g__Cryptobacterium	s__Cryptobacterium curtum	GCF_000339015.1				g__Cryptobacterium	genus
		Human															Gram-												g__Culturomica.json		d__Bacteria	p__Bacteroidota	c__Bacteroidia	o__Bacteroidales	f__Marinifilaceae	g__Culturomica		GCF_900091655.1				g__Culturomica	genus
	0.0	Mouse	1796618.0		GCF_004216775.1	2802428826.0	PMID:27670113	Literature research	0.0	0.0	Yes	0.0	Host-associated	Mammals	Large intestine	Digestive system	Gram+	Anaerobe	0.0	0	0.0	3462725.0	3308.0	1699102.0	49.0	3230.0	97.64	ftp://ftp.ncbi.nlm.nih.gov/genomes/all/GCF/004/216/775/GCF_004216775.1_ASM421677v1	g__Cuneatibacter.json	1796618.0	d__Bacteria	p__Bacillota	c__Clostridia	o__Lachnospirales	f__Lachnospiraceae	g__Cuneatibacter	s__Cuneatibacter caecimuris	GCF_004216775.1	0.0	0.0	0.0	g__Cuneatibacter	genus
Cupriavidus metallidurans CH34 (266264.4)	2.0	Human	266264.0	266264.4	GCF_000196015.1	637000230.0	Strains of species found in the human gut (PMID:24861948) present in PubSEED	Initial strain selection	0.0	0.0	Yes	0.0	Environmental	Aquatic	Lentic	Freshwater	Gram-	Aerobe	0.0	Motile	0.0	6913352.0	6430.0	4392121.0	64.0	6340.0	98.6	ftp://ftp.ncbi.nlm.nih.gov/genomes/all/GCF/000/196/015/GCF_000196015.1_ASM19601v1	g__Cupriavidus.json	266264.0	d__Bacteria	p__Pseudomonadota	c__Gammaproteobacteria	o__Burkholderiales	f__Burkholderiaceae	g__Cupriavidus	s__Cupriavidus metallidurans		0.0			g__Cupriavidus	genus
		Human							0.0	0.0	Yes	0.0					Gram+	Obligate aerobe	0.0	0	0.0				71.0				g__Curtobacterium.json		d__Bacteria	p__Actinomycetota	c__Actinomycetes	o__Actinomycetales	f__Microbacteriaceae	g__Curtobacterium	s__Curtobacterium poinsettiae	GCF_000834535.1	0.0	0.0	0.0	g__Curtobacterium	genus
	0.0	Human	1336244.0		GCF_000518645.1	2545555856.0	https://www.biorxiv.org/content/10.1101/691030v1	Literature research	0.0	0.0	Yes	0.0	Environmental	Aquatic	Unclassified	Freshwater	Gram-	0	0.0	0	0.0	6748240.0	6140.0	4452611.0	66.0	6071.0	98.88	ftp://ftp.ncbi.nlm.nih.gov/genomes/all/GCF/000/518/645/GCF_000518645.1_ASM51864v1	g__Curvibacter.json	1336244.0	d__Bacteria	p__Pseudomonadota	c__Gammaproteobacteria	o__Burkholderiales	f__Burkholderiaceae_C	g__Curvibacter	s__Curvibacter gracilis	GCF_000518645.1	0.0		0.0	g__Curvibacter	genus
		Human							0.0	0.0	Yes						Gram+	Anaerobe	0.0										g__Cutibacterium.json		d__Bacteria	p__Actinomycetota	c__Actinomycetes	o__Propionibacteriales	f__Propionibacteriaceae	g__Cutibacterium						g__Cutibacterium	genus
	0.0	Human	1307436.0		GCF_000565285.1	2568526233.0	PMID:20203603; PMID:24861948	AGORA 1.03	0.0	0.0	Yes	0.0	0	0	0	0	Gram+	Facultative anaerobe	0.0	0	0.0	4971242.0	5013.0	2060843.0	41.0	4922.0	98.18	ftp://ftp.ncbi.nlm.nih.gov/genomes/all/GCF/000/565/285/GCF_000565285.1_pBF	g__Cytobacillus.json	1307436.0	d__Bacteria	p__Bacillota	c__Bacilli	o__Bacillales	f__Cytobacillaceae	g__Cytobacillus	s__Cytobacillus firmus_A		0.0	0.0	0.0	g__Cytobacillus	genus
	0.0	Mouse	51515.0		GCF_002224645.1	2811995020.0	Personal communication, Dr. Jan Krumsiek	Personal communication	0.0	0.0	Yes	0.0	Engineered	Industrial production	Unclassified	Unclassified	Gram+	Anaerobe	0.0	0	0.0	3766545.0	3698.0	1625895.0	43.0	3605.0	97.49	ftp://ftp.ncbi.nlm.nih.gov/genomes/all/GCF/002/224/645/GCF_002224645.1_ASM222464v1	g__Dehalobacterium.json	51515.0	d__Bacteria	p__Bacillota	c__Dehalobacteriia	o__Dehalobacteriales	f__Dehalobacteriaceae	g__Dehalobacterium	s__Dehalobacterium formicoaceticum		0.0	0.0	0.0	g__Dehalobacterium	genus
	0.0	Human					https://www.biorxiv.org/content/10.1101/691030v1	Literature research	0.0	0.0							Gram+	Facultative anaerobe	0.0	0	0.0								g__Dellaglioa.json		d__Bacteria	p__Bacillota	c__Bacilli	o__Lactobacillales	f__Lactobacillaceae	g__Dellaglioa	s__Dellaglioa algida		0.0	0.0	0.0	g__Dellaglioa	genus
Dermabacter sp. HFH0086 (1203568.3)	1.0	Human	1203568.0	1203568.3	GCF_000413375.1	2541047015.0	PMID:31275260	Literature research	0.0	0.0	Yes	0.0	Host-associated	Human	Unclassified	Digestive system	Gram+	0	0.0	0		2361288.0	2190.0	1482415.0	63.0	2133.0	97.4	ftp://ftp.ncbi.nlm.nih.gov/genomes/all/GCF/000/413/375/GCF_000413375.1_Derm_sp_HFH0086_V1	g__Dermabacter.json	1203568.0	d__Bacteria	p__Actinomycetota	c__Actinomycetes	o__Actinomycetales	f__Dermabacteraceae	g__Dermabacter	s__Dermabacter hominis	GCF_000413375.1			0.0	g__Dermabacter	genus
		Human							0.0	0.0							Gram+	Aerobe	0.0	0	0.0								g__Dermacoccus.json		d__Bacteria	p__Actinomycetota	c__Actinomycetes	o__Actinomycetales	f__Dermatophilaceae	g__Dermacoccus	s__Dermacoccus nishinomiyaensis	GCF_000018665.1	0.0	0.0	0.0	g__Dermacoccus	genus
	1.0	Human					PMID:31275260	Literature research	0.0	0.0	Yes	0.0					Gram+	Anaerobe			0.0								g__Desulfitobacterium.json		d__Bacteria	p__Bacillota	c__Desulfitobacteriia	o__Desulfitobacteriales	f__Desulfitobacteriaceae	g__Desulfitobacterium	s__Desulfitobacterium hafniense		0.0			g__Desulfitobacterium	genus
	0.0	Human	888061.0		GCF_001553625.1	2684623057.0	https://www.biorxiv.org/content/10.1101/691030v1	Literature research	0.0	0.0	Yes	0.0	Host-associated	Animal	Unclassified	Digestive system	Gram-	Anaerobe	0.0	0		2783374.0	2623.0	1640120.0	59.0	2557.0	97.48	ftp://ftp.ncbi.nlm.nih.gov/genomes/all/GCF/001/553/625/GCF_001553625.1_ASM155362v1	g__Desulfomicrobium.json	888061.0	d__Bacteria	p__Desulfobacterota	c__Desulfovibrionia	o__Desulfovibrionales	f__Desulfomicrobiaceae	g__Desulfomicrobium	s__Desulfomicrobium orale	GCF_001553625.1			0.0	g__Desulfomicrobium	genus
		Human							0.0	0.0	Yes	0.0					Gram-	Anaerobe		Motile	0.0								g__Desulfovibrio.json		d__Bacteria	p__Desulfobacterota	c__Desulfovibrionia	o__Desulfovibrionales	f__Desulfovibrionaceae	g__Desulfovibrio			0.0		0.0	g__Desulfovibrio	genus
		Human							0.0	0.0	Yes	0.0	Host-associated	Human			Gram-	Anaerobe	0.0										g__Dialister.json		d__Bacteria	p__Bacillota	c__Negativicutes	o__Veillonellales	f__Dialisteraceae	g__Dialister						g__Dialister	genus
		Human							0.0	0.0	Yes	0.0			Unclassified		Gram+	Aerobe	0.0	0	0.0				71.0				g__Dietzia.json		d__Bacteria	p__Actinomycetota	c__Actinomycetes	o__Mycobacteriales	f__Mycobacteriaceae	g__Dietzia		NZ_BCSW01000001	0.0		0.0	g__Dietzia	genus
Dolosigranulum pigrum ATCC 51524 (883103.3)		Human		883103.3		2513237341.0	PMID:31171880	Literature research	0.0	0.0	Yes	0.0	Host-associated	Human	Cerebrospinal fluid	Nervous system	Gram+	Facultative anaerobe	0.0	0	0.0	1846028.0	1723.0	730416.0	40.0	1692.0	98.2		g__Dolosigranulum.json		d__Bacteria	p__Bacillota	c__Bacilli	o__Lactobacillales	f__Carnobacteriaceae_A	g__Dolosigranulum	s__Dolosigranulum pigrum				0.0	g__Dolosigranulum	genus
		Human							0.0	0.0	Yes	0.0	Host-associated	Human	Large intestine	Digestive system	Gram+	Anaerobe	0.0	0	0.0								g__Dorea.json		d__Bacteria	p__Bacillota	c__Clostridia	o__Lachnospirales	f__Lachnospiraceae	g__Dorea	s__Dorea formicigenerans					g__Dorea	genus
Dorea longicatena DSM 13814 (411462.6)	2.0	Human	411462.0	411462.6	GCF_000154065.1	640963046.0	PMID:20203603; PMID:24861948	AGORA 1.03	0.0	0.0	Yes	0.0	Host-associated	Human	Large intestine	Digestive system	Gram+	Anaerobe	0.0	0	0.0	2913833.0	3045.0	1207633.0	41.0	2970.0	97.54	ftp://ftp.ncbi.nlm.nih.gov/genomes/all/GCF/000/154/065/GCF_000154065.1_ASM15406v1	g__Dorea_A.json	411462.0	d__Bacteria	p__Bacillota	c__Clostridia	o__Lachnospirales	f__Lachnospiraceae	g__Dorea_A	s__Dorea_A longicatena					g__Dorea_A	genus
		Human					PMID:20203603; PMID:24861948	AGORA 1.03	0.0	0.0	Yes	0.0	Host-associated	Plants	Unclassified		Gram-	Aerobe		Nonmotile	0.0				52.0				g__Dyadobacter.json		d__Bacteria	p__Bacteroidota	c__Bacteroidia	o__Cytophagales	f__Spirosomataceae	g__Dyadobacter			0.0			g__Dyadobacter	genus
		Human							0.0	0.0	Yes	0.0	Host-associated	Human	Unclassified	Unclassified	Gram-	Anaerobe	0.0	0	0.0								g__Dysgonomonas.json		d__Bacteria	p__Bacteroidota	c__Bacteroidia	o__Bacteroidales	f__Dysgonomonadaceae	g__Dysgonomonas			0.0			g__Dysgonomonas	genus
		Human							0.0	0.0	Yes	0.0					Gram-	Facultative anaerobe	0.0		0.0								g__ECMA0423.json		d__Bacteria	p__Pseudomonadota	c__Gammaproteobacteria	o__Enterobacterales	f__Enterobacteriaceae	g__ECMA0423	s__ECMA0423 sp047199055		0.0	0.0	0.0	g__ECMA0423	genus
		Human							0.0	0.0	Yes						Gram-	Facultative anaerobe	0.0		0.0								g__Edwardsiella.json		d__Bacteria	p__Pseudomonadota	c__Gammaproteobacteria	o__Enterobacterales	f__Enterobacteriaceae	g__Edwardsiella						g__Edwardsiella	genus
		Human							0.0	0.0	Yes	0.0					Gram+	Anaerobe	0.0						64.0				g__Eggerthella.json		d__Bacteria	p__Actinomycetota	c__Coriobacteriia	o__Coriobacteriales	f__Eggerthellaceae	g__Eggerthella					0.0	g__Eggerthella	genus
Eggerthia catenaformis OT 569 = DSM 20559 (999415.3)	2.0	Human	999415.0	999415.3	GCF_000422605.1	2537561938.0	PMID:20203603; PMID:24861948	AGORA 1.03	0.0	0.0	Yes	0.0	Host-associated	Human	Oral	Digestive system	Gram+	Anaerobe	0.0	Nonmotile	0.0	1935589.0	1952.0	634369.0	33.0	1884.0	96.52	ftp://ftp.ncbi.nlm.nih.gov/genomes/all/GCF/000/422/605/GCF_000422605.1_ASM42260v1	g__Eggerthia.json	999415.0	d__Bacteria	p__Bacillota_I	c__Bacilli_A	o__Erysipelotrichales	f__Coprobacillaceae	g__Eggerthia	s__Eggerthia catenaformis					g__Eggerthia	genus
		Human							0.0	0.0	Yes		Host-associated			Respiratory system	Gram-	Microaerophile	0.0		0.0								g__Eikenella.json		d__Bacteria	p__Pseudomonadota	c__Gammaproteobacteria	o__Burkholderiales	f__Neisseriaceae	g__Eikenella						g__Eikenella	genus
									0.0	0.0	Yes	0.0	Host-associated	Human			Gram+		0.0	0									g__Eisenbergiella.json		d__Bacteria	p__Bacillota	c__Clostridia	o__Lachnospirales	f__Lachnospiraceae	g__Eisenbergiella		GCF_000466465.2			0.0	g__Eisenbergiella	genus
Elusimicrobium minutum Pei191 (445932.6)	1.0	Human	445932.0	445932.6	GCF_000020145.1	642555127.0	https://www.biorxiv.org/content/10.1101/691030v1	Literature research	0.0	0.0	Yes	0.0	Host-associated	Insecta	Unclassified	Digestive system	Gram-	Anaerobe		0		1643562.0	1596.0	656638.0	40.0	1548.0	96.99	ftp://ftp.ncbi.nlm.nih.gov/genomes/all/GCF/000/020/145/GCF_000020145.1_ASM2014v1	g__Elusimicrobium.json	445932.0	d__Bacteria	p__Elusimicrobiota	c__Elusimicrobia	o__Elusimicrobiales	f__Elusimicrobiaceae	g__Elusimicrobium	s__Elusimicrobium minutum				0.0	g__Elusimicrobium	genus
	0.0	Human							0.0	0.0	Yes	0.0	Host-associated			Digestive system	Gram+		0.0		0.0				66.0				g__Enorma.json		d__Bacteria	p__Actinomycetota	c__Coriobacteriia	o__Coriobacteriales	f__Coriobacteriaceae	g__Enorma			0.0	0.0		g__Enorma	genus
		Human							0.0	0.0	Yes	0.0					Gram-		0.0		0.0								g__Enterobacter.json		d__Bacteria	p__Pseudomonadota	c__Gammaproteobacteria	o__Enterobacterales	f__Enterobacteriaceae	g__Enterobacter			0.0	0.0	0.0	g__Enterobacter	genus
		Human							0.0	0.0	Yes	0.0					Gram-	Facultative	0.0	Motile	0.0				57.0				g__Enterobacter_B.json		d__Bacteria	p__Pseudomonadota	c__Gammaproteobacteria	o__Enterobacterales	f__Enterobacteriaceae	g__Enterobacter_B	s__Enterobacter_B lignolyticus		0.0	0.0		g__Enterobacter_B	genus
									0.0	0.0	Yes	0.0					Gram+		0.0		0.0								g__Enterocloster.json		d__Bacteria	p__Bacillota	c__Clostridia	o__Lachnospirales	f__Lachnospiraceae	g__Enterocloster					0.0	g__Enterocloster	genus
		Human							0.0	0.0	Yes						Gram+	Facultative anaerobe	0.0		0.0								g__Enterococcus.json		d__Bacteria	p__Bacillota	c__Bacilli	o__Lactobacillales	f__Enterococcaceae	g__Enterococcus	s__Enterococcus faecalis		0.0		0.0	g__Enterococcus	genus
		Human							0.0	0.0	Yes	0.0	Host-associated				Gram+	Facultative anaerobe	0.0	0	0.0								g__Enterococcus_A.json		d__Bacteria	p__Bacillota	c__Bacilli	o__Lactobacillales	f__Enterococcaceae	g__Enterococcus_A			0.0	0.0	0.0	g__Enterococcus_A	genus
		Human							0.0	0.0	Yes	0.0					Gram+	Facultative anaerobe	0.0		0.0								g__Enterococcus_B.json		d__Bacteria	p__Bacillota	c__Bacilli	o__Lactobacillales	f__Enterococcaceae	g__Enterococcus_B			0.0		0.0	g__Enterococcus_B	genus
		Human							0.0	0.0	Yes	0.0	Host-associated		Unclassified	Unclassified	Gram+	Facultative anaerobe	0.0	0	0.0								g__Enterococcus_C.json		d__Bacteria	p__Bacillota	c__Bacilli	o__Lactobacillales	f__Enterococcaceae	g__Enterococcus_C				0.0	0.0	g__Enterococcus_C	genus
		Human							0.0	0.0	Yes						Gram+	Facultative anaerobe	0.0		0.0								g__Enterococcus_D.json		d__Bacteria	p__Bacillota	c__Bacilli	o__Lactobacillales	f__Enterococcaceae	g__Enterococcus_D			0.0			g__Enterococcus_D	genus
Enterococcus cecorum DSM 20682 = ATCC 43198 (1121864.4)	2.0	Human	1121864.0	1121864.4	GCF_001885885.1	2515154031.0	PMID:20203603; PMID:24861948	AGORA 1.03	0.0	0.0	Yes	0.0	Host-associated	Birds	Unclassified	Digestive system	Gram+	Facultative anaerobe	0.0	Nonmotile	0.0	2342719.0	2445.0	850626.0	36.0	2363.0	96.65	ftp://ftp.ncbi.nlm.nih.gov/genomes/all/GCF/001/885/885/GCF_001885885.1_ASM188588v1	g__Enterococcus_E.json	1121864.0	d__Bacteria	p__Bacillota	c__Bacilli	o__Lactobacillales	f__Enterococcaceae	g__Enterococcus_E	s__Enterococcus_E cecorum	GCF_000273565.1	0.0			g__Enterococcus_E	genus
Enterococcus saccharolyticus ATCC 43076 (1139996.4)	2.0	Human	1139996.0	1139996.4	GCF_000407005.1	2545824663.0	Strains of species found in the human gut (PMID:24861948) present in PubSEED	Initial strain selection	0.0	0.0	Yes	0.0	Host-associated	Plants	Unclassified	Unclassified	Gram+	Facultative anaerobe	0.0	0	0.0	2591178.0	2625.0	955777.0	37.0	2582.0	98.36	ftp://ftp.ncbi.nlm.nih.gov/genomes/all/GCF/000/407/005/GCF_000407005.1_Ente_sacc_ATCC43076_V1	g__Enterococcus_F.json	1139996.0	d__Bacteria	p__Bacillota	c__Bacilli	o__Lactobacillales	f__Enterococcaceae	g__Enterococcus_F	s__Enterococcus_F saccharolyticus	GCF_000234175.1	0.0	0.0	0.0	g__Enterococcus_F	genus
Enterococcus phoeniculicola ATCC BAA-412 (1158610.4)	2.0	Human	1158610.0	1158610.4	GCF_000407505.1	2558860915.0	PMID:20203603; PMID:24861948	AGORA 1.03	0.0	0.0	Yes	0.0	Host-associated	Birds	Unclassified	Unclassified	Gram+	Facultative anaerobe	0.0	0	0.0	3921813.0	3587.0	1428916.0	36.0	3521.0	98.16	ftp://ftp.ncbi.nlm.nih.gov/genomes/all/GCF/000/407/505/GCF_000407505.1_Ente_phoe_BAA-412_V2	g__Enterococcus_K.json	1158610.0	d__Bacteria	p__Bacillota	c__Bacilli	o__Lactobacillales	f__Enterococcaceae	g__Enterococcus_K	s__Enterococcus_K phoeniculicola		0.0	0.0	0.0	g__Enterococcus_K	genus
Enterococcus caccae ATCC BAA-1240 (1158612.4)	2.0	Human	1158612.0	1158612.4	GCF_000407145.1	2558860917.0	PMID:20203603; PMID:24861948	AGORA 1.03	0.0	0.0	Yes	0.0	Host-associated	Human	Large intestine	Digestive system	Gram+	Facultative anaerobe	0.0	0	0.0	3544970.0	3311.0	1269089.0	36.0	3246.0	98.04	ftp://ftp.ncbi.nlm.nih.gov/genomes/all/GCF/000/407/145/GCF_000407145.1_Ente_cocc_BAA-1240_V2	g__Enterococcus_L.json	1158612.0	d__Bacteria	p__Bacillota	c__Bacilli	o__Lactobacillales	f__Enterococcaceae	g__Enterococcus_L	s__Enterococcus_L caccae		0.0		0.0	g__Enterococcus_L	genus
Eggerthella sp. YY7918 (502558.4)	2.0	Human	502558.0	502558.4	GCF_000270285.1	650716034.0	PMID:20203603; PMID:24861948	AGORA 1.03	0.0	0.0	Yes	0.0	Host-associated	Human	Unclassified	Digestive system	Gram+	Anaerobe	0.0	0		3123671.0	2730.0	1755518.0	56.0	2680.0	98.17	ftp://ftp.ncbi.nlm.nih.gov/genomes/all/GCF/000/270/285/GCF_000270285.1_ASM27028v1	g__Enteroscipio.json	502558.0	d__Bacteria	p__Actinomycetota	c__Coriobacteriia	o__Coriobacteriales	f__Eggerthellaceae	g__Enteroscipio	s__Enteroscipio sp000270285				0.0	g__Enteroscipio	genus
Grimontia hollisae CIP 101886 (675812.3)	2.0	Human	675812.0	675812.3	GCF_000176515.1	647000258.0	PMID:20203603; PMID:24861948	AGORA 1.03	0.0	0.0	Yes	0.0	Host-associated	Human	Large intestine	Digestive system	Gram-	Facultative	0.0	Motile	0.0	4002786.0	3694.0	1980305.0	49.0	3567.0	96.56	ftp://ftp.ncbi.nlm.nih.gov/genomes/all/GCF/000/176/515/GCF_000176515.1_ASM17651v1	g__Enterovibrio.json	675812.0	d__Bacteria	p__Pseudomonadota	c__Gammaproteobacteria	o__Enterobacterales	f__Vibrionaceae	g__Enterovibrio	s__Enterovibrio hollisae					g__Enterovibrio	genus
Eremococcus coleocola ACS-139-V-Col8 (908337.3)	1.0	Human	908337.0	908337.3	GCF_000183205.1	649989944.0	PMID:31275260	Literature research	0.0	0.0	Yes	0.0	Host-associated	Human	Vagina	Reproductive system	Gram+	Facultative anaerobe	0.0	0		1773745.0	1773.0	691122.0	39.0	1720.0	97.01	ftp://ftp.ncbi.nlm.nih.gov/genomes/all/GCF/000/183/205/GCF_000183205.1_ASM18320v1	g__Eremococcus.json	908337.0	d__Bacteria	p__Bacillota	c__Bacilli	o__Lactobacillales	f__Aerococcaceae	g__Eremococcus	s__Eremococcus coleocola				0.0	g__Eremococcus	genus
	0.0	Human					https://www.biorxiv.org/content/10.1101/691030v1	Literature research	0.0	0.0							Gram-	0	0.0	0	0.0								g__Erwinia.json		d__Bacteria	p__Pseudomonadota	c__Gammaproteobacteria	o__Enterobacterales	f__Enterobacteriaceae	g__Erwinia			0.0	0.0	0.0	g__Erwinia	genus
Erysipelothrix rhusiopathiae ATCC 19414 (525280.3)		Mouse		525280.3			Personal communication, Dr. Jan Krumsiek	Personal communication	0.0	0.0	Yes	0.0	Host-associated		Unclassified	Unclassified	Gram+	Facultative	0.0		0.0								g__Erysipelothrix.json		d__Bacteria	p__Bacillota_I	c__Bacilli_A	o__Erysipelotrichales	f__Erysipelotrichaceae	g__Erysipelothrix	s__Erysipelothrix rhusiopathiae					g__Erysipelothrix	genus
		Human							0.0	0.0	Yes	0.0					Gram-	Facultative anaerobe	0.0		0.0								g__Escherichia.json		d__Bacteria	p__Pseudomonadota	c__Gammaproteobacteria	o__Enterobacterales	f__Enterobacteriaceae	g__Escherichia			0.0	0.0	0.0	g__Escherichia	genus
Butyrivibrio crossotus DSM 2876 (511680.4)	2.0	Human	511680.0	511680.4	GCF_000156015.1	645951834.0	PMID:20203603; PMID:24861948	AGORA 1.03	0.0	0.0	Yes	0.0	Host-associated	Human	Large intestine	Digestive system	Gram+	Anaerobe	0.0	Motile	0.0	2482791.0	2546.0	937167.0	38.0	2495.0	98.0	ftp://ftp.ncbi.nlm.nih.gov/genomes/all/GCF/000/156/015/GCF_000156015.1_ASM15601v1	g__Eshraghiella.json	511680.0	d__Bacteria	p__Bacillota	c__Clostridia	o__Lachnospirales	f__Lachnospiraceae	g__Eshraghiella	s__Eshraghiella crossota					g__Eshraghiella	genus
Ethanoligenens harbinense YUAN-3 (663278.4)	1.0	Mouse	663278.0	663278.4	GCF_000178115.2	649633043.0	Personal communication, Dr. Jan Krumsiek	Personal communication	0.0	0.0	Yes	0.0	Engineered	Wastewater	Unclassified	Activated Sludge	Gram+	Obligate anaerobe	0.0	Motile	0.0	3008576.0	2874.0	1671520.0	56.0	2800.0	97.43	ftp://ftp.ncbi.nlm.nih.gov/genomes/all/GCF/000/178/115/GCF_000178115.2_ASM17811v2	g__Ethanoligenens.json	663278.0	d__Bacteria	p__Bacillota	c__Clostridia	o__Oscillospirales	f__Ethanoligenentaceae	g__Ethanoligenens	s__Ethanoligenens harbinense		0.0			g__Ethanoligenens	genus
	0.0	Human	1736.0		GCF_000807675.2	2814123220.0			0.0	0.0	Yes	0.0	Environmental	Aquatic	Unclassified	Sediment	Gram+	Obligate anaerobe	0.0	0	0.0	4422837.0	4216.0	2087156.0	47.0	4126.0	97.87		g__Eubacterium.json	1736.0	d__Bacteria	p__Bacillota	c__Clostridia	o__Eubacteriales	f__Eubacteriaceae	g__Eubacterium	s__Eubacterium limosum		0.0	0.0	0.0	g__Eubacterium	genus
Eubacterium infirmum F0142 (883109.3)		Human		883109.3					0.0	0.0	Yes	0.0	Host-associated	Human	Oral	Digestive system	Gram+	0	0.0	0					40.0				g__Eubacterium_B.json		d__Bacteria	p__Bacillota	c__Clostridia	o__Peptostreptococcales	f__Anaerovoracaceae	g__Eubacterium_B					0.0	g__Eubacterium_B	genus
	0.0	Mouse	1732.0		GCF_900104415.1	2593339221.0	Personal communication, Dr. Jan Krumsiek	Personal communication	0.0	0.0	Yes	0.0	Host-associated	Mammals	Foregut	Digestive system	Gram+	Obligate anaerobe		Nonmotile		2912287.0	2705.0	1159913.0	40.0	2629.0	97.19	ftp://ftp.ncbi.nlm.nih.gov/genomes/all/GCF/900/104/415/GCF_900104415.1_IMG-taxon_2593339221_annotated_assembly	g__Eubacterium_C.json	1732.0	d__Bacteria	p__Bacillota	c__Clostridia	o__Lachnospirales	f__Lachnospiraceae	g__Eubacterium_C	s__Eubacterium_C oxidoreducens			0.0		g__Eubacterium_C	genus
Eubacterium ventriosum ATCC 27560 (411463.4)	2.0	Human	411463.0	411463.4	GCF_000153885.1	640963022.0	PMID:20203603; PMID:24861948	AGORA 1.03	0.0	0.0	Yes	0.0	Host-associated	Human	Large intestine	Digestive system	Gram+	Obligate anaerobe	0.0	0	0.0	2869695.0	2892.0	1001955.0	35.0	2802.0	96.89	ftp://ftp.ncbi.nlm.nih.gov/genomes/all/GCF/000/153/885/GCF_000153885.1_ASM15388v1	g__Eubacterium_G.json	411463.0	d__Bacteria	p__Bacillota	c__Clostridia	o__Lachnospirales	f__Lachnospiraceae	g__Eubacterium_G	s__Eubacterium_G ventriosum					g__Eubacterium_G	genus
	0.0	Human	1256908.0		GCF_000469345.1	2597490300.0	PMID:20203603; PMID:24861948	AGORA 1.03	0.0	0.0	Yes	0.0	Host-associated	Human	Large intestine	Digestive system	Gram+	Obligate anaerobe	0.0	0	0.0	3436269.0	3218.0	1464755.0	43.0	3142.0	97.64	ftp://ftp.ncbi.nlm.nih.gov/genomes/all/GCF/000/469/345/GCF_000469345.1_ASM46934v1	g__Eubacterium_I.json	1256908.0	d__Bacteria	p__Bacillota	c__Clostridia	o__Lachnospirales	f__Lachnospiraceae	g__Eubacterium_I	s__Eubacterium_I ramulus					g__Eubacterium_I	genus
Eubacterium plexicaudatum ASF492 (1235802.3)	1.0	Mouse	1235802.0	1235802.3	GCF_000364225.1	2563367173.0	Personal communication, Dr. Jan Krumsiek	Personal communication	0.0	0.0	Yes	0.0	0	0	0	0	Gram+	Obligate anaerobe	0.0	0	0.0	6104768.0	6290.0	2616801.0	43.0	6217.0	98.84	ftp://ftp.ncbi.nlm.nih.gov/genomes/all/GCF/000/364/225/GCF_000364225.1_Euba_plex_ASF492_V1	g__Eubacterium_J.json	1235802.0	d__Bacteria	p__Bacillota	c__Clostridia	o__Lachnospirales	f__Lachnospiraceae	g__Eubacterium_J	s__Eubacterium_J plexicaudatum		0.0	0.0	0.0	g__Eubacterium_J	genus
Eubacterium saphenum ATCC 49989 (592031.3)	2.0	Human	592031.0	592031.3	GCF_000161975.1	645058705.0	PMID:20203603; PMID:24861948	AGORA 1.03	0.0	0.0	Yes	0.0	Host-associated	Human	Oral	Digestive system	Gram+	Anaerobe	0.0	0		1084501.0	998.0	439890.0	41.0	954.0	95.59	ftp://ftp.ncbi.nlm.nih.gov/genomes/all/GCF/000/161/975/GCF_000161975.1_ASM16197v1	g__Eubacterium_N.json	592031.0	d__Bacteria	p__Bacillota	c__Clostridia	o__Peptostreptococcales	f__Anaerovoracaceae	g__Eubacterium_N	s__Eubacterium_N saphenum					g__Eubacterium_N	genus
	0.0	Human	1121344.0		GCF_000620945.1	2558309036.0	PMID:20203603; PMID:24861948	AGORA 1.03	0.0	0.0	Yes	0.0	Engineered	Wastewater	Unclassified	Unclassified	Gram+	Anaerobe	0.0	Motile	0.0	2415478.0	2385.0	1189878.0	49.0	2313.0	96.98	ftp://ftp.ncbi.nlm.nih.gov/genomes/all/GCF/000/620/945/GCF_000620945.1_ASM62094v1	g__Evtepia.json	1121344.0	d__Bacteria	p__Bacillota	c__Clostridia	o__Oscillospirales	f__Oscillospiraceae	g__Evtepia	s__Evtepia viridis	GCF_000332015.1	0.0			g__Evtepia	genus
	0.0	Human				2588253786.0	https://www.biorxiv.org/content/10.1101/691030v1	Literature research	0.0	0.0	Yes	0.0	Host-associated	Human	Nasopharyngeal	Respiratory system	Gram-	Facultative anaerobe	0.0	0	0.0	4867810.0	4460.0	2623508.0	54.0	4398.0	98.61		g__Ewingella.json		d__Bacteria	p__Pseudomonadota	c__Gammaproteobacteria	o__Enterobacterales	f__Enterobacteriaceae	g__Ewingella	s__Ewingella americana		0.0			g__Ewingella	genus
	0.0	Human			GCF_000702585.1	2562617001.0			0.0	0.0	Yes	0.0	Host-associated	Plants	Unclassified	Unclassified	Gram+	Facultative	0.0	0	0.0	3037601.0	3172.0	1603654.0	53.0	3067.0	96.69		g__Exiguobacterium.json		d__Bacteria	p__Bacillota	c__Bacilli	o__Exiguobacteriales	f__Exiguobacteriaceae	g__Exiguobacterium			0.0	0.0	0.0	g__Exiguobacterium	genus
	0.0	Human	169177.0				PMID:30718869	Forster et al. resource	0.0	0.0							Gram+	Facultative	0.0	0	0.0							ftp.sra.ebi.ac.uk/vol1/fastq/ERR222/003/ERR2221363/ERR2221363_1.fastq.gz;ftp.sra.ebi.ac.uk/vol1/fastq/ERR222/003/ERR2221363/ERR2221363_2.fastq.gz	g__Exiguobacterium_A.json	169177.0	d__Bacteria	p__Bacillota	c__Bacilli	o__Exiguobacteriales	f__Exiguobacteriaceae	g__Exiguobacterium_A	s__Exiguobacterium_A undae		0.0	0.0	0.0	g__Exiguobacterium_A	genus
Clostridium hylemonae DSM 15053 (553973.6)				553973.6		642979359.0			0.0	0.0	Yes	0.0	Host-associated	Human	Large intestine	Digestive system	Gram+	Anaerobe	0.0		0.0	3802096.0	3813.0	1856930.0	49.0	3764.0	98.71		g__Extibacter.json		d__Bacteria	p__Bacillota	c__Clostridia	o__Lachnospirales	f__Lachnospiraceae	g__Extibacter						g__Extibacter	genus
	0.0	Human	575590.0		GCF_000163695.1	648861005.0	PMID:31275260	Literature research	0.0	0.0	Yes	0.0	Host-associated	Human	Oral	Digestive system	Gram-	Anaerobe	0.0	Nonmotile	0.0	2113539.0	1905.0	906654.0	43.0	1856.0	97.43	ftp://ftp.ncbi.nlm.nih.gov/genomes/all/GCF/000/163/695/GCF_000163695.1_ASM16369v1	g__F0058.json	575590.0	d__Bacteria	p__Bacteroidota	c__Bacteroidia	o__Bacteroidales	f__Paludibacteraceae	g__F0058	s__F0058 sp000163695					g__F0058	genus
Veillonella sp. oral taxon 780 str. F0422 (944564.4)	0.0	Human	944564.0	944564.4	GCF_000221605.1	2512047076.0	PMID:31275260	Literature research	0.0	0.0	Yes	0.0	Host-associated	Human	Oral	Digestive system	Gram-	Anaerobe	0.0	Motile	0.0	1731014.0	1646.0	682840.0	39.0	1588.0	96.48	ftp://ftp.ncbi.nlm.nih.gov/genomes/all/GCF/000/221/605/GCF_000221605.1_ASM22160v1	g__F0422.json	944564.0	d__Bacteria	p__Bacillota	c__Negativicutes	o__Veillonellales	f__Veillonellaceae	g__F0422	s__F0422 sp001553345					g__F0422	genus
		Human															Gram+	Facultative anaerobe											g__Facklamia.json		d__Bacteria	p__Bacillota	c__Bacilli	o__Lactobacillales	f__Aerococcaceae	g__Facklamia						g__Facklamia	genus
	0.0	Human	1504823.0		GCF_000752095.2		PMID:25567229	Literature research																				ftp://ftp.ncbi.nlm.nih.gov/genomes/all/GCF/000/752/095/GCF_000752095.2_Guyana_massiliensis	g__Faecalibacillus.json	1504823.0	d__Bacteria	p__Bacillota_I	c__Bacilli_A	o__Erysipelotrichales	f__Coprobacillaceae	g__Faecalibacillus	s__Faecalibacillus intestinalis					g__Faecalibacillus	genus
	2.0	Human					PMID:20203603; PMID:24861948	AGORA 1.03	0.0	0.0	Yes	0.0	Host-associated				Gram+	Obligate anaerobe	0.0										g__Faecalibacterium.json		d__Bacteria	p__Bacillota	c__Clostridia	o__Oscillospirales	f__Ruminococcaceae	g__Faecalibacterium						g__Faecalibacterium	genus
Clostridium sp. D5 (556261.3)		Human		556261.3		651285002.0		Literature research	0.0	0.0	Yes	0.0	Host-associated	Human	Large intestine	Digestive system	Gram+	Obligate anaerobe	0.0	Motile	0.0	5427315.0	4553.0	2443979.0	45.0	4498.0	98.79		g__Faecalicatena.json		d__Bacteria	p__Bacillota	c__Clostridia	o__Lachnospirales	f__Lachnospiraceae	g__Faecalicatena						g__Faecalicatena	genus
	0.0	Human	1123313.0		GCF_000420345.1	2524614880.0	PMID:20203603; PMID:24861948	AGORA 1.03	0.0	0.0	Yes	0.0	Host-associated	Birds	Unclassified	Digestive system	Gram+	Anaerobe	0.0	0	0.0	1992636.0	2065.0	777816.0	39.0	2004.0	97.05	ftp://ftp.ncbi.nlm.nih.gov/genomes/all/GCF/000/420/345/GCF_000420345.1_ASM42034v1	g__Faecalicoccus.json	1123313.0	d__Bacteria	p__Bacillota_I	c__Bacilli_A	o__Erysipelotrichales	f__Erysipelotrichaceae	g__Faecalicoccus	s__Faecalicoccus pleomorphus		0.0			g__Faecalicoccus	genus
	0.0	Human	1301100.0		GCF_000499525.1	2619619272.0	PMID:25567229	Literature research	0.0	0.0	Yes	0.0	0	0	0	0	Gram+	Anaerobe	0.0	Motile	0.0	3735472.0	3901.0	1045296.0	28.0	3810.0	97.67	ftp://ftp.ncbi.nlm.nih.gov/genomes/all/GCF/000/499/525/GCF_000499525.1_Clostridium_dakarense_01	g__Faecalimicrobium.json	1301100.0	d__Bacteria	p__Bacillota	c__Clostridia	o__Peptostreptococcales	f__Peptostreptococcaceae	g__Faecalimicrobium	s__Faecalimicrobium dakarense		0.0	0.0		g__Faecalimicrobium	genus
		Human							0.0	0.0	Yes	0.0	Host-associated				Gram+	Anaerobe	0.0		0.0								g__Faecalimonas.json		d__Bacteria	p__Bacillota	c__Clostridia	o__Lachnospirales	f__Lachnospiraceae	g__Faecalimonas						g__Faecalimonas	genus
		Human							0.0	0.0	Yes	0.0	Host-associated				Gram+		0.0	0									g__Faecalispora.json		d__Bacteria	p__Bacillota	c__Clostridia	o__Oscillospirales	f__Acutalibacteraceae	g__Faecalispora				0.0	0.0	g__Faecalispora	genus
	0.0	Human	649755.0		GCF_000469305.1		PMID:30745586	Literature research									Gram+											ftp://ftp.ncbi.nlm.nih.gov/genomes/all/GCF/000/469/305/GCF_000469305.1_ASM46930v1	g__Faecalitalea.json	649755.0	d__Bacteria	p__Bacillota_I	c__Bacilli_A	o__Erysipelotrichales	f__Erysipelotrichaceae	g__Faecalitalea	s__Faecalitalea cylindroides	GCF_000469305.1				g__Faecalitalea	genus
		Human					PMID:31171880	Literature research	0.0	0.0							Gram+	Anaerobe	0.0		0.0								g__Fannyhessea.json		d__Bacteria	p__Actinomycetota	c__Coriobacteriia	o__Coriobacteriales	f__Atopobiaceae	g__Fannyhessea			0.0	0.0	0.0	g__Fannyhessea	genus
	0.0	Human	1723384.0		GCF_001457835.1		PMID:30745586	Literature research									Gram-											ftp://ftp.ncbi.nlm.nih.gov/genomes/all/GCF/001/457/835/GCF_001457835.1_Micromassilia_timonensis	g__Fenollaria.json	1723384.0	d__Bacteria	p__Bacillota	c__Clostridia	o__Tissierellales	f__Peptoniphilaceae	g__Fenollaria	s__Fenollaria timonensis	GCF_001457835.1				g__Fenollaria	genus
Filifactor alocis ATCC 35896 (546269.5)	2.0	Human	546269.0	546269.5	GCF_000163895.2	2511231077.0	PMID:20203603; PMID:24861948	AGORA 1.03	0.0	0.0	Yes	0.0	Host-associated	Human	Oral	Digestive system	Gram+	0	0.0	0		1931012.0	1700.0	684457.0	35.0	1641.0	96.53	ftp://ftp.ncbi.nlm.nih.gov/genomes/all/GCF/000/163/895/GCF_000163895.2_ASM16389v2	g__Filifactor.json	546269.0	d__Bacteria	p__Bacillota	c__Clostridia	o__Peptostreptococcales	f__Filifactoraceae	g__Filifactor	s__Filifactor alocis					g__Filifactor	genus
	2.0	Human							0.0	0.0	Yes	0.0	Host-associated	Human			Gram+	Anaerobe	0.0	0					32.0				g__Finegoldia.json		d__Bacteria	p__Bacillota	c__Clostridia	o__Tissierellales	f__Peptoniphilaceae	g__Finegoldia						g__Finegoldia	genus
	0.0	Human	1522309.0		GCF_001375495.1	2775506831.0	PMID:25567229	Literature research	0.0	0.0	Yes	0.0	0	0	0	0	Gram+	Facultative anaerobe	0.0	0	0.0	2629316.0	2507.0	1554451.0	59.0	2442.0	97.41	ftp://ftp.ncbi.nlm.nih.gov/genomes/all/GCF/001/375/495/GCF_001375495.1_Flaviflexus_massiliensis	g__Flaviflexus.json	1522309.0	d__Bacteria	p__Actinomycetota	c__Actinomycetes	o__Actinomycetales	f__Actinomycetaceae	g__Flaviflexus	s__Flaviflexus massiliensis		0.0	0.0	0.0	g__Flaviflexus	genus
		Human						Literature research	0.0	0.0	Yes	0.0					Gram-	Aerobe	0.0	0	0.0								g__Flavobacterium.json		d__Bacteria	p__Bacteroidota	c__Bacteroidia	o__Flavobacteriales	f__Flavobacteriaceae	g__Flavobacterium			0.0	0.0	0.0	g__Flavobacterium	genus
		Human							0.0	0.0	Yes	0.0	Host-associated	Human	Large intestine	Digestive system	Gram+		0.0		0.0								g__Flavonifractor.json		d__Bacteria	p__Bacillota	c__Clostridia	o__Oscillospirales	f__Oscillospiraceae	g__Flavonifractor	s__Flavonifractor plautii					g__Flavonifractor	genus
		Human							0.0	0.0	Yes	0.0					Gram+	Facultative anaerobe	0.0	0	0.0								g__Fontibacillus.json		d__Bacteria	p__Bacillota	c__Bacilli	o__Paenibacillales	f__Paenibacillaceae	g__Fontibacillus			0.0	0.0	0.0	g__Fontibacillus	genus
	0.0	Mouse	1796636.0		GCF_004340975.1	2795385452.0	PMID:27670113	Literature research	0.0	0.0	Yes	0.0	Host-associated	Mammals	Large intestine	Digestive system	Gram+	Anaerobe	0.0	0	0.0	2716364.0	2693.0	1186715.0	44.0	2612.0	96.99	ftp://ftp.ncbi.nlm.nih.gov/genomes/all/GCF/004/340/975/GCF_004340975.1_ASM434097v1	g__Frisingicoccus.json	1796636.0	d__Bacteria	p__Bacillota	c__Clostridia	o__Lachnospirales	f__Lachnospiraceae	g__Frisingicoccus	s__Frisingicoccus caecimuris	GCF_004340975.1	0.0	0.0	0.0	g__Frisingicoccus	genus
		Human						Literature research	0.0	0.0	Yes	0.0					Gram+		0.0		0.0								g__Fructilactobacillus.json		d__Bacteria	p__Bacillota	c__Bacilli	o__Lactobacillales	f__Lactobacillaceae	g__Fructilactobacillus			0.0	0.0	0.0	g__Fructilactobacillus	genus
	0.0	Human					https://www.biorxiv.org/content/10.1101/691030v1	Literature research	0.0	0.0	Yes	0.0	0	0	0	0	Gram+	Facultative anaerobe	0.0		0.0								g__Fructobacillus.json		d__Bacteria	p__Bacillota	c__Bacilli	o__Lactobacillales	f__Lactobacillaceae	g__Fructobacillus			0.0			g__Fructobacillus	genus
		Human					https://www.biorxiv.org/content/10.1101/691030v1	Literature research	0.0	0.0	Yes	0.0					Gram-	Aerobe	0.0		0.0				61.0				g__Fulvimarina.json		d__Bacteria	p__Pseudomonadota	c__Alphaproteobacteria	o__Rhizobiales	f__Rhizobiaceae	g__Fulvimarina	s__Fulvimarina pelagi		0.0	0.0	0.0	g__Fulvimarina	genus
	0.0	Human	348151.0		GCF_001437435.1	2667528109.0	PMID:31275260	Literature research	0.0	0.0	Yes	0.0	Engineered	Food production	Unclassified	Unclassified	Gram+	Aerobe	0.0	0	0.0	2064408.0	2073.0	900504.0	44.0	2006.0	96.77	ftp://ftp.ncbi.nlm.nih.gov/genomes/all/GCF/001/437/435/GCF_001437435.1_ASM143743v1	g__Furfurilactobacillus.json	348151.0	d__Bacteria	p__Bacillota	c__Bacilli	o__Lactobacillales	f__Lactobacillaceae	g__Furfurilactobacillus	s__Furfurilactobacillus siliginis	GCF_001437435.1	0.0	0.0	0.0	g__Furfurilactobacillus	genus
		Human															Gram-												g__Fusobacterium.json		d__Bacteria	p__Fusobacteriota	c__Fusobacteriia	o__Fusobacteriales	f__Fusobacteriaceae	g__Fusobacterium						g__Fusobacterium	genus
		Human							0.0	0.0	Yes	0.0	Host-associated	Human	Unclassified	Digestive system	Gram-	Anaerobe	0.0		0.0								g__Fusobacterium_A.json		d__Bacteria	p__Fusobacteriota	c__Fusobacteriia	o__Fusobacteriales	f__Fusobacteriaceae	g__Fusobacterium_A						g__Fusobacterium_A	genus
	0.0	Human	1408439.0		GCF_000622245.1	2571042013.0	https://www.biorxiv.org/content/10.1101/691030v1	Literature research	0.0	0.0	Yes	0.0	Host-associated	Animal	Intestine	Digestive system	Gram-	Anaerobe	0.0	0	0.0	2103008.0	2011.0	545938.0	26.0	1942.0	96.57	ftp://ftp.ncbi.nlm.nih.gov/genomes/all/GCF/000/622/245/GCF_000622245.1_ASM62224v1	g__Fusobacterium_B.json	1408439.0	d__Bacteria	p__Fusobacteriota	c__Fusobacteriia	o__Fusobacteriales	f__Fusobacteriaceae	g__Fusobacterium_B	s__Fusobacterium_B sp900541465	GCF_000622245.1	0.0		0.0	g__Fusobacterium_B	genus
		Human							0.0	0.0	Yes	0.0	Host-associated		Unclassified		Gram-	Anaerobe	0.0		0.0								g__Fusobacterium_C.json		d__Bacteria	p__Fusobacteriota	c__Fusobacteriia	o__Fusobacteriales	f__Fusobacteriaceae	g__Fusobacterium_C						g__Fusobacterium_C	genus
		Human							0.0	0.0	Yes	0.0					Gram-	Facultative anaerobe	0.0		0.0				51.0				g__G047199095.json		d__Bacteria	p__Pseudomonadota	c__Gammaproteobacteria	o__Enterobacterales	f__Enterobacteriaceae	g__G047199095	s__G047199095 sp047199095		0.0			g__G047199095	genus
	0.0	Human	1720195.0		GCF_001487125.1		PMID:30745586	Literature research									Gram-											ftp.ncbi.nlm.nih.gov/genomes/all/GCA/001/487/125/GCA_001487125.1_Sanguibacteroides_massiliensis	g__Gabonibacter.json	1720195.0	d__Bacteria	p__Bacteroidota	c__Bacteroidia	o__Bacteroidales	f__Marinifilaceae	g__Gabonibacter	s__Gabonibacter massiliensis	GCF_001487125.1				g__Gabonibacter	genus
	0.0	Human	1321814.0		GCF_000488855.1	2558860285.0	PMID:20203603; PMID:24861948	AGORA 1.03	0.0	0.0	Yes	0.0	Host-associated	Human	Oral	Digestive system	Gram+	0	0.0	0	0.0	1543725.0	1519.0	585205.0	38.0	1479.0	97.37	ftp://ftp.ncbi.nlm.nih.gov/genomes/all/GCF/000/488/855/GCF_000488855.1_ASM48885v1	g__Gallibacter.json	1321814.0	d__Bacteria	p__Bacillota	c__Clostridia	o__Peptostreptococcales	f__Anaerovoracaceae	g__Gallibacter	s__Gallibacter brachus				0.0	g__Gallibacter	genus
		Human							0.0	0.0	Yes		Host-associated	Human			Gram+	Facultative	0.0		0.0								g__Gemella.json		d__Bacteria	p__Bacillota	c__Bacilli	o__Staphylococcales	f__Gemellaceae	g__Gemella						g__Gemella	genus
Gemmata obscuriglobus UQM 2246 (214688.3)	1.0	Human	214688.0	214688.3	GCF_000171775.1	641736268.0	https://www.biorxiv.org/content/10.1101/691030v1	Literature research	0.0	0.0	Yes	0.0	Environmental	Aquatic	Unclassified	Freshwater	Gram-	Aerobe	0.0	Motile	0.0	9161841.0	8086.0	6154508.0	67.0	7989.0	98.8	ftp://ftp.ncbi.nlm.nih.gov/genomes/all/GCF/000/171/775/GCF_000171775.1_ASM17177v1	g__Gemmata.json	214688.0	d__Bacteria	p__Planctomycetota	c__Planctomycetia	o__Gemmatales	f__Gemmataceae	g__Gemmata	s__Gemmata obscuriglobus		0.0			g__Gemmata	genus
Gemmatimonas aurantiaca T-27 (379066.3)	1.0	Human	379066.0	379066.3	GCF_000010305.1	643692024.0	https://www.biorxiv.org/content/10.1101/691030v1	Literature research	0.0	0.0	Yes	0.0	Engineered	Biotransformation	Unclassified	Unclassified	Gram-	Aerobe	0.0	Motile	0.0	4636964.0	3987.0	2980379.0	64.0	3935.0	98.7	ftp://ftp.ncbi.nlm.nih.gov/genomes/all/GCF/000/010/305/GCF_000010305.1_ASM1030v1	g__Gemmatimonas.json	379066.0	d__Bacteria	p__Gemmatimonadota	c__Gemmatimonadetes	o__Gemmatimonadales	f__Gemmatimonadaceae	g__Gemmatimonas	s__Gemmatimonas aurantiaca		0.0	0.0		g__Gemmatimonas	genus
Subdoligranulum variabile DSM 15176 (411471.5)	1.0	Human	411471.0	411471.5	GCF_000157955.1	2562617078.0	PMID:20203603; PMID:24861948	AGORA 1.03	0.0	0.0	Yes	0.0	Host-associated	Human	Large intestine	Digestive system	Gram+	Anaerobe	0.0	Nonmotile	0.0	3237471.0	3450.0	1875069.0	58.0	3381.0	98.0	ftp://ftp.ncbi.nlm.nih.gov/genomes/all/GCF/000/157/955/GCF_000157955.1_ASM15795v1	g__Gemmiger.json	411471.0	d__Bacteria	p__Bacillota	c__Clostridia	o__Oscillospirales	f__Ruminococcaceae	g__Gemmiger	s__Gemmiger variabilis	GCF_000180075.1				g__Gemmiger	genus
	0.0	Human					PMID:20203603; PMID:24861948	AGORA 1.03	0.0	0.0	Yes	0.0					Gram+	Aerobe	0.0		0.0				52.0				g__Geobacillus.json		d__Bacteria	p__Bacillota	c__Bacilli	o__Bacillales	f__Anoxybacillaceae	g__Geobacillus			0.0			g__Geobacillus	genus
Actinomyces europaeus ACS-120-V-Col10b (883069.3)		Human		883069.3			PMID:31171880	Literature research	0.0	0.0	Yes	0.0	Host-associated	Human			Gram+	Facultative anaerobe	0.0	Nonmotile									g__Gleimia.json		d__Bacteria	p__Actinomycetota	c__Actinomycetes	o__Actinomycetales	f__Actinomycetaceae	g__Gleimia						g__Gleimia	genus
	2.0	Human					PMID:20203603; PMID:24861948	AGORA 1.03	0.0	0.0	Yes	0.0	Environmental	Terrestrial	Unclassified	Soil	Gram+	Aerobe	0.0	0	0.0								g__Gordonia.json		d__Bacteria	p__Actinomycetota	c__Actinomycetes	o__Mycobacteriales	f__Mycobacteriaceae	g__Gordonia			0.0		0.0	g__Gordonia	genus
Gordonibacter pamelaeae 7-10-1-b (657308.3)		Human		657308.3	GCF_000210055.1	650377943.0			0.0	0.0	Yes	0.0	Host-associated	Human	Unclassified	Unclassified	Gram+	Obligate anaerobe	0.0			3608022.0	2077.0	2180199.0	65.0	2027.0	97.59		g__Gordonibacter.json		d__Bacteria	p__Actinomycetota	c__Coriobacteriia	o__Coriobacteriales	f__Eggerthellaceae	g__Gordonibacter	s__Gordonibacter pamelaeae					g__Gordonibacter	genus
	0.0	Human	1689269.0		GCF_001457415.1		PMID:30745586	Literature research									Gram-											ftp.ncbi.nlm.nih.gov/genomes/all/GCF/001/457/415/GCF_001457415.1_Gorillibacterium_timonense	g__Gorillibacterium.json	1689269.0	d__Bacteria	p__Bacillota	c__Bacilli	o__Paenibacillales	f__NBRC-103111	g__Gorillibacterium	s__Gorillibacterium timonense	GCF_001457415.1				g__Gorillibacterium	genus
	0.0	Human	1128398.0		GCF_000299355.1	2517487003.0	PMID:31275260	Literature research	0.0	0.0	Yes	0.0	Environmental	Terrestrial	Unclassified	Soil	Gram+	Obligate anaerobe	0.0	Motile	0.0	3108248.0	2945.0	930410.0	30.0	2842.0	96.5	ftp://ftp.ncbi.nlm.nih.gov/genomes/all/GCF/000/299/355/GCF_000299355.1_ASM29935v1	g__Gottschalkia.json	1128398.0	d__Bacteria	p__Bacillota	c__Clostridia	o__Tissierellales	f__Gottschalkiaceae	g__Gottschalkia	s__Gottschalkia acidurici	GCF_000299355.1	0.0			g__Gottschalkia	genus
	0.0	Mouse	1503.0		GCF_001190785.1	2645727973.0	Personal communication, Dr. Jan Krumsiek	Personal communication	0.0	0.0	Yes	0.0	0	0	0	0	Gram+	0	0.0	0	0.0	3386069.0	3404.0	974623.0	29.0	3335.0	97.97	ftp://ftp.ncbi.nlm.nih.gov/genomes/all/GCF/001/190/785/GCF_001190785.1_ASM119078v1	g__Gottschalkia_A.json	1503.0	d__Bacteria	p__Bacillota	c__Clostridia	o__Tissierellales	f__Gottschalkiaceae	g__Gottschalkia_A	s__Gottschalkia_A purinilytica		0.0	0.0	0.0	g__Gottschalkia_A	genus
	0.0	Human					PMID:30745586	Literature research									Gram+												g__Gracilibacillus.json		d__Bacteria	p__Bacillota	c__Bacilli	o__Bacillales	f__Amphibacillaceae	g__Gracilibacillus						g__Gracilibacillus	genus
	2.0	Human					PMID:20203603; PMID:24861948	AGORA 1.03	0.0	0.0	Yes	0.0	Host-associated	Human			Gram+	Facultative anaerobe	0.0	Nonmotile	0.0								g__Granulicatella.json		d__Bacteria	p__Bacillota	c__Bacilli	o__Lactobacillales	f__Aerococcaceae	g__Granulicatella						g__Granulicatella	genus
		Human							0.0	0.0	Yes	0.0					Gram-		0.0										g__Haemophilus.json		d__Bacteria	p__Pseudomonadota	c__Gammaproteobacteria	o__Enterobacterales	f__Pasteurellaceae	g__Haemophilus						g__Haemophilus	genus
		Human							0.0	0.0	Yes	0.0					Gram-		0.0		0.0								g__Haemophilus_A.json		d__Bacteria	p__Pseudomonadota	c__Gammaproteobacteria	o__Enterobacterales	f__Pasteurellaceae	g__Haemophilus_A					0.0	g__Haemophilus_A	genus
		Human							0.0	0.0	Yes	0.0					Gram-		0.0		0.0								g__Haemophilus_D.json		d__Bacteria	p__Pseudomonadota	c__Gammaproteobacteria	o__Enterobacterales	f__Pasteurellaceae	g__Haemophilus_D						g__Haemophilus_D	genus
		Human							0.0	0.0	Yes	0.0					Gram-		0.0		0.0								g__Hafnia.json		d__Bacteria	p__Pseudomonadota	c__Gammaproteobacteria	o__Enterobacterales	f__Enterobacteriaceae	g__Hafnia					0.0	g__Hafnia	genus
Bacillus halodurans C-125 (272558.8)	2.0	Human	272558.0	272558.8	GCF_000011145.1	637000020.0	PMID:20203603; PMID:24861948	AGORA 1.03	0.0	0.0	Yes	0.0	0	0	0	0	Gram+	Facultative	0.0	Motile	0.0	4202352.0	4239.0	1835819.0	44.0	4066.0	95.92	ftp://ftp.ncbi.nlm.nih.gov/genomes/all/GCF/000/011/145/GCF_000011145.1_ASM1114v1	g__Halalkalibacterium.json	272558.0	d__Bacteria	p__Bacillota	c__Bacilli	o__Bacillales	f__Bacillaceae_D	g__Halalkalibacterium	s__Halalkalibacterium halodurans		0.0			g__Halalkalibacterium	genus
	0.0	Human	931277.0		GCF_000336695.1		PMID:20203603; PMID:24861948	AGORA 1.03	0.0	0.0							Gram-	0	0.0	0	0.0							https://www.ncbi.nlm.nih.gov/assembly/GCF_000336695.1/	g__Halococcus.json	931277.0	d__Archaea	p__Halobacteriota	c__Halobacteria	o__Halobacteriales	f__Halococcaceae	g__Halococcus	s__Halococcus morrhuae		0.0	0.0	0.0	g__Halococcus	genus
Desulfovibrio desulfuricans subsp. aestuarii DSM 17919 = ATCC 29578 (1121444.3)	2.0	Human	1121444.0	1121444.3	GCF_000384815.1	2518645586.0	Strains of species found in the human gut (PMID:24861948) present in PubSEED	Initial strain selection	0.0	0.0	Yes	0.0	Environmental	Terrestrial	Unclassified	Soil	Gram-	Anaerobe	0.0	0	0.0	3551290.0	3251.0	1602320.0	45.0	3139.0	96.55	ftp://ftp.ncbi.nlm.nih.gov/genomes/all/GCF/000/384/815/GCF_000384815.1_ASM38481v1	g__Halodesulfovibrio.json	1121444.0	d__Bacteria	p__Desulfobacterota	c__Desulfovibrionia	o__Desulfovibrionales	f__Desulfovibrionaceae	g__Halodesulfovibrio	s__Halodesulfovibrio aestuarii		0.0		0.0	g__Halodesulfovibrio	genus
		Human							0.0	0.0	Yes						Gram-	Microaerophile	0.0		0.0								g__Helicobacter.json		d__Bacteria	p__Campylobacterota	c__Campylobacteria	o__Campylobacterales	f__Helicobacteraceae	g__Helicobacter						g__Helicobacter	genus
									0.0	0.0	Yes	0.0					Gram-	Microaerophile	0.0		0.0								g__Helicobacter_A.json		d__Bacteria	p__Campylobacterota	c__Campylobacteria	o__Campylobacterales	f__Helicobacteraceae	g__Helicobacter_A						g__Helicobacter_A	genus
	0.0	Human						Literature research									Gram-												g__Helicobacter_B.json		d__Bacteria	p__Campylobacterota	c__Campylobacteria	o__Campylobacterales	f__Helicobacteraceae	g__Helicobacter_B						g__Helicobacter_B	genus
									0.0	0.0	Yes						Gram-	Microaerophile	0.0		0.0								g__Helicobacter_C.json		d__Bacteria	p__Campylobacterota	c__Campylobacteria	o__Campylobacterales	f__Helicobacteraceae	g__Helicobacter_C						g__Helicobacter_C	genus
									0.0	0.0	Yes	0.0					Gram-	Microaerophile	0.0		0.0								g__Helicobacter_D.json		d__Bacteria	p__Campylobacterota	c__Campylobacteria	o__Campylobacterales	f__Helicobacteraceae	g__Helicobacter_D			0.0	0.0	0.0	g__Helicobacter_D	genus
	0.0	Human					https://www.biorxiv.org/content/10.1101/691030v1	Literature research	0.0	0.0	Yes	0.0					Gram-	0	0.0	0	0.0								g__Herbaspirillum.json		d__Bacteria	p__Pseudomonadota	c__Gammaproteobacteria	o__Burkholderiales	f__Burkholderiaceae_D	g__Herbaspirillum	s__Herbaspirillum huttiense		0.0	0.0	0.0	g__Herbaspirillum	genus
Eubacterium biforme DSM 3989 (518637.5)	2.0	Human	518637.0	518637.5	GCF_000156655.1	642979360.0	PMID:20203603; PMID:24861948	AGORA 1.03	0.0	0.0	Yes	0.0	Host-associated	Human	Large intestine	Digestive system	Gram+	Anaerobe	0.0	0	0.0	2415920.0	2577.0	816316.0	34.0	2529.0	98.14	ftp://ftp.ncbi.nlm.nih.gov/genomes/all/GCF/000/156/655/GCF_000156655.1_ASM15665v1	g__Holdemanella.json	518637.0	d__Bacteria	p__Bacillota_I	c__Bacilli_A	o__Erysipelotrichales	f__Erysipelotrichaceae	g__Holdemanella	s__Holdemanella biformis					g__Holdemanella	genus
		Human							0.0	0.0	Yes	0.0	Host-associated	Human	Large intestine	Digestive system	Gram+	Anaerobe	0.0		0.0								g__Holdemania.json		d__Bacteria	p__Bacillota_I	c__Bacilli_A	o__Erysipelotrichales	f__Erysipelotrichaceae	g__Holdemania						g__Holdemania	genus
	2.0	Human							0.0	0.0	Yes	0.0	Host-associated	Mammals	Foregut	Digestive system	Gram+	Anaerobe		Nonmotile	0.0								g__Hominimerdicola.json		d__Bacteria	p__Bacillota	c__Clostridia	o__Oscillospirales	f__Ruminococcaceae	g__Hominimerdicola			0.0			g__Hominimerdicola	genus
	0.0	Human	1720315.0		GCF_001486445.1		PMID:30745586	Literature research									Gram+											ftp.ncbi.nlm.nih.gov/genomes/all/GCA/001/486/445/GCA_001486445.1_Hugonella_massiliensis	g__Hugonella.json	1720315.0	d__Bacteria	p__Actinomycetota	c__Coriobacteriia	o__Coriobacteriales	f__Eggerthellaceae	g__Hugonella	s__Hugonella massiliensis	GCF_001486445.1				g__Hugonella	genus
	0.0	Mouse					Personal communication, Dr. Jan Krumsiek	Personal communication	0.0	0.0	Yes	0.0					Gram+	Anaerobe			0.0				39.0				g__Hungateiclostridium.json		d__Bacteria	p__Bacillota	c__Clostridia	o__Acetivibrionales	f__Acetivibrionaceae	g__Hungateiclostridium	s__Hungateiclostridium thermocellum		0.0			g__Hungateiclostridium	genus
Clostridium hathewayi 12489931 (999412.4)		Human		999412.4			PMID:20203603; PMID:24861948	AGORA 1.03	0.0	0.0	Yes	0.0	Host-associated	Human			Gram+	Obligate anaerobe	0.0		0.0								g__Hungatella.json		d__Bacteria	p__Bacillota	c__Clostridia	o__Lachnospirales	f__Lachnospiraceae	g__Hungatella			0.0		0.0	g__Hungatella	genus
Clostridium hathewayi WAL-18680 (742737.3)	1.0	Human	742737.0	742737.3	GCF_000235505.1	2513237275.0	Strains of species found in the human gut (PMID:24861948) present in KBase	Initial strain selection	0.0	0.0	Yes	0.0	Host-associated	Human	Large intestine	Digestive system	Gram+	Obligate anaerobe		Motile	0.0	5654180.0	5251.0	2827985.0	50.0	5183.0	98.71	ftp://ftp.ncbi.nlm.nih.gov/genomes/all/GCF/000/235/505/GCF_000235505.1_Clos_hath_WAL_18680_V1	g__Hungatella_A.json	742737.0	d__Bacteria	p__Bacillota	c__Clostridia	o__Lachnospirales	f__Lachnospiraceae	g__Hungatella_A	s__Hungatella_A hathewayi_A					g__Hungatella_A	genus
	0.0	Human	714549.0		GCF_900089555.1	2751185699.0	https://www.biorxiv.org/content/10.1101/691030v1	Literature research	0.0	0.0	Yes	0.0	0	0	0	0	Gram-	0	0.0	0	0.0	3403620.0	3098.0	1265207.0	37.0	3053.0	98.55	ftp://ftp.ncbi.nlm.nih.gov/genomes/all/GCF/900/089/555/GCF_900089555.1_J04	g__Hydrotalea.json	714549.0	d__Bacteria	p__Bacteroidota	c__Bacteroidia	o__Chitinophagales	f__Chitinophagaceae	g__Hydrotalea	s__Hydrotalea flava	GCF_900089555.1	0.0	0.0	0.0	g__Hydrotalea	genus
Pelagibacter sp. IMCC9063 (1002672.3)	0.0	Mouse	1002672.0	1002672.3	GCF_000195085.1	650716017.0	Personal communication, Dr. Jan Krumsiek	Personal communication	0.0	0.0	Yes	0.0	Environmental	Aquatic	Unclassified	Marine	Gram-	Aerobe	0.0	0	0.0	1284727.0	1482.0	406882.0	32.0	1447.0	97.64	ftp://ftp.ncbi.nlm.nih.gov/genomes/all/GCF/000/195/085/GCF_000195085.1_ASM19508v1	g__IMCC9063.json	1002672.0	d__Bacteria	p__Pseudomonadota	c__Alphaproteobacteria	o__Pelagibacterales	f__Pelagibacteraceae	g__IMCC9063	s__IMCC9063 sp000195085		0.0			g__IMCC9063	genus
Clostridium bartlettii DSM 16795 (445973.7)		Human		445973.7	GCF_000154445.1				0.0	0.0	Yes	0.0	Host-associated	Human	Large intestine	Digestive system	Gram+	Anaerobe	0.0		0.0				29.0				g__Intestinibacter.json		d__Bacteria	p__Bacillota	c__Clostridia	o__Peptostreptococcales	f__Peptostreptococcaceae	g__Intestinibacter	s__Intestinibacter bartlettii					g__Intestinibacter	genus
	0.0	Human	679200.0		GCF_000235445.1	2513237274.0	https://www.biorxiv.org/content/10.1101/691030v1	Literature research	0.0	0.0	Yes	0.0	Host-associated	Human	Oral	Digestive system	Gram+	Anaerobe	0.0	Nonmotile		2672404.0	2359.0	954988.0	36.0	2308.0	97.84	ftp://ftp.ncbi.nlm.nih.gov/genomes/all/GCF/000/235/445/GCF_000235445.1_John_igna_ATCC_51276_V1	g__Johnsonella.json	679200.0	d__Bacteria	p__Bacillota	c__Clostridia	o__Lachnospirales	f__Lachnospiraceae	g__Johnsonella	s__Johnsonella ignava					g__Johnsonella	genus
	1.0	Human					PMID:31171880	Literature research	0.0	0.0	Yes	0.0	Host-associated	Human			Gram-	Obligate anaerobe	0.0	Motile									g__Jonquetella.json		d__Bacteria	p__Synergistota	c__Synergistia	o__Synergistales	f__Dethiosulfovibrionaceae	g__Jonquetella	s__Jonquetella anthropi					g__Jonquetella	genus
	0.0	Human															Gram+												g__Kallipyga.json		d__Bacteria	p__Bacillota	c__Clostridia	o__Tissierellales	f__Peptoniphilaceae	g__Kallipyga		GCF_001286805.1				g__Kallipyga	genus
	0.0	Human	1410657.0		GCF_001436965.1	2561511092.0	PMID:20203603; PMID:24861948	AGORA 1.03	0.0	0.0	Yes	0.0	0	0	0	0	Gram+	0	0.0	0	0.0	2126709.0	2201.0	741888.0	35.0	2122.0	96.41	ftp://ftp.ncbi.nlm.nih.gov/genomes/all/GCF/001/436/965/GCF_001436965.1_ASM143696v1	g__Kandleria.json	1410657.0	d__Bacteria	p__Bacillota_I	c__Bacilli_A	o__Erysipelotrichales	f__Coprobacillaceae	g__Kandleria	s__Kandleria vitulina		0.0	0.0	0.0	g__Kandleria	genus
Kingella denitrificans ATCC 33394 (888741.3)	0.0	Human		888741.3		649989956.0	https://www.biorxiv.org/content/10.1101/691030v1	Literature research	0.0	0.0	Yes	0.0	Host-associated	Mammals	Nasopharyngeal	Respiratory system	Gram-	Microaerophile	0.0	0		2186592.0	2574.0	1182633.0	54.0	2518.0	97.82		g__Kingella_A.json		d__Bacteria	p__Pseudomonadota	c__Gammaproteobacteria	o__Burkholderiales	f__Neisseriaceae	g__Kingella_A	s__Kingella_A denitrificans				0.0	g__Kingella_A	genus
Kingella oralis ATCC 51147 (629741.3)	2.0	Human	629741.0	629741.3	GCF_000160435.1	643886193.0	PMID:20203603; PMID:24861948	AGORA 1.03	0.0	0.0	Yes	0.0	Host-associated	Human	Oral	Digestive system	Gram-	Microaerophile	0.0	0		2405975.0	3218.0	1307074.0	54.0	3165.0	98.35	ftp://ftp.ncbi.nlm.nih.gov/genomes/all/GCF/000/160/435/GCF_000160435.1_ASM16043v1	g__Kingella_B.json	629741.0	d__Bacteria	p__Pseudomonadota	c__Gammaproteobacteria	o__Burkholderiales	f__Neisseriaceae	g__Kingella_B	s__Kingella_B oralis					g__Kingella_B	genus
		Human							0.0	0.0	Yes	0.0					Gram-	Facultative anaerobe	0.0		0.0								g__Klebsiella.json		d__Bacteria	p__Pseudomonadota	c__Gammaproteobacteria	o__Enterobacterales	f__Enterobacteriaceae	g__Klebsiella					0.0	g__Klebsiella	genus
	0.0	Human							0.0	0.0	Yes	0.0					Gram-	Facultative anaerobe	0.0		0.0								g__Kluyvera.json		d__Bacteria	p__Pseudomonadota	c__Gammaproteobacteria	o__Enterobacterales	f__Enterobacteriaceae	g__Kluyvera			0.0	0.0	0.0	g__Kluyvera	genus
		Human							0.0	0.0	Yes	0.0					Gram+	Aerobe	0.0		0.0								g__Kocuria.json		d__Bacteria	p__Actinomycetota	c__Actinomycetes	o__Actinomycetales	f__Micrococcaceae	g__Kocuria			0.0	0.0	0.0	g__Kocuria	genus
Enterobacter cloacae subsp. dissolvens SP1 (1235834.3)	2.0	Human	1235834.0	1235834.3	GCF_000300455.3	2547132181.0	Strains of species found in the human gut (PMID:24861948) present in PubSEED	Initial strain selection	0.0	0.0	Yes	0.0	Host-associated	Plants	Unclassified	Rhizoplane	Gram-	Aerobe	0.0	Motile	0.0	4945084.0	4887.0	2654529.0	54.0	4729.0	96.77	ftp://ftp.ncbi.nlm.nih.gov/genomes/all/GCF/000/300/455/GCF_000300455.3_ASM30045v4	g__Kosakonia.json	1235834.0	d__Bacteria	p__Pseudomonadota	c__Gammaproteobacteria	o__Enterobacterales	f__Enterobacteriaceae	g__Kosakonia	s__Kosakonia sacchari	GCF_000300455.3		0.0	0.0	g__Kosakonia	genus
Desmospora sp. 8437 (997346.3)	1.0	Human	997346.0	997346.3	GCF_000213595.1	651324024.0	PMID:31275260	Literature research	0.0	0.0	Yes	0.0	Host-associated	Human	Unclassified	Unclassified	Gram+	Aerobe	0.0	0	0.0	3638920.0	4106.0	1962636.0	54.0	4048.0	98.59	ftp://ftp.ncbi.nlm.nih.gov/genomes/all/GCF/000/213/595/GCF_000213595.1_ASM21359v1	g__Kroppenstedtia.json	997346.0	d__Bacteria	p__Bacillota	c__Bacilli	o__Thermoactinomycetales	f__DSM-45169	g__Kroppenstedtia	s__Kroppenstedtia eburnea				0.0	g__Kroppenstedtia	genus
Kurthia sp. JC30 (1033739.3)	1.0	Human	1033739.0	1033739.3	GCF_000285555.1	2547132137.0	PMID:20203603; PMID:24861948	AGORA 1.03	0.0	0.0	Yes	0.0	Host-associated	Human	Large intestine	Digestive system	Gram+	Obligate aerobe	0.0	Motile	0.0	3201696.0	3352.0	1257088.0	39.0	3240.0	96.66	ftp://ftp.ncbi.nlm.nih.gov/genomes/all/GCF/000/285/555/GCF_000285555.1_ASM28555v1	g__Kurthia.json	1033739.0	d__Bacteria	p__Bacillota	c__Bacilli	o__Bacillales_A	f__Planococcaceae	g__Kurthia	s__Kurthia massiliensis	GCF_000214115.1			0.0	g__Kurthia	genus
Kytococcus sedentarius DSM 20547 (478801.5)	2.0	Human	478801.0	478801.5	GCF_000023925.1	644736380.0	PMID:20203603; PMID:24861948	AGORA 1.03	0.0	0.0	Yes		Environmental	Aquatic	Unclassified	Marine	Gram+	Obligate aerobe	0.0	Nonmotile	0.0	2785024.0	2692.0	1994844.0	72.0	2639.0	98.03	ftp://ftp.ncbi.nlm.nih.gov/genomes/all/GCF/000/023/925/GCF_000023925.1_ASM2392v1	g__Kytococcus.json	478801.0	d__Bacteria	p__Actinomycetota	c__Actinomycetes	o__Actinomycetales	f__Dermatophilaceae	g__Kytococcus	s__Kytococcus sedentarius		0.0			g__Kytococcus	genus
		Human						Literature research	0.0	0.0							Gram+	Anaerobe	0.0	0	0.0								g__Lachnoanaerobaculum.json		d__Bacteria	p__Bacillota	c__Clostridia	o__Lachnospirales	f__Lachnospiraceae	g__Lachnoanaerobaculum		GCF_003862485.1	0.0	0.0	0.0	g__Lachnoanaerobaculum	genus
	0.0	Human	1805477.0		GCF_900078195.1		PMID:30745586	Literature research									Gram+											ftp://ftp.ncbi.nlm.nih.gov/genomes/all/GCF/900/078/195/GCF_900078195.1_PRJEB13107	g__Lachnoclostridium.json	1805477.0	d__Bacteria	p__Bacillota	c__Clostridia	o__Lachnospirales	f__Lachnospiraceae	g__Lachnoclostridium	s__Lachnoclostridium sp900078195	GCF_900078195.1				g__Lachnoclostridium	genus
Eubacterium eligens ATCC 27750 (515620.4)		Human		515620.4					0.0	0.0	Yes	0.0					Gram+		0.0	0	0.0								g__Lachnospira.json		d__Bacteria	p__Bacillota	c__Clostridia	o__Lachnospirales	f__Lachnospiraceae	g__Lachnospira						g__Lachnospira	genus
	0.0								0.0	0.0	Yes	0.0							0.0		0.0								g__Lacrimispora.json		d__Bacteria	p__Bacillota	c__Clostridia	o__Lachnospirales	f__Lachnospiraceae	g__Lacrimispora			0.0	0.0	0.0	g__Lacrimispora	genus
		Human							0.0	0.0	Yes	0.0					Gram+		0.0		0.0								g__Lacticaseibacillus.json		d__Bacteria	p__Bacillota	c__Bacilli	o__Lactobacillales	f__Lactobacillaceae	g__Lacticaseibacillus			0.0	0.0	0.0	g__Lacticaseibacillus	genus
		Human							0.0	0.0	Yes	0.0					Gram+		0.0		0.0								g__Lactiplantibacillus.json		d__Bacteria	p__Bacillota	c__Bacilli	o__Lactobacillales	f__Lactobacillaceae	g__Lactiplantibacillus			0.0	0.0	0.0	g__Lactiplantibacillus	genus
									0.0	0.0	Yes	0.0					Gram+		0.0		0.0								g__Lactobacillus.json		d__Bacteria	p__Bacillota	c__Bacilli	o__Lactobacillales	f__Lactobacillaceae	g__Lactobacillus						g__Lactobacillus	genus
		Human							0.0	0.0	Yes						Gram+	Facultative anaerobe	0.0		0.0								g__Lactococcus.json		d__Bacteria	p__Bacillota	c__Bacilli	o__Lactobacillales	f__Streptococcaceae	g__Lactococcus						g__Lactococcus	genus
	0.0	Mouse	1122155.0		GCF_900129135.1	2585428044.0	Personal communication, Dr. Jan Krumsiek	Personal communication	0.0	0.0	Yes	0.0	Host-associated	Human	Large intestine	Digestive system	Gram+	Anaerobe	0.0	Nonmotile	0.0	4839287.0	4487.0	2244790.0	46.0	4389.0	97.82	ftp://ftp.ncbi.nlm.nih.gov/genomes/all/GCF/900/129/135/GCF_900129135.1_IMG-taxon_2585428044_annotated_assembly	g__Lactonifactor.json	1122155.0	d__Bacteria	p__Bacillota	c__Clostridia	o__Lachnospirales	f__Lachnospiraceae	g__Lactonifactor	s__Lactonifactor longoviformis		0.0			g__Lactonifactor	genus
	2.0	Human					PMID:20203603; PMID:24861948	AGORA 1.03	0.0	0.0	Yes	0.0	Host-associated	Human	Oral	Digestive system	Gram+	Anaerobe	0.0	Nonmotile									g__Lancefieldella.json		d__Bacteria	p__Actinomycetota	c__Coriobacteriia	o__Coriobacteriales	f__Atopobiaceae	g__Lancefieldella						g__Lancefieldella	genus
	0.0	Human	1423738.0		GCF_001436095.1	2663762931.0	https://www.biorxiv.org/content/10.1101/691030v1	Literature research	0.0	0.0	Yes	0.0	Engineered	Food production	Unclassified	Silage fermentation	Gram+	Aerobe	0.0	0	0.0	1804240.0	1783.0	686319.0	38.0	1727.0	96.86	ftp://ftp.ncbi.nlm.nih.gov/genomes/all/GCF/001/436/095/GCF_001436095.1_ASM143609v1	g__Lapidilactobacillus.json	1423738.0	d__Bacteria	p__Bacillota	c__Bacilli	o__Lactobacillales	f__Lactobacillaceae	g__Lapidilactobacillus	s__Lapidilactobacillus dextrinicus	GCF_001436095.1	0.0	0.0	0.0	g__Lapidilactobacillus	genus
Laribacter hongkongensis HLHK9 (557598.3)	2.0	Human	557598.0	557598.3	GCF_000021025.1	643692026.0	PMID:20203603; PMID:24861948	AGORA 1.03	0.0	0.0	Yes		Host-associated	Human	Blood	Circulatory system	Gram-	Anaerobe	0.0	Motile	0.0	3169329.0	3333.0	1976150.0	62.0	3235.0	97.06	ftp://ftp.ncbi.nlm.nih.gov/genomes/all/GCF/000/021/025/GCF_000021025.1_ASM2102v1	g__Laribacter.json	557598.0	d__Bacteria	p__Pseudomonadota	c__Gammaproteobacteria	o__Burkholderiales	f__Aquaspirillaceae	g__Laribacter	s__Laribacter hongkongensis					g__Laribacter	genus
		Human							0.0	0.0	Yes	0.0					Gram+		0.0		0.0								g__Latilactobacillus.json		d__Bacteria	p__Bacillota	c__Bacilli	o__Lactobacillales	f__Lactobacillaceae	g__Latilactobacillus			0.0	0.0	0.0	g__Latilactobacillus	genus
Lautropia mirabilis ATCC 51599 (887898.3)	2.0	Human	887898.0	887898.3	GCF_000186425.1	649989970.0	PMID:20203603; PMID:24861948	AGORA 1.03	0.0	0.0	Yes	0.0	Host-associated	Animal	Unclassified	Digestive system	Gram-	0	0.0	0		3137198.0	2713.0	2057272.0	66.0	2666.0	98.27	ftp://ftp.ncbi.nlm.nih.gov/genomes/all/GCF/000/186/425/GCF_000186425.1_ASM18642v1	g__Lautropia.json	887898.0	d__Bacteria	p__Pseudomonadota	c__Gammaproteobacteria	o__Burkholderiales	f__Burkholderiaceae_E	g__Lautropia	s__Lautropia mirabilis				0.0	g__Lautropia	genus
		Human															Gram+												g__Lawsonibacter.json		d__Bacteria	p__Bacillota	c__Clostridia	o__Oscillospirales	f__Oscillospiraceae	g__Lawsonibacter		GCF_001244495.1				g__Lawsonibacter	genus
Cryocola sp. 340MFSha3.1 (1169145.3)	1.0	Mouse	1169145.0	1169145.3	GCF_000383315.1	2522125173.0	Personal communication, Dr. Jan Krumsiek	Personal communication	0.0	0.0	Yes	0.0	0	0	0	0	Gram+	0	0.0	0	0.0	4090615.0	3976.0	2857284.0	70.0	3920.0	98.59	ftp://ftp.ncbi.nlm.nih.gov/genomes/all/GCF/000/383/315/GCF_000383315.1_ASM38331v1	g__Leifsonia.json	1169145.0	d__Bacteria	p__Actinomycetota	c__Actinomycetes	o__Actinomycetales	f__Microbacteriaceae	g__Leifsonia	s__Leifsonia sp900100265		0.0	0.0	0.0	g__Leifsonia	genus
	0.0	Human	1005999.0		GCF_000735425.1	2588253796.0	PMID:20203603; PMID:24861948	AGORA 1.03	0.0	0.0	Yes	0.0	Host-associated	Human	Large intestine	Digestive system	Gram-	Aerobe	0.0	Nonmotile	0.0	4235612.0	3827.0	2282471.0	54.0	3758.0	98.2	ftp://ftp.ncbi.nlm.nih.gov/genomes/all/GCF/000/735/425/GCF_000735425.1_GLGR_DRAFTv1	g__Leminorella.json	1005999.0	d__Bacteria	p__Pseudomonadota	c__Gammaproteobacteria	o__Enterobacterales	f__Enterobacteriaceae	g__Leminorella	s__Leminorella grimontii		0.0			g__Leminorella	genus
		Human							0.0	0.0	Yes	0.0					Gram+		0.0		0.0								g__Lentilactobacillus.json		d__Bacteria	p__Bacillota	c__Bacilli	o__Lactobacillales	f__Lactobacillaceae	g__Lentilactobacillus			0.0			g__Lentilactobacillus	genus
		Human							0.0	0.0	Yes	0.0					Gram-	Anaerobe	0.0		0.0								g__Leptotrichia.json		d__Bacteria	p__Fusobacteriota	c__Fusobacteriia	o__Fusobacteriales	f__Leptotrichiaceae	g__Leptotrichia						g__Leptotrichia	genus
		Human							0.0	0.0	Yes	0.0					Gram+	Facultative anaerobe	0.0		0.0								g__Leuconostoc.json		d__Bacteria	p__Bacillota	c__Bacilli	o__Lactobacillales	f__Lactobacillaceae	g__Leuconostoc			0.0	0.0		g__Leuconostoc	genus
		Human							0.0	0.0	Yes	0.0					Gram+	Aerobe	0.0		0.0								g__Levilactobacillus.json		d__Bacteria	p__Bacillota	c__Bacilli	o__Lactobacillales	f__Lactobacillaceae	g__Levilactobacillus			0.0			g__Levilactobacillus	genus
									0.0	0.0							Gram+		0.0		0.0								g__Ligilactobacillus.json		d__Bacteria	p__Bacillota	c__Bacilli	o__Lactobacillales	f__Lactobacillaceae	g__Ligilactobacillus			0.0	0.0	0.0	g__Ligilactobacillus	genus
		Human							0.0	0.0	Yes	0.0					Gram+		0.0										g__Limosilactobacillus.json		d__Bacteria	p__Bacillota	c__Bacilli	o__Lactobacillales	f__Lactobacillaceae	g__Limosilactobacillus						g__Limosilactobacillus	genus
Lactobacillus mali KCTC 3596 (1046596.4)	1.0	Human	1046596.0	1046596.4	GCF_000276905.1	2671180581.0	PMID:31275260	Literature research	0.0	0.0	Yes	0.0	0	0	0	0	Gram+	Aerobe	0.0	0	0.0	2560636.0	2577.0	923153.0	36.0	2522.0	97.87	ftp://ftp.ncbi.nlm.nih.gov/genomes/all/GCF/000/276/905/GCF_000276905.1_LmaliDSM20444T	g__Liquorilactobacillus.json	1046596.0	d__Bacteria	p__Bacillota	c__Bacilli	o__Lactobacillales	f__Lactobacillaceae	g__Liquorilactobacillus	s__Liquorilactobacillus mali		0.0	0.0	0.0	g__Liquorilactobacillus	genus
		Human							0.0	0.0	Yes	0.0					Gram+	Facultative anaerobe	0.0		0.0								g__Listeria.json		d__Bacteria	p__Bacillota	c__Bacilli	o__Lactobacillales	f__Listeriaceae	g__Listeria						g__Listeria	genus
		Human							0.0	0.0	Yes	0.0					Gram+	Aerobe	0.0		0.0				43.0				g__Loigolactobacillus.json		d__Bacteria	p__Bacillota	c__Bacilli	o__Lactobacillales	f__Lactobacillaceae	g__Loigolactobacillus	s__Loigolactobacillus coryniformis		0.0			g__Loigolactobacillus	genus
	0.0	Mouse	1796628.0		GCF_004343035.1	2788499828.0	PMID:27670113	Literature research	0.0	0.0	Yes	0.0	Host-associated	Mammals	Large intestine	Digestive system	Gram+	Anaerobe	0.0	0	0.0	3167958.0	3239.0	976013.0	31.0	3166.0	97.75	ftp://ftp.ncbi.nlm.nih.gov/genomes/all/GCF/004/343/035/GCF_004343035.1_ASM434303v1	g__Longibaculum.json	1796628.0	d__Bacteria	p__Bacillota_I	c__Bacilli_A	o__Erysipelotrichales	f__Coprobacillaceae	g__Longibaculum	s__Longibaculum muris	GCF_004343035.1	0.0	0.0	0.0	g__Longibaculum	genus
									0.0	0.0	Yes	0.0	Host-associated				Gram+		0.0		0.0				38.0				g__Longicatena.json		d__Bacteria	p__Bacillota_I	c__Bacilli_A	o__Erysipelotrichales	f__Erysipelotrichaceae	g__Longicatena	s__Longicatena caecimuris					g__Longicatena	genus
		Human							0.0	0.0	Yes	0.0					Gram+		0.0	0	0.0								g__Lysinibacillus.json		d__Bacteria	p__Bacillota	c__Bacilli	o__Bacillales_A	f__Planococcaceae	g__Lysinibacillus			0.0	0.0	0.0	g__Lysinibacillus	genus
	0.0	Human					species in vaginal microbiome	Personal communication									Gram-	Obligate anaerobe											g__Mageeibacillus.json		d__Bacteria	p__Bacillota	c__Clostridia	o__Saccharofermentanales	f__Fastidiosipilaceae	g__Mageeibacillus	s__Mageeibacillus indolicus					g__Mageeibacillus	genus
		Human							0.0	0.0							Gram+	Facultative anaerobe	0.0	0	0.0								g__Mammaliicoccus.json		d__Bacteria	p__Bacillota	c__Bacilli	o__Staphylococcales	f__Staphylococcaceae	g__Mammaliicoccus			0.0	0.0	0.0	g__Mammaliicoccus	genus
	0.0	Mouse	1122209.0		GCF_900119735.1	2599185147.0	Personal communication, Dr. Jan Krumsiek	Personal communication	0.0	0.0	Yes	0.0	Environmental	Aquatic	Unclassified	Non-marine Saline and Alkaline	Gram-	Aerobe		Motile	0.0	3137549.0	2963.0	1713750.0	55.0	2897.0	97.77	ftp://ftp.ncbi.nlm.nih.gov/genomes/all/GCF/900/119/735/GCF_900119735.1_IMG-taxon_2599185147_annotated_assembly	g__Marinospirillum.json	1122209.0	d__Bacteria	p__Pseudomonadota	c__Gammaproteobacteria	o__Pseudomonadales	f__Halomonadaceae	g__Marinospirillum	s__Marinospirillum alkaliphilum		0.0			g__Marinospirillum	genus
Bryantella formatexigens DSM 14469 (478749.5)	2.0	Human	478749.0	478749.5	GCF_900102475.1	2562617090.0	PMID:20203603; PMID:24861948	AGORA 1.03	0.0	0.0	Yes	0.0	Host-associated	Human	Large intestine	Digestive system	Gram+	Anaerobe		Nonmotile	0.0	4548960.0	4960.0	2254223.0	50.0	4896.0	98.71	ftp://ftp.ncbi.nlm.nih.gov/genomes/all/GCF/900/102/475/GCF_900102475.1_IMG-taxon_2599185228_annotated_assembly	g__Marvinbryantia.json	478749.0	d__Bacteria	p__Bacillota	c__Clostridia	o__Lachnospirales	f__Lachnospiraceae	g__Marvinbryantia	s__Marvinbryantia formatexigens	GCF_000392615.1				g__Marvinbryantia	genus
	0.0	Human	1632858.0		GCF_001375675.1		PMID:30745586	Literature research									Gram-											ftp.ncbi.nlm.nih.gov/genomes/all/GCF/001/375/675/GCF_001375675.1_Massilibacterium_senegalense	g__Massilibacterium.json	1632858.0	d__Bacteria	p__Bacillota	c__Bacilli	o__Bacillales	f__Massilibacteriaceae	g__Massilibacterium	s__Massilibacterium senegalense	GCF_001375675.1				g__Massilibacterium	genus
Clostridium methylpentosum DSM 5476 (537013.3)		Human		537013.3		643886206.0			0.0	0.0	Yes	0.0	Host-associated	Human	Large intestine	Digestive system		Obligate anaerobe	0.0	Motile	0.0	3406326.0	3961.0	1765027.0	52.0	3907.0	98.64		g__Massilioclostridium.json		d__Bacteria	p__Bacillota	c__Clostridia	o__Oscillospirales	f__Ruminococcaceae	g__Massilioclostridium						g__Massilioclostridium	genus
	0.0	Human	1689303.0		GCF_001407835.1		PMID:30745586	Literature research									Gram+											ftp.ncbi.nlm.nih.gov/genomes/all/GCF/001/407/835/GCF_001407835.1_Lagierella_massiliensis	g__Mediannikoviicoccus.json	1689303.0	d__Bacteria	p__Bacillota	c__Clostridia	o__Tissierellales	f__Peptoniphilaceae	g__Mediannikoviicoccus	s__Mediannikoviicoccus massiliensis_A	GCF_001407835.1				g__Mediannikoviicoccus	genus
		Human							0.0	0.0	Yes	0.0	Host-associated				Gram+	Anaerobe	0.0		0.0								g__Mediterraneibacter.json		d__Bacteria	p__Bacillota	c__Clostridia	o__Lachnospirales	f__Lachnospiraceae	g__Mediterraneibacter					0.0	g__Mediterraneibacter	genus
		Human							0.0	0.0	Yes	0.0	Host-associated				Gram-		0.0		0.0								g__Megamonas.json		d__Bacteria	p__Bacillota	c__Negativicutes	o__Selenomonadales	f__Selenomonadaceae	g__Megamonas	s__Megamonas funiformis				0.0	g__Megamonas	genus
		Human							0.0	0.0	Yes	0.0	Host-associated			Digestive system			0.0		0.0								g__Megasphaera.json		d__Bacteria	p__Bacillota	c__Negativicutes	o__Veillonellales	f__Megasphaeraceae	g__Megasphaera						g__Megasphaera	genus
	0.0	Human	1871030.0		GCF_900155395.1	2788499994.0	https://www.biorxiv.org/content/10.1101/691030v1	Literature research	0.0	0.0	Yes	0.0	0	0	0	0	Gram+	0	0.0	0	0.0	2466486.0	2453.0	988336.0	40.0	2368.0	96.53	ftp://ftp.ncbi.nlm.nih.gov/genomes/all/GCF/900/155/395/GCF_900155395.1_PRJEB18752	g__Merdibacter.json	1871030.0	d__Bacteria	p__Bacillota_I	c__Bacilli_A	o__Erysipelotrichales	f__Erysipelotrichaceae	g__Merdibacter	s__Merdibacter sp900759455		0.0	0.0	0.0	g__Merdibacter	genus
	2.0	Human					Strains of species found in the human gut (PMID:24861948) present in PubSEED	Initial strain selection	0.0	0.0	Yes						Gram-	Aerobe	0.0		0.0								g__Mesomycoplasma.json		d__Bacteria	p__Bacillota_I	c__Bacilli_A	o__Mycoplasmatales	f__Metamycoplasmataceae	g__Mesomycoplasma	s__Mesomycoplasma hyopneumoniae		0.0			g__Mesomycoplasma	genus
	2.0	Human							0.0	0.0	Yes	0.0			Unclassified	Unclassified	Gram-	Aerobe		Motile	0.0				63.0				g__Mesorhizobium.json		d__Bacteria	p__Pseudomonadota	c__Alphaproteobacteria	o__Rhizobiales	f__Rhizobiaceae	g__Mesorhizobium						g__Mesorhizobium	genus
	0.0	Human	1506471.0		GCF_001182045.1	2671180969.0	PMID:25567229	Literature research	0.0	0.0	Yes	0.0	0	0	0	0	Gram-	0	0.0	0	0.0	2475916.0	2244.0	1410869.0	57.0	2175.0	96.93	ftp://ftp.ncbi.nlm.nih.gov/genomes/all/GCF/001/182/045/GCF_001182045.1_Dakarella_massiliensis	g__Mesosutterella.json	1506471.0	d__Bacteria	p__Pseudomonadota	c__Gammaproteobacteria	o__Burkholderiales	f__Burkholderiaceae_F	g__Mesosutterella	s__Mesosutterella massiliensis		0.0	0.0	0.0	g__Mesosutterella	genus
	0.0	Mouse					PMID:27670113	Literature research	0.0	0.0	Yes	0.0					Gram+	0	0.0	0	0.0								g__Metaclostridioides.json		d__Bacteria	p__Bacillota	c__Clostridia	o__Peptostreptococcales	f__Peptostreptococcaceae	g__Metaclostridioides			0.0	0.0	0.0	g__Metaclostridioides	genus
	2.0	Human							0.0	0.0	Yes						Gram-	Aerobe	0.0		0.0				27.0				g__Metamycoplasma.json		d__Bacteria	p__Bacillota_I	c__Bacilli_A	o__Mycoplasmatales	f__Metamycoplasmataceae	g__Metamycoplasma	s__Metamycoplasma hominis					g__Metamycoplasma	genus
	0.0	Human	319939.0		GCF_900111835.1		https://www.biorxiv.org/content/10.1101/691030v1	Literature research	0.0	0.0							Gram-	Aerobe	0.0	0	0.0							ftp://ftp.ncbi.nlm.nih.gov/genomes/all/GCF/900/111/835/GCF_900111835.1_IMG-taxon_2663762781_annotated_assembly	g__Metapseudomonas.json	319939.0	d__Bacteria	p__Pseudomonadota	c__Gammaproteobacteria	o__Pseudomonadales	f__Pseudomonadaceae	g__Metapseudomonas	s__Metapseudomonas otitidis	GCF_000632755.1	0.0	0.0	0.0	g__Metapseudomonas	genus
	0.0	Human	634498.0		GCF_000024185.1	646311943.0	PMID:20203603; PMID:24861948	AGORA 1.03	0.0		Yes	0.0	Host-associated	Mammals	Foregut	Digestive system	Gram-	Obligate anaerobe		Nonmotile		2937203.0	2283.0	958732.0	33.0	2217.0	97.11	https://www.ncbi.nlm.nih.gov/assembly/GCF_000024185.1	g__Methanobrevibacter.json	634498.0	d__Archaea	p__Methanobacteriota	c__Methanobacteria	o__Methanobacteriales	f__Methanobacteriaceae	g__Methanobrevibacter	s__Methanobrevibacter ruminantium					g__Methanobrevibacter	genus
Methanobrevibacter smithii ATCC 35061 (420247.6)	2.0	Human	420247.0	420247.6	GCF_000016525.1		PMID:20203603; PMID:24861948	AGORA 1.03	0.0	0.0							Gram-	Obligate anaerobe	0.0	0	0.0							https://www.ncbi.nlm.nih.gov/assembly/GCF_000016525.1	g__Methanocatella.json	420247.0	d__Archaea	p__Methanobacteriota	c__Methanobacteria	o__Methanobacteriales	f__Methanobacteriaceae	g__Methanocatella	s__Methanocatella smithii		0.0	0.0	0.0	g__Methanocatella	genus
	0.0	Human	1175296.0		GCF_000308215.1	2518645582.0	PMID:20203603; PMID:24861948	AGORA 1.03	0.0		Yes	0.0	Host-associated	Human	Large intestine	Digestive system	Gram-	Anaerobe	0.0	0	0.0	2620233.0	2669.0	1584687.0	60.0	2625.0	98.35	https://www.ncbi.nlm.nih.gov/assembly/GCF_000308215.1	g__Methanomassiliicoccus.json	1175296.0	d__Archaea	p__Thermoplasmatota	c__Thermoplasmata	o__Methanomassiliicoccales	f__Methanomassiliicoccaceae	g__Methanomassiliicoccus	s__Methanomassiliicoccus luminyensis				0.0	g__Methanomassiliicoccus	genus
Methanosphaera stadtmanae DSM 3091 (339860.6)	2.0	Human	339860.0	339860.6	GCF_000012545.1	637000163.0	PMID:20203603; PMID:24861948	AGORA 1.03	0.0		Yes	0.0	Host-associated	Human	Large intestine	Digestive system	Gram-	Anaerobe		Nonmotile	0.0	1767403.0	1592.0	488399.0	28.0	1536.0	96.48	https://www.ncbi.nlm.nih.gov/assembly/GCF_000012545.1	g__Methanosphaera.json	339860.0	d__Archaea	p__Methanobacteriota	c__Methanobacteria	o__Methanobacteriales	f__Methanobacteriaceae	g__Methanosphaera	s__Methanosphaera stadtmanae					g__Methanosphaera	genus
	2.0	Human					PMID:20203603; PMID:24861948	AGORA 1.03	0.0	0.0	Yes	0.0	Host-associated	Plants	Unclassified	Unclassified	Gram-		0.0		0.0								g__Methylobacterium.json		d__Bacteria	p__Pseudomonadota	c__Alphaproteobacteria	o__Rhizobiales	f__Beijerinckiaceae	g__Methylobacterium			0.0		0.0	g__Methylobacterium	genus
		Human							0.0	0.0	Yes	0.0					Gram-	Facultative	0.0	0	0.0								g__Methyloversatilis.json		d__Bacteria	p__Pseudomonadota	c__Gammaproteobacteria	o__Burkholderiales	f__Rhodocyclaceae	g__Methyloversatilis			0.0	0.0		g__Methyloversatilis	genus
	0.0	Human					PMID:20203603; PMID:24861948	AGORA 1.03	0.0	0.0	Yes	0.0			Unclassified		Gram+	Facultative	0.0		0.0								g__Microbacterium.json		d__Bacteria	p__Actinomycetota	c__Actinomycetes	o__Actinomycetales	f__Microbacteriaceae	g__Microbacterium			0.0			g__Microbacterium	genus
	2.0	Human							0.0	0.0	Yes	0.0			Unclassified		Gram+	Obligate aerobe	0.0	Nonmotile	0.0				73.0				g__Micrococcus.json		d__Bacteria	p__Actinomycetota	c__Actinomycetes	o__Actinomycetales	f__Micrococcaceae	g__Micrococcus	s__Micrococcus luteus		0.0			g__Micrococcus	genus
Micromonospora aurantiaca ATCC 27029 (644283.3)	2.0	Human	644283.0	644283.3	GCF_000145235.1	648028042.0	PMID:20203603; PMID:24861948	AGORA 1.03	0.0	0.0	Yes	0.0	Environmental	Terrestrial	Unclassified	Soil	Gram+	Aerobe		0	0.0	7025559.0	6360.0	5116162.0	73.0	6297.0	99.01	ftp://ftp.ncbi.nlm.nih.gov/genomes/all/GCF/000/145/235/GCF_000145235.1_ASM14523v1	g__Micromonospora.json	644283.0	d__Bacteria	p__Actinomycetota	c__Actinomycetes	o__Mycobacteriales	f__Micromonosporaceae	g__Micromonospora	s__Micromonospora aurantiaca		0.0		0.0	g__Micromonospora	genus
	0.0	Human	1033741.0		GCF_001006805.1	2802429303.0	PMID:25567229	Literature research	0.0	0.0	Yes	0.0	0	0	0	0	Gram-	0	0.0	0	0.0	8892715.0	9044.0	5627543.0	63.0	8969.0	99.17	ftp://ftp.ncbi.nlm.nih.gov/genomes/all/GCF/001/006/805/GCF_001006805.1_Microvirga_massiliensis_JC119	g__Microvirga.json	1033741.0	d__Bacteria	p__Pseudomonadota	c__Alphaproteobacteria	o__Rhizobiales	f__Beijerinckiaceae	g__Microvirga	s__Microvirga massiliensis	NZ_LN811350	0.0	0.0	0.0	g__Microvirga	genus
		Human					PMID:20203603; PMID:24861948	AGORA 1.03	0.0	0.0	Yes	0.0	Host-associated			Digestive system	Gram-	Anaerobe	0.0	Nonmotile					58.0				g__Mitsuokella.json		d__Bacteria	p__Bacillota	c__Negativicutes	o__Selenomonadales	f__Selenomonadaceae	g__Mitsuokella				0.0		g__Mitsuokella	genus
	0.0	Human	1522310.0		GCF_000826525.2		PMID:30745586	Literature research									Gram+											ftp.ncbi.nlm.nih.gov/genomes/all/GCF/000/826/525/GCF_000826525.2_Mobilicoccus_massiliensis_SIT2	g__Mobilicoccus.json	1522310.0	d__Bacteria	p__Actinomycetota	c__Actinomycetes	o__Actinomycetales	f__Dermatophilaceae	g__Mobilicoccus	s__Mobilicoccus massiliensis	GCF_000826525.2				g__Mobilicoccus	genus
		Human							0.0	0.0	Yes	0.0	Host-associated			Reproductive system		Anaerobe	0.0										g__Mobiluncus.json		d__Bacteria	p__Actinomycetota	c__Actinomycetes	o__Actinomycetales	f__Actinomycetaceae	g__Mobiluncus						g__Mobiluncus	genus
Mogibacterium sp. CM50 (936375.3)	0.0	Human		936375.3					0.0	0.0	Yes	0.0	Host-associated	Human			Gram+	Anaerobe	0.0	0	0.0				44.0				g__Mogibacterium.json		d__Bacteria	p__Bacillota	c__Clostridia	o__Peptostreptococcales	f__Anaerovoracaceae	g__Mogibacterium	s__Mogibacterium timidum			0.0	0.0	g__Mogibacterium	genus
		Human							0.0	0.0	Yes	0.0					Gram-	Aerobe	0.0		0.0								g__Moraxella.json		d__Bacteria	p__Pseudomonadota	c__Gammaproteobacteria	o__Pseudomonadales	f__Moraxellaceae	g__Moraxella			0.0	0.0	0.0	g__Moraxella	genus
		Human							0.0	0.0	Yes	0.0	Host-associated	Human			Gram-	0	0.0		0.0				51.0				g__Morganella.json		d__Bacteria	p__Pseudomonadota	c__Gammaproteobacteria	o__Enterobacterales	f__Enterobacteriaceae	g__Morganella	s__Morganella morganii		0.0	0.0	0.0	g__Morganella	genus
	0.0	Human	796942.0		GCF_000242235.1	2513237338.0	PMID:31171880	Literature research	0.0	0.0	Yes	0.0	Host-associated	Human	Unclassified	Unclassified	Gram+	Anaerobe	0.0	Nonmotile	0.0	2308581.0	2141.0	1270967.0	55.0	2071.0	96.73	ftp://ftp.ncbi.nlm.nih.gov/genomes/all/GCF/000/242/235/GCF_000242235.1_Lach_bact_ACC2_V1	g__Moryella.json	796942.0	d__Bacteria	p__Bacillota	c__Clostridia	o__Lachnospirales	f__Lachnospiraceae	g__Moryella	s__Moryella longum					g__Moryella	genus
	0.0	Human	1686289.0		GCF_001282665.1		PMID:30745586	Literature research									Gram+											ftp.ncbi.nlm.nih.gov/genomes/all/GCA/001/282/665/GCA_001282665.1_Mediannikovella_massiliensis	g__Mt11.json	1686289.0	d__Bacteria	p__Bacillota	c__Clostridia	o__Tissierellales	f__Tepidimicrobiaceae	g__Mt11	s__Mt11 sp001282665	GCF_001282665.1				g__Mt11	genus
	0.0	Mouse	1379858.0				Personal communication, Dr. Jan Krumsiek	Personal communication									Gram-	Anaerobe										https://www.ncbi.nlm.nih.gov/assembly/GCF_000487995.1/	g__Mucispirillum.json	1379858.0	d__Bacteria	p__Chrysiogenota	c__Deferribacteres	o__Deferribacterales	f__Mucispirillaceae	g__Mucispirillum	s__Mucispirillum schaedleri	GCF_000487995.1				g__Mucispirillum	genus
	0.0	Human					PMID:30745586	Literature research									Gram+												g__Murdochiella.json		d__Bacteria	p__Bacillota	c__Clostridia	o__Tissierellales	f__Peptoniphilaceae	g__Murdochiella						g__Murdochiella	genus
	0.0	Mouse	1796646.0		GCF_001688845.2	2757320696.0	PMID:27670113	Literature research	0.0	0.0	Yes	0.0	Host-associated	Mammals	Unclassified	Unclassified	Gram-	0	0.0	0	0.0	3307069.0	2858.0	1657507.0	50.0	2785.0	97.45	ftp://ftp.ncbi.nlm.nih.gov/genomes/all/GCF/001/688/845/GCF_001688845.2_ASM168884v2	g__Muribaculum.json	1796646.0	d__Bacteria	p__Bacteroidota	c__Bacteroidia	o__Bacteroidales	f__Muribaculaceae	g__Muribaculum	s__Muribaculum intestinale		0.0	0.0	0.0	g__Muribaculum	genus
	0.0	Mouse	1796634.0		GCF_004346165.1	2784746785.0	PMID:27670113	Literature research	0.0	0.0	Yes	0.0	Host-associated	Mammals	Large intestine	Digestive system	Gram+	Anaerobe	0.0	0	0.0	3717384.0	3672.0	1602151.0	43.0	3491.0	95.07	ftp://ftp.ncbi.nlm.nih.gov/genomes/all/GCF/004/346/165/GCF_004346165.1_ASM434616v1	g__Muricomes.json	1796634.0	d__Bacteria	p__Bacillota	c__Clostridia	o__Lachnospirales	f__Lachnospiraceae	g__Muricomes	s__Muricomes intestini	GCF_004346165.1	0.0	0.0	0.0	g__Muricomes	genus
	0.0	Mouse	1337051.0		GCF_902363655.1	2756170274.0	PMID:27670113	Literature research	0.0	0.0	Yes	0.0	Host-associated	Mammals	Large intestine	Digestive system	Gram+	Anaerobe	0.0	0	0.0	5754343.0	4947.0	2615774.0	45.0	4864.0	98.32	ftp://ftp.ncbi.nlm.nih.gov/genomes/all/GCF/902/363/655/GCF_902363655.1_MGYG-HGUT-00135	g__Murimonas.json	1337051.0	d__Bacteria	p__Bacillota	c__Clostridia	o__Lachnospirales	f__Lachnospiraceae	g__Murimonas	s__Murimonas intestini		0.0	0.0	0.0	g__Murimonas	genus
		Human							0.0	0.0	Yes	0.0					Gram+		0.0		0.0								g__Mycobacterium.json		d__Bacteria	p__Actinomycetota	c__Actinomycetes	o__Mycobacteriales	f__Mycobacteriaceae	g__Mycobacterium			0.0	0.0	0.0	g__Mycobacterium	genus
	2.0	Human							0.0	0.0	Yes	0.0			Unclassified		Gram-	Aerobe	0.0		0.0				40.0				g__Mycoplasmoides.json		d__Bacteria	p__Bacillota_I	c__Bacilli_A	o__Mycoplasmatales	f__Mycoplasmoidaceae	g__Mycoplasmoides	s__Mycoplasmoides pneumoniae		0.0	0.0	0.0	g__Mycoplasmoides	genus
	0.0	Human					https://www.biorxiv.org/content/10.1101/691030v1	Literature research	0.0	0.0	Yes	0.0	Environmental		Unclassified		Gram+	Anaerobe	0.0	0	0.0								g__Natranaerovirga.json		d__Bacteria	p__Bacillota	c__Clostridia	o__Lachnospirales	f__DSM-24629	g__Natranaerovirga			0.0	0.0	0.0	g__Natranaerovirga	genus
		Human							0.0	0.0							Gram-	Microaerophile	0.0		0.0								g__Neisseria.json		d__Bacteria	p__Pseudomonadota	c__Gammaproteobacteria	o__Burkholderiales	f__Neisseriaceae	g__Neisseria			0.0	0.0	0.0	g__Neisseria	genus
	0.0	Human				2617271261.0		Literature research	0.0	0.0	Yes	0.0	Host-associated	Human	Unclassified	Unclassified	Gram+	0	0.0	0	0.0	4309569.0	4159.0	1721935.0	40.0	3997.0	96.1		g__Neobacillus.json		d__Bacteria	p__Bacillota	c__Bacilli	o__Bacillales	f__Cytobacillaceae	g__Neobacillus			0.0	0.0	0.0	g__Neobacillus	genus
	0.0	Human	1673724.0		GCF_001299475.1		PMID:30745586	Literature research									Gram+											ftp://ftp.ncbi.nlm.nih.gov/genomes/all/GCF/001/299/475/GCF_001299475.1_Neofamilia_massiliensis	g__Neofamilia.json	1673724.0	d__Bacteria	p__Bacillota	c__Clostridia	o__Tissierellales	f__Peptoniphilaceae	g__Neofamilia	s__Neofamilia massiliensis	GCF_001299475.1				g__Neofamilia	genus
	0.0	Human	1232429.0		GCF_000455245.1	2602041911.0	PMID:25567229	Literature research	0.0	0.0	Yes	0.0	Host-associated	Human	Intestine	Digestive system	Gram+	Aerobe	0.0	0		2641000.0	2587.0	1661132.0	63.0	2531.0	97.84	ftp://ftp.ncbi.nlm.nih.gov/genomes/all/GCF/000/455/245/GCF_000455245.1_Nm_NP1	g__Nesterenkonia.json	1232429.0	d__Bacteria	p__Actinomycetota	c__Actinomycetes	o__Actinomycetales	f__Micrococcaceae	g__Nesterenkonia	s__Nesterenkonia rhizosphaerae	NZ_HG005165		0.0	0.0	g__Nesterenkonia	genus
	0.0	Human	1122603.0		GCF_000420645.1	2523231050.0	PMID:20203603; PMID:24861948	AGORA 1.03	0.0	0.0	Yes	0.0	Environmental	Aquatic	Wetlands	Freshwater	Gram-	Aerobe	0.0	0	0.0	4515285.0	4071.0	2908683.0	64.0	4011.0	98.53	ftp://ftp.ncbi.nlm.nih.gov/genomes/all/GCF/000/420/645/GCF_000420645.1_ASM42064v1	g__Nevskia.json	1122603.0	d__Bacteria	p__Pseudomonadota	c__Gammaproteobacteria	o__Nevskiales	f__Nevskiaceae	g__Nevskia	s__Nevskia ramosa		0.0			g__Nevskia	genus
Bacillus nealsonii AAU1 (1202533.3)	2.0	Human	1202533.0	1202533.3	GCF_000401235.1	2541047554.0	PMID:20203603; PMID:24861948	AGORA 1.03	0.0	0.0	Yes	0.0	Host-associated	Mammals	Foregut	Digestive system	Gram+	Facultative anaerobe	0.0	0	0.0	4978389.0	4864.0	1747477.0	35.0	4789.0	98.46	ftp://ftp.ncbi.nlm.nih.gov/genomes/all/GCF/000/401/235/GCF_000401235.1_BacNeaAAU1	g__Niallia.json	1202533.0	d__Bacteria	p__Bacillota	c__Bacilli	o__Bacillales	f__Cytobacillaceae	g__Niallia	s__Niallia alba	GCF_000161435.1	0.0	0.0	0.0	g__Niallia	genus
	0.0	Human	1237085.0		GCF_000303155.1		PMID:20203603; PMID:24861948	AGORA 1.03	0.0	0.0							Gram-	Aerobe	0.0	0	0.0							https://www.ncbi.nlm.nih.gov/assembly/GCF_000303155.1/	g__Nitrososphaera.json	1237085.0	d__Archaea	p__Thermoproteota	c__Nitrososphaeria	o__Nitrososphaerales	f__Nitrososphaeraceae	g__Nitrososphaera	s__Nitrososphaera gargensis	GCF_000167395.1	0.0	0.0	0.0	g__Nitrososphaera	genus
	0.0	Human	1325935.0		GCF_900067705.1		PMID:25567229	Literature research									Gram+	Obligate aerobe										ftp://ftp.ncbi.nlm.nih.gov/genomes/all/GCA/900/067/705/GCA_900067705.1_Nocardioides_massiliensis_str._GD13	g__Nocardioides_A.json	1325935.0	d__Bacteria	p__Actinomycetota	c__Actinomycetes	o__Propionibacteriales	f__Nocardioidaceae	g__Nocardioides_A	s__Nocardioides_A massiliensis					g__Nocardioides_A	genus
	0.0	Human	1232430.0		GCF_000438455.1	2600255096.0	PMID:25567229	Literature research	0.0	0.0	Yes	0.0	Host-associated	Human	Unclassified	Digestive system	Gram+	Aerobe	0.0	0	0.0	1509734.0	1684.0	551555.0	37.0	1633.0	96.97	ftp://ftp.ncbi.nlm.nih.gov/genomes/all/GCF/000/438/455/GCF_000438455.1_Nosocomiicoccus_NP2_v1	g__Nosocomiicoccus.json	1232430.0	d__Bacteria	p__Bacillota	c__Bacilli	o__Staphylococcales	f__Salinicoccaceae	g__Nosocomiicoccus	s__Nosocomiicoccus ampullae_A	NZ_CAVG010000001	0.0	0.0	0.0	g__Nosocomiicoccus	genus
	0.0	Human	1095769.0		GCF_000312045.1		PMID:25567229	Literature research									Gram-											ftp://ftp.ncbi.nlm.nih.gov/genomes/all/GCF/000/312/045/GCF_000312045.1_ASM31204v1	g__Noviherbaspirillum.json	1095769.0	d__Bacteria	p__Pseudomonadota	c__Gammaproteobacteria	o__Burkholderiales	f__Burkholderiaceae_D	g__Noviherbaspirillum	s__Noviherbaspirillum massiliense					g__Noviherbaspirillum	genus
Novosphingobium aromaticivorans DSM 12444 (279238.18)	1.0	Human	279238.0	279238.18	GCF_000013325.1	640427126.0	https://www.biorxiv.org/content/10.1101/691030v1	Literature research	0.0	0.0	Yes		Environmental	Aquatic	Unclassified	Sediment	Gram-	Obligate aerobe		Nonmotile	0.0	4233314.0	4038.0	2756420.0	65.0	3957.0	97.99	ftp://ftp.ncbi.nlm.nih.gov/genomes/all/GCF/000/013/325/GCF_000013325.1_ASM1332v1	g__Novosphingobium.json	279238.0	d__Bacteria	p__Pseudomonadota	c__Alphaproteobacteria	o__Sphingomonadales	f__Sphingomonadaceae	g__Novosphingobium	s__Novosphingobium aromaticivorans		0.0			g__Novosphingobium	genus
	0.0	Human	1522315.0		GCF_001375555.1	2671180477.0	PMID:25567229	Literature research	0.0	0.0	Yes	0.0	Host-associated	Human	Large intestine	Digestive system	Gram+	Aerobe	0.0	Nonmotile	0.0	3754846.0	3515.0	1912729.0	51.0	3440.0	97.87	ftp://ftp.ncbi.nlm.nih.gov/genomes/all/GCF/001/375/555/GCF_001375555.1_Numidum_massiliensis	g__Numidum.json	1522315.0	d__Bacteria	p__Bacillota	c__Bacilli	o__Thermoactinomycetales	f__Novibacillaceae	g__Numidum	s__Numidum massiliense	NZ_CTDZ01000001	0.0	0.0		g__Numidum	genus
	0.0							Literature research	0.0	0.0	Yes	0.0					Gram+	Aerobe	0.0		0.0								g__Oceanobacillus.json		d__Bacteria	p__Bacillota	c__Bacilli	o__Bacillales	f__Amphibacillaceae	g__Oceanobacillus			0.0	0.0	0.0	g__Oceanobacillus	genus
Odoribacter splanchnicus DSM 20712 (709991.3)	2.0	Human	709991.0	709991.3	GCF_000190535.1	649633078.0	PMID:20203603; PMID:24861948	AGORA 1.03	0.0	0.0	Yes	0.0	Host-associated	Human	Unclassified	Skin	Gram-	Anaerobe		Nonmotile	0.0	4392288.0	3746.0	1904432.0	43.0	3672.0	98.02	ftp://ftp.ncbi.nlm.nih.gov/genomes/all/GCF/000/190/535/GCF_000190535.1_ASM19053v1	g__Odoribacter.json	709991.0	d__Bacteria	p__Bacteroidota	c__Bacteroidia	o__Bacteroidales	f__Marinifilaceae	g__Odoribacter	s__Odoribacter splanchnicus					g__Odoribacter	genus
	0.0	Human	1776381.0		GCF_900078545.1		PMID:30745586	Literature research									Gram+											ftp.ncbi.nlm.nih.gov/genomes/all/GCF/900/078/545/GCF_900078545.1_PRJEB13207	g__Olegusella.json	1776381.0	d__Bacteria	p__Actinomycetota	c__Coriobacteriia	o__Coriobacteriales	f__Atopobiaceae	g__Olegusella	s__Olegusella massiliensis	GCF_900078545.1				g__Olegusella	genus
Desulfovibrio desulfuricans subsp. desulfuricans str. G20 (207559.7)	2.0	Human	207559.0	207559.7	GCF_000012665.1	637000095.0	Strains of species found in the human gut (PMID:24861948) present in PubSEED	Initial strain selection	0.0	0.0	Yes	0.0	Environmental	Terrestrial	Unclassified	Oil reservoir	Gram-	Anaerobe		Motile	0.0	3730232.0	3873.0	2157422.0	58.0	3783.0	97.68	ftp://ftp.ncbi.nlm.nih.gov/genomes/all/GCF/000/012/665/GCF_000012665.1_ASM1266v1	g__Oleidesulfovibrio.json	207559.0	d__Bacteria	p__Desulfobacterota	c__Desulfovibrionia	o__Desulfovibrionales	f__Desulfovibrionaceae	g__Oleidesulfovibrio	s__Oleidesulfovibrio alaskensis	GCF_000022125.1	0.0	0.0		g__Oleidesulfovibrio	genus
		Human					https://www.biorxiv.org/content/10.1101/691030v1	Literature research	0.0	0.0	Yes	0.0					Gram-	Aerobe	0.0		0.0				46.0				g__Oligella.json		d__Bacteria	p__Pseudomonadota	c__Gammaproteobacteria	o__Burkholderiales	f__Burkholderiaceae_B	g__Oligella	s__Oligella urethralis		0.0	0.0	0.0	g__Oligella	genus
	0.0	Human				2558860424.0			0.0	0.0	Yes	0.0	Host-associated	Human	Oral	Digestive system	Gram+	Anaerobe	0.0	0	0.0	2724935.0	2704.0	1748646.0	64.0	2650.0	98.0		g__Olsenella_F.json		d__Bacteria	p__Actinomycetota	c__Coriobacteriia	o__Coriobacteriales	f__Atopobiaceae	g__Olsenella_F					0.0	g__Olsenella_F	genus
		Human							0.0	0.0	Yes	0.0	Host-associated	Human	Oral	Digestive system	Gram+	Anaerobe	0.0	0	0.0								g__Oribacterium.json		d__Bacteria	p__Bacillota	c__Clostridia	o__Lachnospirales	f__Lachnospiraceae	g__Oribacterium						g__Oribacterium	genus
Oscillibacter ruminantium GH1 (1007096.3)				1007096.3					0.0	0.0	Yes	0.0					Gram+	Anaerobe	0.0	0	0.0								g__Oscillibacter.json		d__Bacteria	p__Bacillota	c__Clostridia	o__Oscillospirales	f__Oscillospiraceae	g__Oscillibacter			0.0	0.0	0.0	g__Oscillibacter	genus
		Human							0.0	0.0	Yes	0.0	Host-associated	Human		Digestive system	Gram+	Obligate anaerobe	0.0	Motile	0.0								g__Otoolea.json		d__Bacteria	p__Bacillota	c__Clostridia	o__Lachnospirales	f__Lachnospiraceae	g__Otoolea					0.0	g__Otoolea	genus
	2.0	Human					PMID:20203603; PMID:24861948	AGORA 1.03	0.0	0.0	Yes	0.0	Host-associated	Human	Large intestine	Digestive system	Gram-	Anaerobe		0	0.0								g__Oxalobacter.json		d__Bacteria	p__Pseudomonadota	c__Gammaproteobacteria	o__Burkholderiales	f__Burkholderiaceae_D	g__Oxalobacter						g__Oxalobacter	genus
	0.0	Human	996640.0		GCF_000307675.1	2551306396.0	PMID:31275260	Literature research	0.0	0.0	Yes	0.0	Host-associated	Insecta	Unclassified	Unclassified	Gram+	Facultative anaerobe	0.0	0	0.0	5691441.0	5343.0	2591171.0	46.0	5122.0	95.86	ftp://ftp.ncbi.nlm.nih.gov/genomes/all/GCF/000/307/675/GCF_000307675.1_PaenICGEB1.0	g__Paenibacillus.json	996640.0	d__Bacteria	p__Bacillota	c__Bacilli	o__Paenibacillales	f__Paenibacillaceae	g__Paenibacillus	s__Paenibacillus polymyxa	GCF_000307675.1	0.0	0.0	0.0	g__Paenibacillus	genus
		Human							0.0	0.0							Gram+	Facultative anaerobe	0.0	0	0.0								g__Paenibacillus_AQ.json		d__Bacteria	p__Bacillota	c__Bacilli	o__Paenibacillales	f__Paenibacillaceae	g__Paenibacillus_AQ			0.0	0.0	0.0	g__Paenibacillus_AQ	genus
Paenibacillus alvei DSM 29 (1206781.3)	2.0	Human	1206781.0	1206781.3	GCF_000293805.1	2827179085.0	PMID:20203603; PMID:24861948	AGORA 1.03	0.0	0.0	Yes	0.0	Host-associated	Insecta	Unclassified	Unclassified	Gram+	Facultative anaerobe	0.0	Motile	0.0	7115484.0	7637.0	3247631.0	46.0	7453.0	97.59	ftp://ftp.ncbi.nlm.nih.gov/genomes/all/GCF/000/293/805/GCF_000293805.1_ASM29380v1	g__Paenibacillus_B.json	1206781.0	d__Bacteria	p__Bacillota	c__Bacilli	o__Paenibacillales	f__Paenibacillaceae	g__Paenibacillus_B	s__Paenibacillus_B alvei	GCF_002128345.1	0.0		0.0	g__Paenibacillus_B	genus
Paenibacillus daejeonensis DSM 15491 (1122917.3)	2.0	Human	1122917.0	1122917.3	GCF_000378385.1	2519103188.0	PMID:20203603; PMID:24861948	AGORA 1.03	0.0	0.0	Yes	0.0	Environmental	Terrestrial	Unclassified	Soil	Gram+	Facultative anaerobe	0.0	Motile	0.0	7465935.0	6576.0	3973305.0	53.0	6472.0	98.42	ftp://ftp.ncbi.nlm.nih.gov/genomes/all/GCF/000/378/385/GCF_000378385.1_ASM37838v1	g__Paenibacillus_D.json	1122917.0	d__Bacteria	p__Bacillota	c__Bacilli	o__Paenibacillales	f__Paenibacillaceae	g__Paenibacillus_D	s__Paenibacillus_D daejeonensis		0.0			g__Paenibacillus_D	genus
	1.0	Human					PMID:31275260	Literature research	0.0	0.0	Yes	0.0	Host-associated		Unclassified	Unclassified	Gram+	Facultative anaerobe	0.0	0	0.0				53.0				g__Paenibacillus_F.json		d__Bacteria	p__Bacillota	c__Bacilli	o__Paenibacillales	f__NBRC-103111	g__Paenibacillus_F	s__Paenibacillus_F sp000411255					g__Paenibacillus_F	genus
	0.0	Human	1033743.0		GCF_000285515.1	2547132139.0	PMID:25567229	Literature research	0.0	0.0	Yes	0.0	Host-associated	Human	Large intestine	Digestive system	Gram+	Facultative anaerobe	0.0	Motile		5494234.0	5134.0	2648430.0	48.0	5040.0	98.17	ftp://ftp.ncbi.nlm.nih.gov/genomes/all/GCF/000/285/515/GCF_000285515.1_ASM28551v1	g__Paenibacillus_L.json	1033743.0	d__Bacteria	p__Bacillota	c__Bacilli	o__Paenibacillales	f__NBRC-103111	g__Paenibacillus_L	s__Paenibacillus_L senegalensis	NZ_HE610958				g__Paenibacillus_L	genus
	1.0	Human					PMID:31275260	Literature research	0.0	0.0	Yes	0.0		Unclassified	Unclassified	Unclassified	Gram+	Aerobe	0.0	0	0.0								g__Paenisporosarcina.json		d__Bacteria	p__Bacillota	c__Bacilli	o__Bacillales_A	f__Planococcaceae	g__Paenisporosarcina				0.0	0.0	g__Paenisporosarcina	genus
Paludibacter propionicigenes WB4 (694427.4)	1.0	Mouse	694427.0	694427.4	GCF_000183135.1	649633080.0	Personal communication, Dr. Jan Krumsiek	Personal communication	0.0	0.0	Yes	0.0	Environmental	Terrestrial	Unclassified	Agricultural field	Gram-	Obligate anaerobe	0.0	Nonmotile	0.0	3685504.0	3118.0	1432064.0	39.0	3054.0	97.95	ftp://ftp.ncbi.nlm.nih.gov/genomes/all/GCF/000/183/135/GCF_000183135.1_ASM18313v1	g__Paludibacter.json	694427.0	d__Bacteria	p__Bacteroidota	c__Bacteroidia	o__Bacteroidales	f__Paludibacteraceae	g__Paludibacter	s__Paludibacter propionicigenes		0.0			g__Paludibacter	genus
	1.0	Human							0.0	0.0	Yes	0.0					Gram-	0	0.0	0	0.0								g__Pantoea.json		d__Bacteria	p__Pseudomonadota	c__Gammaproteobacteria	o__Enterobacterales	f__Enterobacteriaceae	g__Pantoea			0.0	0.0	0.0	g__Pantoea	genus
	0.0	Mouse	1122930.0		GCF_900176335.1	2588254267.0	Personal communication, Dr. Jan Krumsiek	Personal communication	0.0	0.0	Yes	0.0	Engineered	Biotransformation	Unclassified	Unclassified	Gram+	Anaerobe	0.0	Nonmotile	0.0	2890610.0	2751.0	1612529.0	56.0	2679.0	97.38	ftp://ftp.ncbi.nlm.nih.gov/genomes/all/GCF/900/176/335/GCF_900176335.1_IMG-taxon_2588254267_annotated_assembly	g__Papillibacter.json	1122930.0	d__Bacteria	p__Bacillota	c__Clostridia	o__Oscillospirales	f__Oscillospiraceae	g__Papillibacter	s__Papillibacter cinnamivorans		0.0			g__Papillibacter	genus
									0.0	0.0	Yes	0.0					Gram-		0.0										g__Parabacteroides.json		d__Bacteria	p__Bacteroidota	c__Bacteroidia	o__Bacteroidales	f__Tannerellaceae	g__Parabacteroides					0.0	g__Parabacteroides	genus
	0.0	Mouse	458836.0		GCF_900104005.1	2654588104.0	Personal communication, Dr. Jan Krumsiek	Personal communication	0.0	0.0	Yes	0.0	0	0	0	0	Gram-	0	0.0	0	0.0	7311602.0	6738.0	4650664.0	64.0	6658.0	98.81	ftp://ftp.ncbi.nlm.nih.gov/genomes/all/GCF/900/104/005/GCF_900104005.1_IMG-taxon_2654588104_annotated_assembly	g__Paraburkholderia.json	458836.0	d__Bacteria	p__Pseudomonadota	c__Gammaproteobacteria	o__Burkholderiales	f__Burkholderiaceae	g__Paraburkholderia	s__Paraburkholderia domus	NZ_FNIU01000114	0.0	0.0	0.0	g__Paraburkholderia	genus
	0.0	Human							0.0	0.0	Yes	0.0					Gram+		0.0		0.0								g__Paraclostridium.json		d__Bacteria	p__Bacillota	c__Clostridia	o__Peptostreptococcales	f__Peptostreptococcaceae	g__Paraclostridium			0.0	0.0	0.0	g__Paraclostridium	genus
	0.0	Human	1446473.0		GCF_000622145.1	2558309104.0	PMID:20203603; PMID:24861948	AGORA 1.03	0.0	0.0	Yes	0.0	Host-associated	Human	Unclassified	Unclassified	Gram-	0	0.0	0	0.0	4428895.0	4280.0	2987448.0	67.0	4216.0	98.5	ftp://ftp.ncbi.nlm.nih.gov/genomes/all/GCF/000/622/145/GCF_000622145.1_ASM62214v1	g__Paracoccus.json	1446473.0	d__Bacteria	p__Pseudomonadota	c__Alphaproteobacteria	o__Rhodobacterales	f__Rhodobacteraceae	g__Paracoccus	s__Paracoccus yeei		0.0		0.0	g__Paracoccus	genus
	0.0	Mouse	230658.0		GCF_003340345.1		Personal communication, Dr. Jan Krumsiek	Personal communication	0.0	0.0							Gram+	0	0.0	0	0.0							ftp://ftp.ncbi.nlm.nih.gov/genomes/all/GCF/003/340/345/GCF_003340345.1_ASM334034v1	g__Paraeggerthella.json	230658.0	d__Bacteria	p__Actinomycetota	c__Coriobacteriia	o__Coriobacteriales	f__Eggerthellaceae	g__Paraeggerthella	s__Paraeggerthella hominis		0.0	0.0	0.0	g__Paraeggerthella	genus
	0.0	Human	332977.0		GCF_900109365.1	2671180226.0	PMID:31275260	Literature research	0.0	0.0	Yes	0.0	Environmental	Terrestrial	Unclassified	Soil	Gram-	0	0.0	0	0.0	5547756.0	4879.0	2676005.0	48.0	4830.0	99.0	ftp://ftp.ncbi.nlm.nih.gov/genomes/all/GCF/900/109/365/GCF_900109365.1_IMG-taxon_2671180226_annotated_assembly	g__Parapedobacter.json	332977.0	d__Bacteria	p__Bacteroidota	c__Bacteroidia	o__Sphingobacteriales	f__Sphingobacteriaceae	g__Parapedobacter	s__Parapedobacter koreensis	GCF_900109365.1	0.0	0.0	0.0	g__Parapedobacter	genus
	2.0	Human					PMID:20203603; PMID:24861948	AGORA 1.03	0.0	0.0	Yes	0.0	Host-associated	Human	Large intestine	Digestive system	Gram-	Anaerobe	0.0	0									g__Paraprevotella.json		d__Bacteria	p__Bacteroidota	c__Bacteroidia	o__Bacteroidales	f__Bacteroidaceae	g__Paraprevotella						g__Paraprevotella	genus
Rhizobium giardinii bv. giardinii H152 (1041139.4)	1.0	Human	1041139.0	1041139.4	GCF_000379605.1	2513237159.0	https://www.biorxiv.org/content/10.1101/691030v1	Literature research	0.0	0.0	Yes	0.0	Host-associated	Plants	Unclassified	Rhizoplane	Gram-	Aerobe		Motile	0.0	6810126.0	6691.0	4130984.0	61.0	6618.0	98.91	ftp://ftp.ncbi.nlm.nih.gov/genomes/all/GCF/000/379/605/GCF_000379605.1_ASM37960v1	g__Pararhizobium.json	1041139.0	d__Bacteria	p__Pseudomonadota	c__Alphaproteobacteria	o__Rhizobiales	f__Rhizobiaceae	g__Pararhizobium	s__Pararhizobium giardinii	GCF_000379605.1				g__Pararhizobium	genus
	0.0	Mouse	1122934.0		GCF_900141895.1	2585427596.0	Personal communication, Dr. Jan Krumsiek	Personal communication	0.0	0.0	Yes	0.0	Environmental	Aquatic	Unclassified	Sediment	Gram+	Anaerobe	0.0	Nonmotile	0.0	2443757.0	2445.0	1078378.0	44.0	2367.0	96.81	ftp://ftp.ncbi.nlm.nih.gov/genomes/all/GCF/900/141/895/GCF_900141895.1_IMG-taxon_2585427596_annotated_assembly	g__Parasporobacterium.json	1122934.0	d__Bacteria	p__Bacillota	c__Clostridia	o__Lachnospirales	f__Lachnospiraceae	g__Parasporobacterium	s__Parasporobacterium paucivorans		0.0			g__Parasporobacterium	genus
	2.0	Human					PMID:20203603; PMID:24861948	AGORA 1.03	0.0	0.0	Yes	0.0	Host-associated	Human	Large intestine	Digestive system	Gram-		0.0		0.0								g__Parasutterella.json		d__Bacteria	p__Pseudomonadota	c__Gammaproteobacteria	o__Burkholderiales	f__Burkholderiaceae_F	g__Parasutterella	s__Parasutterella excrementihominis					g__Parasutterella	genus
	0.0	Human	747645.0			2831651148.0	https://www.biorxiv.org/content/10.1101/691030v1	Literature research	0.0	0.0	Yes	0.0	0	0	0	0	Gram+	0	0.0	0	0.0	2479984.0	2066.0	1549139.0	62.0	2003.0	96.95		g__Parvibacter.json	747645.0	d__Bacteria	p__Actinomycetota	c__Coriobacteriia	o__Coriobacteriales	f__Eggerthellaceae	g__Parvibacter	s__Parvibacter caecicola		0.0	0.0	0.0	g__Parvibacter	genus
		Human							0.0	0.0	Yes		Host-associated	Human			Gram+	Anaerobe	0.0	0	0.0								g__Parvimonas.json		d__Bacteria	p__Bacillota	c__Clostridia	o__Tissierellales	f__Peptoniphilaceae	g__Parvimonas						g__Parvimonas	genus
	0.0	Human					https://www.biorxiv.org/content/10.1101/691030v1	Literature research	0.0	0.0	Yes	0.0	0	0	0	0	Gram+	Aerobe	0.0	0	0.0								g__Paucilactobacillus.json		d__Bacteria	p__Bacillota	c__Bacilli	o__Lactobacillales	f__Lactobacillaceae	g__Paucilactobacillus			0.0	0.0	0.0	g__Paucilactobacillus	genus
		Human							0.0	0.0	Yes	0.0	Host-associated	Human			Gram+		0.0		0.0								g__Pauljensenia.json		d__Bacteria	p__Actinomycetota	c__Actinomycetes	o__Actinomycetales	f__Actinomycetaceae	g__Pauljensenia						g__Pauljensenia	genus
		Human							0.0	0.0	Yes	0.0					Gram+	Facultative anaerobe	0.0		0.0								g__Pediococcus.json		d__Bacteria	p__Bacillota	c__Bacilli	o__Lactobacillales	f__Lactobacillaceae	g__Pediococcus						g__Pediococcus	genus
	0.0	Human	304.0		GCF_004342485.1	2802428851.0	https://www.biorxiv.org/content/10.1101/691030v1	Literature research	0.0	0.0	Yes	0.0	Environmental	Aquatic	Unclassified	Unclassified	Gram-	0	0.0	0	0.0	5771016.0	5337.0	3978310.0	69.0	5260.0	98.56	ftp://ftp.ncbi.nlm.nih.gov/genomes/all/GCF/004/342/485/GCF_004342485.1_ASM434248v1	g__Pelomonas.json	304.0	d__Bacteria	p__Pseudomonadota	c__Gammaproteobacteria	o__Burkholderiales	f__Burkholderiaceae_C	g__Pelomonas	s__Pelomonas saccharophila	GCF_004342485.1	0.0		0.0	g__Pelomonas	genus
Clostridium hiranonis DSM 13275 (500633.7)	2.0	Human	500633.0	500633.7	GCF_000156055.1	642979371.0	PMID:20203603; PMID:24861948	AGORA 1.03	0.0	0.0	Yes	0.0	Host-associated	Human	Large intestine	Digestive system	Gram+	Anaerobe	0.0	Motile	0.0	2423348.0	2302.0	751614.0	31.0	2271.0	98.65	ftp://ftp.ncbi.nlm.nih.gov/genomes/all/GCF/000/156/055/GCF_000156055.1_ASM15605v1	g__Peptacetobacter.json	500633.0	d__Bacteria	p__Bacillota	c__Clostridia	o__Peptostreptococcales	f__Peptostreptococcaceae	g__Peptacetobacter	s__Peptacetobacter hiranonis	GCF_000235505.1				g__Peptacetobacter	genus
		Human					PMID:31275260	Literature research	0.0	0.0	Yes	0.0					Gram+	Anaerobe	0.0	0	0.0				32.0				g__Peptoanaerobacter.json		d__Bacteria	p__Bacillota	c__Clostridia	o__Peptostreptococcales	f__Filifactoraceae	g__Peptoanaerobacter			0.0			g__Peptoanaerobacter	genus
Peptoniphilus indolicus ATCC 29427 (997350.3)	2.0	Human	997350.0	997350.3	GCF_000227315.1	2513237301.0	PMID:20203603; PMID:24861948	AGORA 1.03	0.0	0.0	Yes	0.0	Host-associated	Mammals	Unclassified	Unclassified	Gram+	Anaerobe	0.0	0	0.0	2101630.0	2302.0	665986.0	32.0	2269.0	98.57	ftp://ftp.ncbi.nlm.nih.gov/genomes/all/GCF/000/227/315/GCF_000227315.1_ASM22731v1	g__Peptoniphilus.json	997350.0	d__Bacteria	p__Bacillota	c__Clostridia	o__Tissierellales	f__Peptoniphilaceae	g__Peptoniphilus	s__Peptoniphilus indolicus				0.0	g__Peptoniphilus	genus
		Human							0.0	0.0							Gram+		0.0		0.0								g__Peptoniphilus_A.json		d__Bacteria	p__Bacillota	c__Clostridia	o__Tissierellales	f__Peptoniphilaceae	g__Peptoniphilus_A			0.0	0.0	0.0	g__Peptoniphilus_A	genus
Peptoniphilus duerdenii ATCC BAA-1640 (862517.3)	1.0	Human	862517.0	862517.3	GCF_000146345.1	648276710.0	PMID:31171880	Literature research	0.0	0.0	Yes	0.0	Host-associated	Human	Vagina	Reproductive system	Gram+	Anaerobe	0.0	0		2081526.0	2017.0	712641.0	34.0	1988.0	98.56	ftp://ftp.ncbi.nlm.nih.gov/genomes/all/GCF/000/146/345/GCF_000146345.1_ASM14634v1	g__Peptoniphilus_B.json	862517.0	d__Bacteria	p__Bacillota	c__Clostridia	o__Tissierellales	f__Peptoniphilaceae	g__Peptoniphilus_B	s__Peptoniphilus_B duerdenii					g__Peptoniphilus_B	genus
	0.0	Human	1118062.0		GCF_000311865.1	2547132194.0	PMID:25567229	Literature research	0.0	0.0	Yes	0.0	Host-associated	Human	Large intestine	Digestive system	Gram+	Anaerobe	0.0	Nonmotile	0.0	1747868.0	1717.0	526907.0	30.0	1680.0	97.85	ftp://ftp.ncbi.nlm.nih.gov/genomes/all/GCF/000/311/865/GCF_000311865.1_ASM31186v1	g__Peptoniphilus_E.json	1118062.0	d__Bacteria	p__Bacillota	c__Clostridia	o__Tissierellales	f__Peptoniphilaceae	g__Peptoniphilus_E	s__Peptoniphilus_E obesi	NZ_HE978580		0.0		g__Peptoniphilus_E	genus
		Human							0.0	0.0	Yes	0.0					Gram+		0.0	0	0.0								g__Peptostreptococcus.json		d__Bacteria	p__Bacillota	c__Clostridia	o__Peptostreptococcales	f__Peptostreptococcaceae	g__Peptostreptococcus						g__Peptostreptococcus	genus
	0.0	Human	1478.0				PMID:30718869	Forster et al. resource	0.0	0.0							Gram+	Aerobe	0.0	0	0.0							ftp.sra.ebi.ac.uk/vol1/fastq/ERR222/003/ERR2221243/ERR2221243_1.fastq.gz;ftp.sra.ebi.ac.uk/vol1/fastq/ERR222/003/ERR2221243/ERR2221243_2.fastq.gz	g__Peribacillus.json	1478.0	d__Bacteria	p__Bacillota	c__Bacilli	o__Bacillales	f__DSM-1321	g__Peribacillus	s__Peribacillus simplex_D	GCF_000017885.4	0.0	0.0	0.0	g__Peribacillus	genus
Eubacterium sp. 14-2 (1235790.3)	1.0	Human	1235790.0	1235790.3	GCF_000403845.2	2563367179.0	PMID:31275260	Literature research	0.0	0.0	Yes	0.0	0	0	0	0	Gram+	Obligate anaerobe	0.0	0	0.0	3980063.0	3842.0	1794768.0	45.0	3778.0	98.33	ftp://ftp.ncbi.nlm.nih.gov/genomes/all/GCF/000/403/845/GCF_000403845.2_Euba_bact_14-2_V1	g__Petralouisia.json	1235790.0	d__Bacteria	p__Bacillota	c__Clostridia	o__Lachnospirales	f__Lachnospiraceae	g__Petralouisia	s__Petralouisia sp000403845	GCF_000403845.2	0.0	0.0	0.0	g__Petralouisia	genus
	0.0	Human	1122957.0		GCF_003269275.1	2756170237.0	PMID:31477907	Literature research	0.0	0.0	Yes	0.0	Host-associated	Animal	Intestine	Digestive system	Gram-	Anaerobe	0.0	0	0.0	2317131.0	2248.0	1013369.0	44.0	2176.0	96.8	ftp://ftp.ncbi.nlm.nih.gov/genomes/all/GCF/003/269/275/GCF_003269275.1_ASM326927v1	g__Phascolarctobacterium.json	1122957.0	d__Bacteria	p__Bacillota	c__Negativicutes	o__Acidaminococcales	f__Acidaminococcaceae	g__Phascolarctobacterium	s__Phascolarctobacterium faecium		0.0			g__Phascolarctobacterium	genus
Phascolarctobacterium sp. YIT 12067 (626939.3)	2.0	Human	626939.0	626939.3	GCF_000188175.1	649989983.0	PMID:20203603; PMID:24861948	AGORA 1.03	0.0	0.0	Yes	0.0	Host-associated	Human	Large intestine	Digestive system	Gram-	Anaerobe	0.0	0		2122261.0	2202.0	1011138.0	48.0	2150.0	97.64	ftp://ftp.ncbi.nlm.nih.gov/genomes/all/GCF/000/188/175/GCF_000188175.1_ASM18817v1	g__Phascolarctobacterium_A.json	626939.0	d__Bacteria	p__Bacillota	c__Negativicutes	o__Acidaminococcales	f__Acidaminococcaceae	g__Phascolarctobacterium_A	s__Phascolarctobacterium_A succinatutens				0.0	g__Phascolarctobacterium_A	genus
									0.0	0.0	Yes	0.0					Gram-		0.0		0.0								g__Phocaeicola.json		d__Bacteria	p__Bacteroidota	c__Bacteroidia	o__Bacteroidales	f__Bacteroidaceae	g__Phocaeicola			0.0			g__Phocaeicola	genus
		Human							0.0	0.0	Yes	0.0			Unclassified		Gram-		0.0		0.0								g__Photobacterium.json		d__Bacteria	p__Pseudomonadota	c__Gammaproteobacteria	o__Enterobacterales	f__Vibrionaceae	g__Photobacterium			0.0			g__Photobacterium	genus
	0.0	Human					https://www.biorxiv.org/content/10.1101/691030v1	Literature research	0.0	0.0							Gram-	0	0.0	0	0.0								g__Photorhabdus.json		d__Bacteria	p__Pseudomonadota	c__Gammaproteobacteria	o__Enterobacterales	f__Enterobacteriaceae	g__Photorhabdus	s__Photorhabdus akhurstii		0.0	0.0	0.0	g__Photorhabdus	genus
	0.0	Human	1095768.0		GCF_000321045.1		PMID:25567229	Literature research									Gram-											ftp://ftp.ncbi.nlm.nih.gov/genomes/all/GCF/000/321/045/GCF_000321045.1_ASM32104v2	g__Phytobacter_A.json	1095768.0	d__Bacteria	p__Pseudomonadota	c__Gammaproteobacteria	o__Enterobacterales	f__Enterobacteriaceae	g__Phytobacter_A	s__Phytobacter_A massiliensis			0.0		g__Phytobacter_A	genus
	0.0	Human	1499687.0		GCF_000821325.1		PMID:30745586	Literature research									Gram+											ftp.ncbi.nlm.nih.gov/genomes/all/GCF/000/821/325/GCF_000821325.1_PRJEB6479_assembly_1	g__Planococcus.json	1499687.0	d__Bacteria	p__Bacillota	c__Bacilli	o__Bacillales_A	f__Planococcaceae	g__Planococcus	s__Planococcus ruber	GCF_000821325.1				g__Planococcus	genus
Plesiomonas shigelloides 302-73 (1315976.3)		Human		1315976.3					0.0	0.0	Yes	0.0					Gram-	Facultative anaerobe	0.0		0.0								g__Plesiomonas.json		d__Bacteria	p__Pseudomonadota	c__Gammaproteobacteria	o__Enterobacterales	f__CAMTGL01	g__Plesiomonas	s__Plesiomonas shigelloides		0.0	0.0		g__Plesiomonas	genus
		Human							0.0	0.0	Yes	0.0					Gram-		0.0		0.0								g__Porphyromonas.json		d__Bacteria	p__Bacteroidota	c__Bacteroidia	o__Bacteroidales	f__Porphyromonadaceae	g__Porphyromonas			0.0			g__Porphyromonas	genus
		Human							0.0	0.0	Yes	0.0	Host-associated	Human	Unclassified	Skin	Gram-		0.0		0.0								g__Porphyromonas_A.json		d__Bacteria	p__Bacteroidota	c__Bacteroidia	o__Bacteroidales	f__Porphyromonadaceae	g__Porphyromonas_A			0.0		0.0	g__Porphyromonas_A	genus
		Human							0.0	0.0	Yes						Gram+	Aerobe	0.0		0.0				69.0				g__Prescottella.json		d__Bacteria	p__Actinomycetota	c__Actinomycetes	o__Mycobacteriales	f__Mycobacteriaceae	g__Prescottella	s__Prescottella equi		0.0			g__Prescottella	genus
		Human							0.0	0.0	Yes	0.0					Gram-	Obligate anaerobe	0.0		0.0								g__Prevotella.json		d__Bacteria	p__Bacteroidota	c__Bacteroidia	o__Bacteroidales	f__Bacteroidaceae	g__Prevotella			0.0		0.0	g__Prevotella	genus
		Human							0.0	0.0	Yes	0.0	0	0	0	0	Gram+	Aerobe	0.0		0.0								g__Priestia.json		d__Bacteria	p__Bacillota	c__Bacilli	o__Bacillales	f__Bacillaceae_H	g__Priestia			0.0			g__Priestia	genus
Paenibacillus sp. JDR-2 (324057.4)	1.0	Human	324057.0	324057.4	GCF_000023585.1	644736396.0	PMID:31275260	Literature research	0.0	0.0	Yes	0.0	Host-associated	Plants	Unclassified	Unclassified	Gram+	Facultative anaerobe	0.0	0	0.0	7184930.0	6410.0	3612449.0	50.0	6288.0	98.1	ftp://ftp.ncbi.nlm.nih.gov/genomes/all/GCF/000/023/585/GCF_000023585.1_ASM2358v1	g__Pristimantibacillus.json	324057.0	d__Bacteria	p__Bacillota	c__Bacilli	o__Paenibacillales	f__Paenibacillaceae	g__Pristimantibacillus	s__Pristimantibacillus sp000023585		0.0			g__Pristimantibacillus	genus
		Human							0.0	0.0	Yes	0.0					Gram+	Anaerobe			0.0								g__Propionibacterium.json		d__Bacteria	p__Actinomycetota	c__Actinomycetes	o__Propionibacteriales	f__Propionibacteriaceae	g__Propionibacterium						g__Propionibacterium	genus
	0.0	Human	1522317.0		GCF_000826085.1	2636415533.0	PMID:25567229	Literature research	0.0	0.0	Yes	0.0	0	0	0	0	Gram+	Anaerobe	0.0	0	0.0	2934258.0	2766.0	2065287.0	70.0	2705.0	97.79	ftp://ftp.ncbi.nlm.nih.gov/genomes/all/GCF/000/826/085/GCF_000826085.1_Nigerium_massiliensis_SIT7	g__Propioniciclava.json	1522317.0	d__Bacteria	p__Actinomycetota	c__Actinomycetes	o__Propionibacteriales	f__Propionibacteriaceae	g__Propioniciclava	s__Propioniciclava massiliense		0.0	0.0	0.0	g__Propioniciclava	genus
		Human						Literature research									Gram-												g__Proteiniphilum.json		d__Bacteria	p__Bacteroidota	c__Bacteroidia	o__Bacteroidales	f__Dysgonomonadaceae	g__Proteiniphilum						g__Proteiniphilum	genus
		Human							0.0	0.0	Yes	0.0					Gram-	Facultative anaerobe	0.0		0.0								g__Proteus.json		d__Bacteria	p__Pseudomonadota	c__Gammaproteobacteria	o__Enterobacterales	f__Enterobacteriaceae	g__Proteus						g__Proteus	genus
		Human							0.0	0.0	Yes	0.0	Host-associated				Gram-	Facultative anaerobe	0.0		0.0								g__Providencia.json		d__Bacteria	p__Pseudomonadota	c__Gammaproteobacteria	o__Enterobacterales	f__Enterobacteriaceae	g__Providencia			0.0	0.0	0.0	g__Providencia	genus
	0.0	Mouse	1382359.0		GCF_000688455.1	2558860986.0	Personal communication, Dr. Jan Krumsiek	Personal communication	0.0	0.0							Gram-	Obligate aerobe	0.0	0	0.0							ftp://ftp.ncbi.nlm.nih.gov/genomes/all/GCF/000/688/455/GCF_000688455.1_ASM68845v1	g__Pseudacidobacterium.json	1382359.0	d__Bacteria	p__Acidobacteriota	c__Terriglobia	o__Terriglobales	f__Acidobacteriaceae	g__Pseudacidobacterium	s__Pseudacidobacterium ailaaui		0.0	0.0	0.0	g__Pseudacidobacterium	genus
Pseudoalteromonas arctica A 37-1-2 (1117313.3)		Human		1117313.3			https://www.biorxiv.org/content/10.1101/691030v1	Literature research	0.0	0.0	Yes	0.0					Gram-	Aerobe	0.0	0	0.0				39.0				g__Pseudoalteromonas.json		d__Bacteria	p__Pseudomonadota	c__Gammaproteobacteria	o__Enterobacterales	f__Alteromonadaceae	g__Pseudoalteromonas	s__Pseudoalteromonas arctica		0.0		0.0	g__Pseudoalteromonas	genus
Butyrivibrio fibrisolvens 16/4 (657324.3)		Human		657324.3			PMID:20203603; PMID:24861948	AGORA 1.03	0.0	0.0	Yes	0.0					Gram+	Anaerobe		0					38.0				g__Pseudobutyrivibrio.json		d__Bacteria	p__Bacillota	c__Clostridia	o__Lachnospirales	f__Lachnospiraceae	g__Pseudobutyrivibrio						g__Pseudobutyrivibrio	genus
Bacteroides capillosus ATCC 29799 (411467.6)	2.0	Human	411467.0	411467.6	GCF_000169255.2	640963014.0	PMID:20203603; PMID:24861948	AGORA 1.03	0.0	0.0	Yes		Host-associated	Human	Large intestine	Digestive system	Gram+	Anaerobe	0.0	Nonmotile	0.0	4241853.0	4907.0	2507500.0	59.0	4833.0	98.49	ftp://ftp.ncbi.nlm.nih.gov/genomes/all/GCF/000/169/255/GCF_000169255.2_ASM16925v2	g__Pseudoflavonifractor.json	411467.0	d__Bacteria	p__Bacillota	c__Clostridia	o__Oscillospirales	f__Oscillospiraceae	g__Pseudoflavonifractor	s__Pseudoflavonifractor capillosus					g__Pseudoflavonifractor	genus
Lactococcus raffinolactis 4877 (1215915.3)	2.0	Human	1215915.0	1215915.3	GCF_000327305.1	2600255100.0	PMID:20203603; PMID:24861948	AGORA 1.03	0.0	0.0	Yes	0.0	Engineered	Food production	Unclassified	Unclassified	Gram+	Facultative anaerobe	0.0	0	0.0	2280761.0	2542.0	881777.0	39.0	2462.0	96.85	ftp://ftp.ncbi.nlm.nih.gov/genomes/all/GCF/000/327/305/GCF_000327305.1_ASM32730v1	g__Pseudolactococcus.json	1215915.0	d__Bacteria	p__Bacillota	c__Bacilli	o__Lactobacillales	f__Streptococcaceae	g__Pseudolactococcus	s__Pseudolactococcus laudensis		0.0	0.0	0.0	g__Pseudolactococcus	genus
		Human						Literature research	0.0	0.0							Gram-	Anaerobe	0.0		0.0								g__Pseudoleptotrichia.json		d__Bacteria	p__Fusobacteriota	c__Fusobacteriia	o__Fusobacteriales	f__Leptotrichiaceae	g__Pseudoleptotrichia	s__Pseudoleptotrichia goodfellowii		0.0	0.0	0.0	g__Pseudoleptotrichia	genus
		Human							0.0	0.0	Yes	0.0					Gram-	Aerobe	0.0		0.0								g__Pseudomonas.json		d__Bacteria	p__Pseudomonadota	c__Gammaproteobacteria	o__Pseudomonadales	f__Pseudomonadaceae	g__Pseudomonas						g__Pseudomonas	genus
Pseudoramibacter alactolyticus ATCC 23263 (887929.3)	2.0	Human	887929.0	887929.3	GCF_000185505.1	649989993.0	PMID:20203603; PMID:24861948	AGORA 1.03	0.0	0.0	Yes	0.0	Host-associated	Human	Oral	Digestive system	Gram+	0	0.0	0	0.0	2327229.0	2572.0	1201643.0	52.0	2515.0	97.78	ftp://ftp.ncbi.nlm.nih.gov/genomes/all/GCF/000/185/505/GCF_000185505.1_ASM18550v1	g__Pseudoramibacter.json	887929.0	d__Bacteria	p__Bacillota	c__Clostridia	o__Eubacteriales	f__Eubacteriaceae	g__Pseudoramibacter	s__Pseudoramibacter alactolyticus				0.0	g__Pseudoramibacter	genus
Roseomonas cervicalis ATCC 49957 (525371.3)	1.0	Human	525371.0	525371.3	GCF_000164635.1	2513237333.0	PMID:31275260	Literature research	0.0	0.0	Yes	0.0	Host-associated	Human	Unclassified	Reproductive system	Gram-	Aerobe	0.0	Motile		4439462.0	4830.0	3197310.0	72.0	4778.0	98.92	ftp://ftp.ncbi.nlm.nih.gov/genomes/all/GCF/000/164/635/GCF_000164635.1_ASM16463v1	g__Pseudoroseomonas.json	525371.0	d__Bacteria	p__Pseudomonadota	c__Alphaproteobacteria	o__Acetobacterales	f__Acetobacteraceae	g__Pseudoroseomonas	s__Pseudoroseomonas cervicalis					g__Pseudoroseomonas	genus
	0.0	Human	128785.0		GCF_001556105.1	2834179893.0	https://www.biorxiv.org/content/10.1101/691030v1	Literature research	0.0	0.0	Yes	0.0	0	0	0	0	Gram-	0	0.0	0	0.0	3942209.0	3765.0	2623361.0	67.0	3695.0	98.14	ftp://ftp.ncbi.nlm.nih.gov/genomes/all/GCF/001/556/105/GCF_001556105.1_ASM155610v1	g__Pseudoxanthomonas_A.json	128785.0	d__Bacteria	p__Pseudomonadota	c__Gammaproteobacteria	o__Xanthomonadales	f__Xanthomonadaceae	g__Pseudoxanthomonas_A	s__Pseudoxanthomonas_A mexicana	GCF_001556105.1	0.0	0.0	0.0	g__Pseudoxanthomonas_A	genus
Pyramidobacter piscolens W5455 (352165.3)	2.0	Human	352165.0	352165.3	GCF_000177335.1	647000302.0	PMID:20203603; PMID:24861948	AGORA 1.03	0.0	0.0	Yes	0.0	Host-associated	Human	Unclassified	Skin	Gram-	Obligate anaerobe	0.0	Nonmotile	0.0	2562014.0	2815.0	1533128.0	60.0	2756.0	97.9	ftp://ftp.ncbi.nlm.nih.gov/genomes/all/GCF/000/177/335/GCF_000177335.1_ASM17733v1	g__Pyramidobacter.json	352165.0	d__Bacteria	p__Synergistota	c__Synergistia	o__Synergistales	f__Dethiosulfovibrionaceae	g__Pyramidobacter	s__Pyramidobacter piscolens					g__Pyramidobacter	genus
		Human					PMID:31171880	Literature research	0.0	0.0							Gram-	Facultative anaerobe	0.0	0	0.0								g__Rahnella.json		d__Bacteria	p__Pseudomonadota	c__Gammaproteobacteria	o__Enterobacterales	f__Enterobacteriaceae	g__Rahnella			0.0	0.0	0.0	g__Rahnella	genus
		Human						Literature research	0.0	0.0	Yes	0.0					Gram-		0.0		0.0				64.0				g__Ralstonia.json		d__Bacteria	p__Pseudomonadota	c__Gammaproteobacteria	o__Burkholderiales	f__Burkholderiaceae	g__Ralstonia		GCF_001653935.1	0.0	0.0	0.0	g__Ralstonia	genus
Acaricomes phytoseiuli DSM 14247 (1120917.3)	1.0	Human	1120917.0	1120917.3	GCF_000376245.1	2517572146.0	PMID:31275260	Literature research	0.0	0.0	Yes	0.0	Host-associated	Unclassified	Unclassified	Unclassified	Gram+	Aerobe	0.0	Nonmotile	0.0	2419519.0	2387.0	1506904.0	62.0	2326.0	97.44	ftp://ftp.ncbi.nlm.nih.gov/genomes/all/GCF/000/376/245/GCF_000376245.1_ASM37624v1	g__Renibacterium.json	1120917.0	d__Bacteria	p__Actinomycetota	c__Actinomycetes	o__Actinomycetales	f__Micrococcaceae	g__Renibacterium	s__Renibacterium phytoseiuli		0.0			g__Renibacterium	genus
	0.0	Human	1230389.0		GCF_007992495.1		https://www.biorxiv.org/content/10.1101/691030v1	Literature research	0.0	0.0							Gram-	0	0.0	0	0.0							ftp://ftp.ncbi.nlm.nih.gov/genomes/all/GCF/007/992/495/GCF_007992495.1_ASM799249v1	g__Reyranella.json	1230389.0	d__Bacteria	p__Pseudomonadota	c__Alphaproteobacteria	o__Reyranellales	f__Reyranellaceae	g__Reyranella	s__Reyranella soli	GCF_007992495.1	0.0	0.0	0.0	g__Reyranella	genus
		Human					https://www.biorxiv.org/content/10.1101/691030v1	Literature research	0.0	0.0	Yes	0.0					Gram-	Aerobe			0.0				61.0				g__Rhizobium.json		d__Bacteria	p__Pseudomonadota	c__Alphaproteobacteria	o__Rhizobiales	f__Rhizobiaceae	g__Rhizobium						g__Rhizobium	genus
	0.0	Human	1429046.0		GCF_000517665.1	2576861707.0	PMID:20203603; PMID:24861948	AGORA 1.03	0.0	0.0	Yes	0.0	0	0	0	0	Gram+	Aerobe	0.0	0	0.0	6472163.0	6035.0	4545744.0	70.0	6033.0	99.97	ftp://ftp.ncbi.nlm.nih.gov/genomes/all/GCF/000/517/665/GCF_000517665.1_Rhodococcus_rhodochrous.strain_ATCC_21198_v1.0	g__Rhodococcus.json	1429046.0	d__Bacteria	p__Actinomycetota	c__Actinomycetes	o__Mycobacteriales	f__Mycobacteriaceae	g__Rhodococcus	s__Rhodococcus aetherivorans		0.0	0.0	0.0	g__Rhodococcus	genus
		Human							0.0	0.0	Yes	0.0					Gram+	Aerobe	0.0		0.0				62.0				g__Rhodococcus_F.json		d__Bacteria	p__Actinomycetota	c__Actinomycetes	o__Mycobacteriales	f__Mycobacteriaceae	g__Rhodococcus_F			0.0	0.0	0.0	g__Rhodococcus_F	genus
	0.0	Human	205941.0		GCF_002797685.1	2728369736.0	https://www.biorxiv.org/content/10.1101/691030v1	Literature research	0.0	0.0	Yes	0.0	Environmental	Aquatic	Unclassified	Marine	Gram+	Aerobe	0.0	0	0.0	2776536.0	2682.0	1718007.0	62.0	2625.0	97.87	ftp://ftp.ncbi.nlm.nih.gov/genomes/all/GCF/002/797/685/GCF_002797685.1_ASM279768v1	g__Rhodoglobus.json	205941.0	d__Bacteria	p__Actinomycetota	c__Actinomycetes	o__Actinomycetales	f__Microbacteriaceae	g__Rhodoglobus	s__Rhodoglobus amurskyensis	GCF_002797685.1	0.0	0.0	0.0	g__Rhodoglobus	genus
	0.0	Mouse	880526.0		GCF_000427365.1	2509601020.0	Personal communication, Dr. Jan Krumsiek	Personal communication	0.0	0.0	Yes	0.0	Host-associated	Birds	Unclassified	Digestive system	Gram-	Obligate anaerobe	0.0	Nonmotile	0.0	2880076.0	2376.0	1641720.0	57.0	2317.0	97.52	ftp://ftp.ncbi.nlm.nih.gov/genomes/all/GCF/000/427/365/GCF_000427365.1_ASM42736v1	g__Rikenella.json	880526.0	d__Bacteria	p__Bacteroidota	c__Bacteroidia	o__Bacteroidales	f__Rikenellaceae	g__Rikenella	s__Rikenella microfusus		0.0			g__Rikenella	genus
	0.0	Human	1329796.0		GCF_000942395.1		PMID:25567229	Literature research									Gram+	Aerobe										ftp://ftp.ncbi.nlm.nih.gov/genomes/all/GCF/000/942/395/GCF_000942395.1_Pytheasella_massiliensis	g__Risungbinella.json	1329796.0	d__Bacteria	p__Bacillota	c__Bacilli	o__Thermoactinomycetales	f__Thermoactinomycetaceae	g__Risungbinella	s__Risungbinella massiliensis					g__Risungbinella	genus
	0.0	Human	1034347.0		GCF_000311725.1	2547132161.0	PMID:25567229	Literature research	0.0	0.0	Yes	0.0	Host-associated	Human	Large intestine	Digestive system	Gram+	Aerobe	0.0	Motile	0.0	4895941.0	5009.0	1839707.0	38.0	4903.0	97.88	ftp://ftp.ncbi.nlm.nih.gov/genomes/all/GCF/000/311/725/GCF_000311725.1_ASM31172v1	g__Robertmurraya.json	1034347.0	d__Bacteria	p__Bacillota	c__Bacilli	o__Bacillales	f__Cytobacillaceae	g__Robertmurraya	s__Robertmurraya massiliosenegalensis	NZ_HE978511				g__Robertmurraya	genus
	0.0	Mouse	180332.0		GCF_000797495.1	2833331163.0	Personal communication, Dr. Jan Krumsiek	Personal communication	0.0	0.0	Yes	0.0	Host-associated	Human	Unclassified	Unclassified	Gram+	Anaerobe	0.0	0	0.0	7202111.0	6079.0	2960907.0	41.0	5951.0	97.89	ftp://ftp.ncbi.nlm.nih.gov/genomes/all/GCF/000/797/495/GCF_000797495.1_ASM79749v1	g__Robinsoniella.json	180332.0	d__Bacteria	p__Bacillota	c__Clostridia	o__Lachnospirales	f__Lachnospiraceae	g__Robinsoniella	s__Robinsoniella peoriensis		0.0	0.0	0.0	g__Robinsoniella	genus
	0.0	Mouse	1122936.0		GCF_000379905.1	2515154191.0	Personal communication, Dr. Jan Krumsiek	Personal communication	0.0	0.0	Yes	0.0	Host-associated	Mammals	Unclassified	Unclassified	Gram-	Facultative	0.0	0		2259784.0	2154.0	898589.0	40.0	2080.0	96.56	ftp://ftp.ncbi.nlm.nih.gov/genomes/all/GCF/000/379/905/GCF_000379905.1_ASM37990v1	g__Rodentibacter.json	1122936.0	d__Bacteria	p__Pseudomonadota	c__Gammaproteobacteria	o__Enterobacterales	f__Pasteurellaceae	g__Rodentibacter	s__Rodentibacter pneumotropicus	NZ_KB904040				g__Rodentibacter	genus
									0.0	0.0	Yes	0.0					Gram+	Anaerobe	0.0		0.0								g__Roseburia.json		d__Bacteria	p__Bacillota	c__Clostridia	o__Lachnospirales	f__Lachnospiraceae	g__Roseburia						g__Roseburia	genus
	0.0	Human	1448136.0		GCF_000622225.1	2558309106.0	PMID:20203603; PMID:24861948	AGORA 1.03	0.0	0.0	Yes	0.0	Host-associated	Human	Blood	Circulatory system	Gram-	0	0.0	0	0.0	4864580.0	4509.0	3421543.0	70.0	4440.0	98.47	ftp://ftp.ncbi.nlm.nih.gov/genomes/all/GCF/000/622/225/GCF_000622225.1_ASM62222v1	g__Roseomonas.json	1448136.0	d__Bacteria	p__Pseudomonadota	c__Alphaproteobacteria	o__Acetobacterales	f__Acetobacteraceae	g__Roseomonas	s__Roseomonas mucosa			0.0	0.0	g__Roseomonas	genus
		Human							0.0	0.0	Yes	0.0					Gram+	Aerobe	0.0	0	0.0								g__Rothia.json		d__Bacteria	p__Actinomycetota	c__Actinomycetes	o__Actinomycetales	f__Micrococcaceae	g__Rothia					0.0	g__Rothia	genus
	0.0	Human	1631346.0		GCF_001049895.1		PMID:30745586	Literature research									Gram-											ftp.ncbi.nlm.nih.gov/genomes/all/GCF/001/049/895/GCF_001049895.1_Rubeoparvulum_massiliensis	g__Rubeoparvulum.json	1631346.0	d__Bacteria	p__Bacillota	c__Bacilli	o__Rubeoparvulales	f__Rubeoparvulaceae	g__Rubeoparvulum	s__Rubeoparvulum massiliense	GCF_001049895.1				g__Rubeoparvulum	genus
	0.0	Mouse	643560.0		GCF_900175965.1	2505679031.0	Personal communication, Dr. Jan Krumsiek	Personal communication	0.0	0.0	Yes	0.0	Environmental	Aquatic	Unclassified	Thermal springs	Gram+	Aerobe	0.0	Nonmotile	0.0	3398074.0	3317.0	2260475.0	67.0	3266.0	98.46	ftp://ftp.ncbi.nlm.nih.gov/genomes/all/GCF/900/175/965/GCF_900175965.1_IMG-taxon_2505679031_annotated_assembly	g__Rubrobacter.json	643560.0	d__Bacteria	p__Actinomycetota	c__Rubrobacteria	o__Rubrobacterales	f__Rubrobacteraceae	g__Rubrobacter	s__Rubrobacter radiotolerans		0.0			g__Rubrobacter	genus
	0.0	Mouse	909625.0		GCF_001029505.1		Personal communication, Dr. Jan Krumsiek	Personal communication	0.0	0.0							Gram+	Aerobe	0.0	0	0.0							ftp://ftp.ncbi.nlm.nih.gov/genomes/all/GCF/001/029/505/GCF_001029505.1_ASM102950v1	g__Rubrobacter_A.json	909625.0	d__Bacteria	p__Actinomycetota	c__Rubrobacteria	o__Rubrobacterales	f__Rubrobacteraceae	g__Rubrobacter_A	s__Rubrobacter_A aplysinae	GCF_000231235.1	0.0	0.0	0.0	g__Rubrobacter_A	genus
Rubrobacter xylanophilus DSM 9941 (266117.6)	1.0	Mouse	266117.0	266117.6	GCF_000014185.1	637000248.0	Personal communication, Dr. Jan Krumsiek	Personal communication	0.0	0.0	Yes	0.0	Engineered	Wastewater	Unclassified	Industrial wastewater	Gram+	Aerobe	0.0	Nonmotile	0.0	3225748.0	3283.0	2273397.0	70.0	3217.0	97.99	ftp://ftp.ncbi.nlm.nih.gov/genomes/all/GCF/000/014/185/GCF_000014185.1_ASM1418v1	g__Rubrobacter_B.json	266117.0	d__Bacteria	p__Actinomycetota	c__Rubrobacteria	o__Rubrobacterales	f__Rubrobacteraceae	g__Rubrobacter_B	s__Rubrobacter_B xylanophilus		0.0			g__Rubrobacter_B	genus
Rudanella lutea DSM 19387 (1089547.3)	2.0	Human	1089547.0	1089547.3	GCF_000383955.1	2517093013.0	PMID:20203603; PMID:24861948	AGORA 1.03	0.0	0.0	Yes	0.0	Environmental	Air	Unclassified	Unclassified	Gram-	Obligate aerobe	0.0	0	0.0	6546036.0	5356.0	3557073.0	54.0	5307.0	99.09	ftp://ftp.ncbi.nlm.nih.gov/genomes/all/GCF/000/383/955/GCF_000383955.1_ASM38395v1	g__Rudanella.json	1089547.0	d__Bacteria	p__Bacteroidota	c__Bacteroidia	o__Cytophagales	f__Spirosomataceae	g__Rudanella	s__Rudanella lutea	NZ_LEKH01000010	0.0		0.0	g__Rudanella	genus
									0.0	0.0	Yes	0.0					Gram+		0.0										g__Ruminiclostridium.json		d__Bacteria	p__Bacillota	c__Clostridia	o__Acetivibrionales	f__DSM-1351	g__Ruminiclostridium					0.0	g__Ruminiclostridium	genus
	2.0	Human							0.0	0.0	Yes	0.0	Host-associated				Gram+	Anaerobe	0.0	Nonmotile	0.0				45.0				g__Ruminiclostridium_E.json		d__Bacteria	p__Bacillota	c__Clostridia	o__Oscillospirales	f__Ruminococcaceae	g__Ruminiclostridium_E	s__Ruminiclostridium_E siraeum					g__Ruminiclostridium_E	genus
Ruminococcus bromii L2-63 (657321.5)	2.0	Human	657321.0	657321.5	GCF_900291485.1	650377966.0	PMID:20203603; PMID:24861948	AGORA 1.03	0.0	0.0	Yes	0.0	Host-associated	Human	Large intestine	Digestive system	Gram+	Anaerobe		Nonmotile	0.0	2249085.0	1852.0	923349.0	41.0	1811.0	97.79	ftp://ftp.ncbi.nlm.nih.gov/genomes/all/GCF/900/291/485/GCF_900291485.1_R_bromii_L2_63_validated_080218.embl.gz	g__Ruminococcoides.json	657321.0	d__Bacteria	p__Bacillota	c__Clostridia	o__Oscillospirales	f__Acutalibacteraceae	g__Ruminococcoides	s__Ruminococcoides intestinale					g__Ruminococcoides	genus
		Human					PMID:20203603; PMID:24861948	AGORA 1.03	0.0	0.0	Yes	0.0	Host-associated	Mammals	Foregut	Digestive system	Gram+	Anaerobe	0.0		0.0								g__Ruminococcus.json		d__Bacteria	p__Bacillota	c__Clostridia	o__Oscillospirales	f__Ruminococcaceae	g__Ruminococcus			0.0	0.0	0.0	g__Ruminococcus	genus
	0.0	Human	411473.0		GCF_000468015.1	2597490297.0	PMID:20203603; PMID:24861948	AGORA 1.03	0.0	0.0	Yes	0.0	Host-associated	Human	Large intestine	Digestive system	Gram+	Anaerobe	0.0	Nonmotile	0.0	3070687.0	2913.0	1507111.0	49.0	2849.0	97.8	ftp://ftp.ncbi.nlm.nih.gov/genomes/all/GCF/000/468/015/GCF_000468015.1_ASM46801v1	g__Ruminococcus_C.json	411473.0	d__Bacteria	p__Bacillota	c__Clostridia	o__Oscillospirales	f__Ruminococcaceae	g__Ruminococcus_C	s__Ruminococcus_C callidus					g__Ruminococcus_C	genus
Ruminococcus sp. 18P13 (213810.4)	2.0	Human	213810.0	213810.4	GCF_001312825.1	2734481917.0	PMID:20203603; PMID:24861948	AGORA 1.03	0.0	0.0	Yes	0.0	0	0	0	0	Gram+	0	0.0	0	0.0	2511227.0	3107.0	1340865.0	53.0	3056.0	98.36	ftp://ftp.ncbi.nlm.nih.gov/genomes/all/GCF/001/312/825/GCF_001312825.1_ASM131282v1	g__Ruminococcus_F.json	213810.0	d__Bacteria	p__Bacillota	c__Clostridia	o__Oscillospirales	f__Ruminococcaceae	g__Ruminococcus_F	s__Ruminococcus_F champanellensis		0.0	0.0	0.0	g__Ruminococcus_F	genus
	0.0	Human	1123075.0		GCF_000425525.1	2524023243.0	PMID:20203603; PMID:24861948	AGORA 1.03	0.0	0.0	Yes	0.0	Host-associated	Human	Large intestine	Digestive system	Gram+	Anaerobe	0.0	Nonmotile	0.0	4096474.0	3918.0	1950036.0	48.0	3808.0	97.19	ftp://ftp.ncbi.nlm.nih.gov/genomes/all/GCF/000/425/525/GCF_000425525.1_ASM42552v1	g__Ruminococcus_G.json	1123075.0	d__Bacteria	p__Bacillota	c__Clostridia	o__Lachnospirales	f__Lachnospiraceae	g__Ruminococcus_G	s__Ruminococcus_G gauvreauii		0.0			g__Ruminococcus_G	genus
Subdoligranulum sp. 4_3_54A2FAA (665956.3)	1.0	Human	665956.0	665956.3	GCF_000238635.1	2513237311.0	PMID:31171880	Literature research	0.0	0.0	Yes	0.0	Host-associated	Human	Unclassified	Digestive system	Gram+	Anaerobe	0.0	Nonmotile	0.0	4205237.0	4163.0	2362612.0	56.0	4105.0	98.61	ftp://ftp.ncbi.nlm.nih.gov/genomes/all/GCF/000/238/635/GCF_000238635.1_Subdol_sp_4_3_54A2FAA_V1	g__Ruthenibacterium.json	665956.0	d__Bacteria	p__Bacillota	c__Clostridia	o__Oscillospirales	f__Ruminococcaceae	g__Ruthenibacterium	s__Ruthenibacterium lactatiformans	GCF_000238635.1			0.0	g__Ruthenibacterium	genus
Clostridium sp. SY8519 (1042156.4)	2.0	Human	1042156.0	1042156.4	GCF_000270305.1	650716027.0	PMID:20203603; PMID:24861948	AGORA 1.03	0.0	0.0	Yes	0.0	Host-associated	Human	Unclassified	Digestive system	Gram+	Obligate anaerobe	0.0	0		2835737.0	2678.0	1438867.0	51.0	2613.0	97.57	ftp://ftp.ncbi.nlm.nih.gov/genomes/all/GCF/000/270/305/GCF_000270305.1_ASM27030v1	g__SY8519.json	1042156.0	d__Bacteria	p__Bacillota	c__Clostridia	o__Lachnospirales	f__Lachnospiraceae	g__SY8519	s__SY8519 sp000270305				0.0	g__SY8519	genus
	0.0	Mouse	1332188.0				Personal communication, Dr. Jan Krumsiek	Personal communication									Gram+	0										https://www.ncbi.nlm.nih.gov/assembly/GCF_000392435.1/	g__Saccharimonas.json	1332188.0	d__Bacteria	p__Patescibacteriota	c__Saccharimonadia	o__Saccharimonadales	f__Saccharimonadaceae	g__Saccharimonas	s__Saccharimonas aalborgensis	GCF_000392435.1				g__Saccharimonas	genus
Sulfolobus solfataricus P2 (273057.1)	2.0	Human	273057.0	273057.1	GCF_000007005.1	638154518.0	PMID:20203603; PMID:24861948	AGORA 1.03	0.0		Yes	0.0	Environmental	Aquatic	Unclassified	Thermal springs	Gram-	Aerobe		Motile	0.0	2992245.0	3141.0	1070840.0	36.0	3048.0	97.04	ftp://ftp.ncbi.nlm.nih.gov/genomes/all/GCF/000/007/005/GCF_000007005.1_ASM700v1	g__Saccharolobus.json	273057.0	d__Archaea	p__Thermoproteota	c__Thermoprotei_A	o__Sulfolobales	f__Sulfolobaceae	g__Saccharolobus	s__Saccharolobus solfataricus	GCF_000007005.1	0.0			g__Saccharolobus	genus
		Human							0.0	0.0	Yes	0.0					Gram-	Facultative anaerobe	0.0		0.0								g__Salmonella.json		d__Bacteria	p__Pseudomonadota	c__Gammaproteobacteria	o__Enterobacterales	f__Enterobacteriaceae	g__Salmonella			0.0	0.0	0.0	g__Salmonella	genus
		Human															Gram+	Obligate anaerobe											g__Sarcina.json		d__Bacteria	p__Bacillota	c__Clostridia	o__Clostridiales	f__Clostridiaceae	g__Sarcina						g__Sarcina	genus
		Human							0.0	0.0	Yes	0.0	Host-associated	Human			Gram+	Anaerobe	0.0	Nonmotile	0.0								g__Scardovia.json		d__Bacteria	p__Actinomycetota	c__Actinomycetes	o__Actinomycetales	f__Bifidobacteriaceae	g__Scardovia			0.0	0.0	0.0	g__Scardovia	genus
Lachnospiraceae bacterium 1_4_56FAA (658655.3)	1.0	Human	658655.0	658655.3	GCF_000218385.1	651324047.0	PMID:31171880	Literature research	0.0	0.0	Yes	0.0	Host-associated	Human	Large intestine	Digestive system	Gram+	Anaerobe	0.0	0	0.0	3227613.0	3249.0	1467417.0	45.0	3191.0	98.21	ftp://ftp.ncbi.nlm.nih.gov/genomes/all/GCF/000/218/385/GCF_000218385.1_Lach_bact_1_4_56FAA_V1	g__Schaedlerella.json	658655.0	d__Bacteria	p__Bacillota	c__Clostridia	o__Lachnospirales	f__Lachnospiraceae	g__Schaedlerella	s__Schaedlerella glycyrrhizinilytica_A				0.0	g__Schaedlerella	genus
Schlesneria paludicola DSM 18645 (1123242.3)	2.0	Human	1123242.0	1123242.3	GCF_000255655.1	2548877001.0	PMID:20203603; PMID:24861948	AGORA 1.03	0.0	0.0	Yes	0.0	Environmental	Terrestrial	Wetlands	Soil	Gram-	0	0.0	0	0.0	8639329.0	6954.0	4808721.0	56.0	6860.0	98.65	ftp://ftp.ncbi.nlm.nih.gov/genomes/all/GCF/000/255/655/GCF_000255655.1_ASM25565v1	g__Schlesneria.json	1123242.0	d__Bacteria	p__Planctomycetota	c__Planctomycetia	o__Planctomycetales	f__Planctomycetaceae	g__Schlesneria	s__Schlesneria paludicola_A		0.0		0.0	g__Schlesneria	genus
	0.0	Human	1123243.0		GCF_900129225.1	2582581261.0	https://www.biorxiv.org/content/10.1101/691030v1	Literature research	0.0	0.0	Yes	0.0	Host-associated	Mammals	Foregut	Digestive system	Gram-	Anaerobe	0.0	Motile	0.0	2659575.0	2511.0	1243798.0	47.0	2433.0	96.89	ftp://ftp.ncbi.nlm.nih.gov/genomes/all/GCF/900/129/225/GCF_900129225.1_IMG-taxon_2582581261_annotated_assembly	g__Schwartzia.json	1123243.0	d__Bacteria	p__Bacillota	c__Negativicutes	o__Selenomonadales	f__Selenomonadaceae	g__Schwartzia	s__Schwartzia succinivorans	GCF_900129225.1	0.0			g__Schwartzia	genus
	0.0	Human	1499679.0		GCF_000821245.2	2645727753.0	PMID:25567229	Literature research	0.0	0.0	Yes	0.0	0	0	0	0	Gram+	Aerobe	0.0	0	0.0	3872574.0	3994.0	1658719.0	43.0	3858.0	96.59	ftp://ftp.ncbi.nlm.nih.gov/genomes/all/GCF/000/821/245/GCF_000821245.2_ASM82124v2	g__Sediminibacillus.json	1499679.0	d__Bacteria	p__Bacillota	c__Bacilli	o__Bacillales	f__Amphibacillaceae	g__Sediminibacillus	s__Sediminibacillus senegalensis	NZ_LN611417	0.0	0.0	0.0	g__Sediminibacillus	genus
	0.0	Human	1400522.0		GCF_000511175.1	2585428137.0	https://www.biorxiv.org/content/10.1101/691030v1	Literature research	0.0	0.0	Yes	0.0	Environmental	Aquatic	Lentic	Freshwater	Gram-	Aerobe	0.0	Motile	0.0	3189154.0	3014.0	1252565.0	39.0	2964.0	98.34	ftp://ftp.ncbi.nlm.nih.gov/genomes/all/GCF/000/511/175/GCF_000511175.1_ASM51117v1	g__Sediminibacterium.json	1400522.0	d__Bacteria	p__Bacteroidota	c__Bacteroidia	o__Chitinophagales	f__Chitinophagaceae	g__Sediminibacterium	s__Sediminibacterium salmoneum	GCF_000511175.1	0.0			g__Sediminibacterium	genus
Selenomonas sputigena ATCC 35185 (546271.5)	1.0	Human	546271.0	546271.5	GCF_000208405.1	645951802.0	PMID:31171880	Literature research	0.0	0.0	Yes		Host-associated	Human	Oral	Digestive system	Gram-	Anaerobe	0.0	Motile		2553953.0	2710.0	1458799.0	57.0	2647.0	97.68	ftp://ftp.ncbi.nlm.nih.gov/genomes/all/GCF/000/208/405/GCF_000208405.1_ASM20840v1	g__Selenomonas.json	546271.0	d__Bacteria	p__Bacillota	c__Negativicutes	o__Selenomonadales	f__Selenomonadaceae	g__Selenomonas	s__Selenomonas sputigena					g__Selenomonas	genus
	0.0	Human							0.0	0.0	Yes	0.0	Host-associated	Mammals	Foregut	Digestive system	Gram-	0	0.0	0	0.0								g__Selenomonas_A.json		d__Bacteria	p__Bacillota	c__Negativicutes	o__Selenomonadales	f__Selenomonadaceae	g__Selenomonas_A			0.0	0.0	0.0	g__Selenomonas_A	genus
		Human					PMID:31171880	Literature research	0.0	0.0	Yes	0.0					Gram-	Anaerobe	0.0		0.0								g__Selenomonas_C.json		d__Bacteria	p__Bacillota	c__Negativicutes	o__Selenomonadales	f__Selenomonadaceae	g__Selenomonas_C	s__Selenomonas_C bovis		0.0	0.0	0.0	g__Selenomonas_C	genus
	0.0	Human	1653434.0		GCF_001280875.1	2648501785.0	PMID:31477907	Literature research	0.0	0.0	Yes	0.0	0	0	0	0	Gram+	Anaerobe	0.0	0	0.0	3185562.0	3107.0	1443581.0	45.0	3029.0	97.49	ftp://ftp.ncbi.nlm.nih.gov/genomes/all/GCF/001/280/875/GCF_001280875.1_ASM128087v1	g__Sellimonas.json	1653434.0	d__Bacteria	p__Bacillota	c__Clostridia	o__Lachnospirales	f__Lachnospiraceae	g__Sellimonas	s__Sellimonas intestinalis		0.0	0.0	0.0	g__Sellimonas	genus
	0.0	Mouse	1034345.0		GCF_000236865.1	2547132148.0	Personal communication, Dr. Jan Krumsiek	Personal communication	0.0	0.0	Yes	0.0	Host-associated	Human	Large intestine	Digestive system	Gram+	Anaerobe	0.0	Motile	0.0	2354438.0	2020.0	1461081.0	62.0	1953.0	96.68	ftp://ftp.ncbi.nlm.nih.gov/genomes/all/GCF/000/236/865/GCF_000236865.1_ASM23686v1	g__Senegalimassilia.json	1034345.0	d__Bacteria	p__Actinomycetota	c__Coriobacteriia	o__Coriobacteriales	f__Eggerthellaceae	g__Senegalimassilia	s__Senegalimassilia anaerobia			0.0	0.0	g__Senegalimassilia	genus
	0.0	Human	1776384.0		GCF_900086585.1		PMID:30745586	Literature research									Gram+											ftp.ncbi.nlm.nih.gov/genomes/all/GCF/900/086/585/GCF_900086585.1_PRJEB13931	g__Senimuribacter.json	1776384.0	d__Bacteria	p__Bacillota	c__Clostridia	o__Peptostreptococcales	f__Anaerovoracaceae	g__Senimuribacter	s__Senimuribacter timonensis	GCF_900086585.1				g__Senimuribacter	genus
		Human							0.0	0.0	Yes	0.0					Gram-	Facultative anaerobe	0.0		0.0								g__Serratia.json		d__Bacteria	p__Pseudomonadota	c__Gammaproteobacteria	o__Enterobacterales	f__Enterobacteriaceae	g__Serratia			0.0	0.0	0.0	g__Serratia	genus
	0.0	Human						Literature research	0.0	0.0	Yes	0.0	0	0	0	0	Gram-	Facultative anaerobe	0.0	0	0.0				59.0				g__Serratia_B.json		d__Bacteria	p__Pseudomonadota	c__Gammaproteobacteria	o__Enterobacterales	f__Enterobacteriaceae	g__Serratia_B	s__Serratia_B rubidaea		0.0	0.0	0.0	g__Serratia_B	genus
Serratia odorifera DSM 4582 (667129.3)	1.0	Human	667129.0	667129.3	GCF_000163595.1	647000312.0	PMID:31275260	Literature research	0.0	0.0	Yes	0.0	Host-associated	Animal	Unclassified	Respiratory system	Gram-	Facultative anaerobe	0.0	Motile		5125678.0	5222.0	2874647.0	56.0	5121.0	98.07	ftp://ftp.ncbi.nlm.nih.gov/genomes/all/GCF/000/163/595/GCF_000163595.1_ASM16359v1	g__Serratia_F.json	667129.0	d__Bacteria	p__Pseudomonadota	c__Gammaproteobacteria	o__Enterobacterales	f__Enterobacteriaceae	g__Serratia_F	s__Serratia_F odorifera					g__Serratia_F	genus
	1.0	Human					PMID:31092280	DAR genome selection	0.0	0.0	Yes	0.0					Gram-	Facultative		Motile	0.0								g__Shewanella.json		d__Bacteria	p__Pseudomonadota	c__Gammaproteobacteria	o__Enterobacterales	f__Shewanellaceae	g__Shewanella			0.0			g__Shewanella	genus
Bacillus clausii KSM-K16 (66692.6)	2.0	Human	66692.0	66692.6	GCF_000009825.1	637000019.0	PMID:20203603; PMID:24861948	AGORA 1.03	0.0	0.0	Yes	0.0	Environmental	Terrestrial	Unclassified	Soil	Gram+	Aerobe	0.0	Motile	0.0	4303871.0	4261.0	1926125.0	45.0	4105.0	96.34	ftp://ftp.ncbi.nlm.nih.gov/genomes/all/GCF/000/009/825/GCF_000009825.1_ASM982v1	g__Shouchella.json	66692.0	d__Bacteria	p__Bacillota	c__Bacilli	o__Bacillales	f__Bacillaceae_D	g__Shouchella	s__Shouchella rhizosphaerae	GCF_000181595.1	0.0			g__Shouchella	genus
Shuttleworthia satelles DSM 14600 (626523.3)	1.0	Mouse	626523.0	626523.3	GCF_000160115.1	643886070.0	Personal communication, Dr. Jan Krumsiek	Personal communication	0.0	0.0	Yes	0.0	Host-associated	Human	Oral	Digestive system	Gram+	Anaerobe	0.0	Nonmotile		2168977.0	2321.0	1112443.0	51.0	2261.0	97.41	ftp://ftp.ncbi.nlm.nih.gov/genomes/all/GCF/000/160/115/GCF_000160115.1_ASM16011v1	g__Shuttleworthia.json	626523.0	d__Bacteria	p__Bacillota	c__Clostridia	o__Lachnospirales	f__Lachnospiraceae	g__Shuttleworthia	s__Shuttleworthia satelles					g__Shuttleworthia	genus
	0.0	Human	1123253.0		GCF_000429065.1	2524614862.0	PMID:20203603; PMID:24861948	AGORA 1.03	0.0	0.0	Yes	0.0	Environmental	Aquatic	Unclassified	Thermal springs	Gram-	Aerobe	0.0	Motile	0.0	2647044.0	2455.0	1879926.0	71.0	2392.0	97.43	ftp://ftp.ncbi.nlm.nih.gov/genomes/all/GCF/000/429/065/GCF_000429065.1_ASM42906v1	g__Silanimonas.json	1123253.0	d__Bacteria	p__Pseudomonadota	c__Gammaproteobacteria	o__Xanthomonadales	f__Xanthomonadaceae	g__Silanimonas	s__Silanimonas lenta		0.0			g__Silanimonas	genus
Bacillus fordii DSM 16014 (1121090.3)	2.0	Human	1121090.0	1121090.3	GCF_000374565.1	2517572148.0	PMID:20203603; PMID:24861948	AGORA 1.03	0.0	0.0	Yes	0.0	Engineered	Food production	Unclassified	Dairy products	Gram+	Obligate aerobe	0.0	Motile	0.0	4511199.0	4460.0	1858706.0	41.0	4358.0	97.71	ftp://ftp.ncbi.nlm.nih.gov/genomes/all/GCF/000/374/565/GCF_000374565.1_ASM37456v1	g__Siminovitchia.json	1121090.0	d__Bacteria	p__Bacillota	c__Bacilli	o__Bacillales	f__Bacillaceae_C	g__Siminovitchia	s__Siminovitchia fordii		0.0			g__Siminovitchia	genus
	0.0	Mouse	933926.0		GCF_003752585.1	2788499881.0	Personal communication, Dr. Jan Krumsiek	Personal communication	0.0	0.0	Yes	0.0	Environmental	Aquatic	Unclassified	Marine	Gram-	Aerobe	0.0	0	0.0	4398449.0	3940.0	2198003.0	50.0	3861.0	97.99	ftp://ftp.ncbi.nlm.nih.gov/genomes/all/GCF/003/752/585/GCF_003752585.1_ASM375258v1	g__Sinobacterium.json	933926.0	d__Bacteria	p__Pseudomonadota	c__Gammaproteobacteria	o__Pseudomonadales	f__Sinobacteriaceae	g__Sinobacterium	s__Sinobacterium caligoides	GCF_003752585.1	0.0	0.0	0.0	g__Sinobacterium	genus
		Human							0.0	0.0							Gram+	Anaerobe	0.0		0.0								g__Slackia.json		d__Bacteria	p__Actinomycetota	c__Coriobacteriia	o__Coriobacteriales	f__Eggerthellaceae	g__Slackia			0.0	0.0	0.0	g__Slackia	genus
	0.0	Human															Gram-												g__Sneathia.json		d__Bacteria	p__Fusobacteriota	c__Fusobacteriia	o__Fusobacteriales	f__Leptotrichiaceae	g__Sneathia						g__Sneathia	genus
	0.0	Human	1211843.0		GCF_000820765.1	2639762831.0	PMID:29793532	Literature research	0.0	0.0	Yes	0.0	0	0	0	0	Gram+	0	0.0	0	0.0	3098593.0	2472.0	1647157.0	53.0	2417.0	97.78	ftp://ftp.ncbi.nlm.nih.gov/genomes/all/GCF/000/820/765/GCF_000820765.1_Arquibacterium_massiliensis_AP7	g__Soleaferrea.json	1211843.0	d__Bacteria	p__Bacillota	c__Clostridia	o__Oscillospirales	f__Ruminococcaceae	g__Soleaferrea	s__Soleaferrea massiliensis		0.0	0.0	0.0	g__Soleaferrea	genus
	0.0	Human	1346330.0		GCF_000416985.1	2579779088.0	PMID:20203603; PMID:24861948	AGORA 1.03	0.0	0.0	Yes	0.0	Host-associated	Animal	Unclassified	Unclassified	Gram-	0	0.0	0	0.0	5126359.0	4432.0	2094393.0	41.0	4346.0	98.06	ftp://ftp.ncbi.nlm.nih.gov/genomes/all/GCF/000/416/985/GCF_000416985.1_23.k55	g__Sphingobacterium.json	1346330.0	d__Bacteria	p__Bacteroidota	c__Bacteroidia	o__Sphingobacteriales	f__Sphingobacteriaceae	g__Sphingobacterium	s__Sphingobacterium paucimobilis		0.0	0.0	0.0	g__Sphingobacterium	genus
	0.0	Human	1223534.0		GCF_001591305.1	2731957645.0	https://www.biorxiv.org/content/10.1101/691030v1	Literature research	0.0	0.0	Yes	0.0	Environmental	Aquatic	Lotic	Freshwater	Gram-	0	0.0	0	0.0	4535760.0	4460.0	2936856.0	65.0	4397.0	98.59	ftp://ftp.ncbi.nlm.nih.gov/genomes/all/GCF/001/591/305/GCF_001591305.1_ASM159130v1	g__Sphingobium.json	1223534.0	d__Bacteria	p__Pseudomonadota	c__Alphaproteobacteria	o__Sphingomonadales	f__Sphingomonadaceae	g__Sphingobium	s__Sphingobium amiense	GCF_001591305.1	0.0		0.0	g__Sphingobium	genus
	0.0	Human	335406.0				https://www.biorxiv.org/content/10.1101/691030v1	Literature research	0.0	0.0	Yes	0.0					Gram-	Aerobe	0.0	0	0.0				64.0				g__Sphingosinicella.json	335406.0	d__Bacteria	p__Pseudomonadota	c__Alphaproteobacteria	o__Sphingomonadales	f__Sphingomonadaceae	g__Sphingosinicella	s__Sphingosinicella microcystinivorans		0.0	0.0	0.0	g__Sphingosinicella	genus
	0.0	Mouse	1276246.0		GCF_000565175.1	2558860239.0	Personal communication, Dr. Jan Krumsiek	Personal communication	0.0	0.0	Yes	0.0	Host-associated	Insecta	Unclassified	Unclassified	Gram-	0	0.0	0	0.0	1175131.0	1103.0	309783.0	26.0	1071.0	97.1	ftp://ftp.ncbi.nlm.nih.gov/genomes/all/GCF/000/565/175/GCF_000565175.1_ASM56517v1	g__Spiroplasma_A.json	1276246.0	d__Bacteria	p__Bacillota_I	c__Bacilli_A	o__Mycoplasmatales	f__Mycoplasmataceae	g__Spiroplasma_A	s__Spiroplasma_A culicicola		0.0		0.0	g__Spiroplasma_A	genus
Spirosoma linguale DSM 74 (504472.7)	2.0	Human	504472.0	504472.7	GCF_000024525.1	646311954.0	PMID:20203603; PMID:24861948	AGORA 1.03	0.0	0.0	Yes	0.0	Environmental	Aquatic	Drinking water	Freshwater	Gram-	Aerobe	0.0	Nonmotile	0.0	8491258.0	7130.0	4258276.0	50.0	7067.0	99.12	https://www.ncbi.nlm.nih.gov/assembly/GCF_000024525.1/	g__Spirosoma.json	504472.0	d__Bacteria	p__Bacteroidota	c__Bacteroidia	o__Cytophagales	f__Spirosomataceae	g__Spirosoma	s__Spirosoma linguale		0.0			g__Spirosoma	genus
	0.0	Mouse	1123282.0		GCF_900130065.1	2585428085.0	Personal communication, Dr. Jan Krumsiek	Personal communication	0.0	0.0	Yes	0.0	Host-associated	Insecta	Unclassified	Digestive system	Gram+	Obligate anaerobe	0.0	Nonmotile	0.0	4198214.0	3867.0	2376253.0	57.0	3793.0	98.09	ftp://ftp.ncbi.nlm.nih.gov/genomes/all/GCF/900/130/065/GCF_900130065.1_IMG-taxon_2585428085_annotated_assembly	g__Sporobacter.json	1123282.0	d__Bacteria	p__Bacillota	c__Clostridia	o__Oscillospirales	f__Oscillospiraceae	g__Sporobacter	s__Sporobacter termitidis					g__Sporobacter	genus
		Human							0.0	0.0	Yes	0.0					Gram+	Facultative anaerobe	0.0		0.0								g__Staphylococcus.json		d__Bacteria	p__Bacillota	c__Bacilli	o__Staphylococcales	f__Staphylococcaceae	g__Staphylococcus			0.0	0.0	0.0	g__Staphylococcus	genus
		Human							0.0	0.0	Yes	0.0					Gram-	Aerobe	0.0		0.0								g__Stenotrophomonas.json		d__Bacteria	p__Pseudomonadota	c__Gammaproteobacteria	o__Xanthomonadales	f__Xanthomonadaceae	g__Stenotrophomonas			0.0	0.0	0.0	g__Stenotrophomonas	genus
	0.0	Human	1211844.0		GCF_000455285.1	2600255145.0	PMID:20203603; PMID:24861948	AGORA 1.03	0.0	0.0	Yes	0.0	0	0	0	0	Gram+	0	0.0	0	0.0	3433040.0	3568.0	1047727.0	31.0	3494.0	97.93	ftp://ftp.ncbi.nlm.nih.gov/genomes/all/GCF/000/455/285/GCF_000455285.1_Sm_AP9	g__Stoquefichus.json	1211844.0	d__Bacteria	p__Bacillota_I	c__Bacilli_A	o__Erysipelotrichales	f__Coprobacillaceae	g__Stoquefichus	s__Stoquefichus massiliensis		0.0	0.0	0.0	g__Stoquefichus	genus
									0.0	0.0	Yes	0.0					Gram+	Facultative anaerobe	0.0		0.0								g__Streptococcus.json		d__Bacteria	p__Bacillota	c__Bacilli	o__Lactobacillales	f__Streptococcaceae	g__Streptococcus			0.0	0.0	0.0	g__Streptococcus	genus
	0.0	Human	1203592.0		GCF_000411495.1		PMID:30745586	Literature research									Gram+											ftp://ftp.ncbi.nlm.nih.gov/genomes/all/GCF/000/411/495/GCF_000411495.1_Stre_sp_HPH0547_V1	g__Streptomyces.json	1203592.0	d__Bacteria	p__Actinomycetota	c__Actinomycetes	o__Streptomycetales	f__Streptomycetaceae	g__Streptomyces	s__Streptomyces albus	GCF_000411495.1				g__Streptomyces	genus
		Human							0.0	0.0	Yes	0.0					Gram-	Aerobe			0.0								g__Stutzerimonas.json		d__Bacteria	p__Pseudomonadota	c__Gammaproteobacteria	o__Pseudomonadales	f__Pseudomonadaceae	g__Stutzerimonas			0.0			g__Stutzerimonas	genus
Succinatimonas hippei YIT 12066 (762983.3)	2.0	Human	762983.0	762983.3	GCF_000188195.1	649990019.0	PMID:20203603; PMID:24861948	AGORA 1.03	0.0	0.0	Yes	0.0	Host-associated	Human	Large intestine	Digestive system	Gram-	Obligate anaerobe	0.0	Nonmotile		2305942.0	2223.0	928741.0	40.0	2169.0	97.57	ftp://ftp.ncbi.nlm.nih.gov/genomes/all/GCF/000/188/195/GCF_000188195.1_ASM18819v1	g__Succinatimonas.json	762983.0	d__Bacteria	p__Pseudomonadota	c__Gammaproteobacteria	o__Enterobacterales	f__Succinivibrionaceae	g__Succinatimonas	s__Succinatimonas hippei					g__Succinatimonas	genus
	0.0	Human					https://www.biorxiv.org/content/10.1101/691030v1	Literature research	0.0	0.0	Yes	0.0	Host-associated	Mammals			Gram-	Anaerobe	0.0		0.0								g__Succiniclasticum.json		d__Bacteria	p__Bacillota	c__Negativicutes	o__Acidaminococcales	f__Acidaminococcaceae	g__Succiniclasticum			0.0	0.0	0.0	g__Succiniclasticum	genus
	0.0	Human	1410676.0		GCF_000702045.1	2562617003.0	PMID:20203603; PMID:24861948	AGORA 1.03	0.0	0.0	Yes	0.0	0	0	0	0	Gram-	0	0.0	0	0.0	2675466.0	2430.0	1040764.0	39.0	2350.0	96.71	ftp://ftp.ncbi.nlm.nih.gov/genomes/all/GCF/000/702/045/GCF_000702045.1_ASM70204v1	g__Succinivibrio.json	1410676.0	d__Bacteria	p__Pseudomonadota	c__Gammaproteobacteria	o__Enterobacterales	f__Succinivibrionaceae	g__Succinivibrio	s__Succinivibrio dextrinosolvens		0.0	0.0	0.0	g__Succinivibrio	genus
		Human							0.0	0.0	Yes	0.0	Host-associated	Human			Gram-	Anaerobe	0.0		0.0								g__Sutterella.json		d__Bacteria	p__Pseudomonadota	c__Gammaproteobacteria	o__Burkholderiales	f__Burkholderiaceae_F	g__Sutterella					0.0	g__Sutterella	genus
	0.0	Human	2754.0		GCF_001757465.1	2609460167.0	https://www.biorxiv.org/content/10.1101/691030v1	Literature research	0.0	0.0	Yes	0.0	Host-associated	Mammals	Foregut	Digestive system	Gram-	Obligate anaerobe	0.0	0		2741240.0	2643.0	1543996.0	56.0	2574.0	97.39	ftp://ftp.ncbi.nlm.nih.gov/genomes/all/GCF/001/757/465/GCF_001757465.1_ASM175746v1	g__Synergistes.json	2754.0	d__Bacteria	p__Synergistota	c__Synergistia	o__Synergistales	f__Synergistaceae	g__Synergistes	s__Synergistes jonesii	GCF_000712295.1		0.0	0.0	g__Synergistes	genus
Syntrophus aciditrophicus SB (56780.15)		Mouse		56780.15			Personal communication, Dr. Jan Krumsiek	Personal communication	0.0	0.0	Yes	0.0	Engineered	Wastewater	Unclassified		Gram-	Anaerobe			0.0								g__Syntrophus.json		d__Bacteria	p__Desulfobacterota	c__Syntrophia	o__Syntrophales	f__Syntrophaceae	g__Syntrophus			0.0			g__Syntrophus	genus
Tannerella forsythia ATCC 43037 (203275.8)	2.0	Human	28112.0	203275.8	GCF_001006485.1	2645727977.0	PMID:20203603; PMID:24861948	AGORA 1.03	0.0	0.0	Yes		Host-associated	Human	Oral	Digestive system	Gram-	Anaerobe	0.0	Nonmotile		3243107.0	2808.0	1527788.0	47.0	2754.0	98.08	ftp://ftp.ncbi.nlm.nih.gov/genomes/all/GCF/001/006/485/GCF_001006485.1_ASM100648v1	g__Tannerella.json	28112.0	d__Bacteria	p__Bacteroidota	c__Bacteroidia	o__Bacteroidales	f__Tannerellaceae	g__Tannerella	s__Tannerella forsythia_A	GCF_000411515.1				g__Tannerella	genus
	0.0	Human	1005995.0		GCF_000735525.1	2671180926.0	PMID:20203603; PMID:24861948	AGORA 1.03	0.0	0.0	Yes	0.0	Host-associated	Animal	Unclassified	Respiratory system	Gram-	0	0.0	0	0.0	3539047.0	3405.0	1826182.0	52.0	3282.0	96.39	ftp://ftp.ncbi.nlm.nih.gov/genomes/all/GCF/000/735/525/GCF_000735525.1_GTPT_DRAFTv1	g__Tatumella.json	1005995.0	d__Bacteria	p__Pseudomonadota	c__Gammaproteobacteria	o__Enterobacterales	f__Enterobacteriaceae	g__Tatumella	s__Tatumella ptyseos		0.0		0.0	g__Tatumella	genus
Clostridium glycolicum ATCC 14880 (1121315.3)		Human		1121315.3	GCF_000373865.1	2515154199.0			0.0	0.0	Yes	0.0	Environmental	Terrestrial	Unclassified	Soil	Gram+		0.0		0.0	4003496.0	3918.0	1134072.0	28.0	3842.0	98.06		g__Terrisporobacter.json		d__Bacteria	p__Bacillota	c__Clostridia	o__Peptostreptococcales	f__Peptostreptococcaceae	g__Terrisporobacter			0.0			g__Terrisporobacter	genus
	0.0	Human	290335.0			2836819050.0	https://www.biorxiv.org/content/10.1101/691030v1	Literature research	0.0	0.0	Yes	0.0	0	0	0	0	Gram+	Facultative anaerobe	0.0	0	0.0	2732026.0	2737.0	1008594.0	37.0	2589.0	94.59		g__Tetragenococcus.json	290335.0	d__Bacteria	p__Bacillota	c__Bacilli	o__Lactobacillales	f__Enterococcaceae	g__Tetragenococcus	s__Tetragenococcus koreensis		0.0	0.0	0.0	g__Tetragenococcus	genus
Thermoanaerobacter pseudethanolicus ATCC 33223 (340099.6)	1.0	Mouse	340099.0	340099.6	GCF_000019085.1	641522655.0	Personal communication, Dr. Jan Krumsiek	Personal communication	0.0	0.0	Yes	0.0	Environmental	Aquatic	Unclassified	Thermal springs	Gram+	Anaerobe		Motile	0.0	2362816.0	2363.0	815473.0	35.0	2291.0	96.95	ftp://ftp.ncbi.nlm.nih.gov/genomes/all/GCF/000/019/085/GCF_000019085.1_ASM1908v1	g__Thermoanaerobacter.json	340099.0	d__Bacteria	p__Bacillota	c__Thermoanaerobacteria	o__Thermoanaerobacterales	f__Thermoanaerobacteraceae	g__Thermoanaerobacter	s__Thermoanaerobacter pseudethanolicus		0.0			g__Thermoanaerobacter	genus
		Human					https://www.biorxiv.org/content/10.1101/691030v1	Literature research	0.0	0.0							Gram+	Anaerobe	0.0	0	0.0								g__Thermoclostridium.json		d__Bacteria	p__Bacillota	c__Clostridia	o__DSM-8532	f__DSM-8532	g__Thermoclostridium	s__Thermoclostridium stercorarium		0.0	0.0	0.0	g__Thermoclostridium	genus
		Human					PMID:31171880	Literature research	0.0	0.0	Yes	0.0					Gram-	Facultative	0.0	0	0.0				65.0				g__Thermus.json		d__Bacteria	p__Deinococcota	c__Deinococci	o__Deinococcales	f__Thermaceae	g__Thermus	s__Thermus scotoductus		0.0		0.0	g__Thermus	genus
									0.0	0.0	Yes	0.0	Host-associated			Digestive system	Gram+		0.0		0.0								g__Thomasclavelia.json		d__Bacteria	p__Bacillota_I	c__Bacilli_A	o__Erysipelotrichales	f__Coprobacillaceae	g__Thomasclavelia		NZ_FOIN01000088	0.0			g__Thomasclavelia	genus
	0.0	Human	1095772.0		GCF_000312125.1	2547132155.0	PMID:25567229	Literature research	0.0	0.0	Yes	0.0	Host-associated	Human	Large intestine	Digestive system	Gram+	Aerobe	0.0	Motile	0.0	2986605.0	2817.0	1834645.0	61.0	2735.0	97.09	ftp://ftp.ncbi.nlm.nih.gov/genomes/all/GCF/000/312/125/GCF_000312125.1_ASM31212v1	g__Timonella.json	1095772.0	d__Bacteria	p__Actinomycetota	c__Actinomycetes	o__Actinomycetales	f__Cellulomonadaceae	g__Timonella	s__Timonella senegalensis	GCF_000312125.1				g__Timonella	genus
	0.0	Human	1005994.0		GCF_000734965.1	2588253800.0	PMID:20203603; PMID:24861948	AGORA 1.03	0.0	0.0	Yes	0.0	Environmental	Unclassified	Unclassified	Unclassified	Gram-	0	0.0	0	0.0	4929751.0	4807.0	2641843.0	54.0	4740.0	98.61	ftp://ftp.ncbi.nlm.nih.gov/genomes/all/GCF/000/734/965/GCF_000734965.1_ASM73496v1	g__Trabulsiella.json	1005994.0	d__Bacteria	p__Pseudomonadota	c__Gammaproteobacteria	o__Enterobacterales	f__Enterobacteriaceae	g__Trabulsiella	s__Trabulsiella guamensis		0.0	0.0	0.0	g__Trabulsiella	genus
	0.0	Human	1504822.0		GCF_000752675.2		PMID:25567229	Literature research																				ftp://ftp.ncbi.nlm.nih.gov/genomes/all/GCF/000/752/675/GCF_000752675.2_Jeddahella_massiliensis	g__Tractidigestivibacter.json	1504822.0	d__Bacteria	p__Actinomycetota	c__Coriobacteriia	o__Coriobacteriales	f__Atopobiaceae	g__Tractidigestivibacter	s__Tractidigestivibacter sp000752675					g__Tractidigestivibacter	genus
	1.0	Human					PMID:31171880	Literature research	0.0	0.0	Yes	0.0	Host-associated				Gram-		0.0		0.0								g__Treponema.json		d__Bacteria	p__Spirochaetota	c__Spirochaetia	o__Treponematales	f__Treponemataceae	g__Treponema		GCF_000413035.1				g__Treponema	genus
		Human						Literature research	0.0	0.0	Yes	0.0	Host-associated				Gram-	Obligate anaerobe	0.0	0	0.0				38.0				g__Treponema_B.json		d__Bacteria	p__Spirochaetota	c__Spirochaetia	o__Treponematales	f__Treponemataceae	g__Treponema_B	s__Treponema_B denticola				0.0	g__Treponema_B	genus
		Human					PMID:31171880	Literature research	0.0	0.0	Yes	0.0	Host-associated			Digestive system	Gram-	Anaerobe	0.0		0.0								g__Treponema_D.json		d__Bacteria	p__Spirochaetota	c__Spirochaetia	o__Treponematales	f__Treponemataceae	g__Treponema_D					0.0	g__Treponema_D	genus
	2.0	Human							0.0	0.0	Yes		Host-associated				Gram+	Aerobe	0.0	Nonmotile	0.0				46.0				g__Tropheryma.json		d__Bacteria	p__Actinomycetota	c__Actinomycetes	o__Actinomycetales	f__Microbacteriaceae	g__Tropheryma	s__Tropheryma whipplei		0.0			g__Tropheryma	genus
	0.0	Human	1448141.0		GCF_000599565.1	2568526326.0	PMID:20203603; PMID:24861948	AGORA 1.03	0.0	0.0	Yes	0.0	0	0	0	0	Gram+	Facultative anaerobe	0.0	Nonmotile	0.0	2216617.0	2079.0	1326545.0	60.0	2020.0	97.16	ftp://ftp.ncbi.nlm.nih.gov/genomes/all/GCF/000/599/565/GCF_000599565.1_TruePyoMS2391.0	g__Trueperella.json	1448141.0	d__Bacteria	p__Actinomycetota	c__Actinomycetes	o__Actinomycetales	f__Actinomycetaceae	g__Trueperella	s__Trueperella pyogenes	GCF_000196075.1	0.0	0.0	0.0	g__Trueperella	genus
									0.0	0.0							Gram+		0.0		0.0								g__Turicibacter.json		d__Bacteria	p__Bacillota_I	c__Bacilli_A	o__MOL361	f__Turicibacteraceae	g__Turicibacter			0.0	0.0	0.0	g__Turicibacter	genus
	0.0							Literature research	0.0	0.0	Yes	0.0	Host-associated	Mammals	Unclassified	Unclassified	Gram-	0	0.0	0	0.0				44.0				g__Turicimonas.json		d__Bacteria	p__Pseudomonadota	c__Gammaproteobacteria	o__Burkholderiales	f__Burkholderiaceae_F	g__Turicimonas	s__Turicimonas muris	GCF_001688905.2	0.0	0.0	0.0	g__Turicimonas	genus
		Human							0.0	0.0	Yes		Host-associated		Unclassified		Gram-	Facultative anaerobe	0.0		0.0								g__Ureaplasma.json		d__Bacteria	p__Bacillota_I	c__Bacilli_A	o__Mycoplasmatales	f__Mycoplasmoidaceae	g__Ureaplasma						g__Ureaplasma	genus
Ureibacillus thermosphaericus str. Thermo-BF (1160707.3)	2.0	Human	1160707.0	1160707.3	GCF_000284835.1	2548876990.0	PMID:20203603; PMID:24861948	AGORA 1.03	0.0	0.0	Yes	0.0	Environmental	Aquatic	Unclassified	Thermal springs	Gram+	Obligate aerobe	0.0	0	0.0	2846106.0	2809.0	1012645.0	36.0	2769.0	98.58	ftp://ftp.ncbi.nlm.nih.gov/genomes/all/GCF/000/284/835/GCF_000284835.1_UreThermo-BF	g__Ureibacillus.json	1160707.0	d__Bacteria	p__Bacillota	c__Bacilli	o__Bacillales_A	f__Planococcaceae	g__Ureibacillus	s__Ureibacillus thermosphaericus	GCF_000169595.1	0.0	0.0	0.0	g__Ureibacillus	genus
	0.0	Human					https://www.biorxiv.org/content/10.1101/691030v1	Literature research	0.0	0.0	Yes	0.0					Gram+	Facultative anaerobe	0.0	0	0.0								g__Vagococcus.json		d__Bacteria	p__Bacillota	c__Bacilli	o__Lactobacillales	f__Vagococcaceae	g__Vagococcus			0.0	0.0	0.0	g__Vagococcus	genus
	0.0	Mouse	1185412.0		GCF_003313305.1		Personal communication, Dr. Jan Krumsiek	Personal communication	0.0	0.0							Gram+	0	0.0	0	0.0							ftp://ftp.ncbi.nlm.nih.gov/genomes/all/GCF/003/313/305/GCF_003313305.1_ASM331330v1	g__Vallitalea.json	1185412.0	d__Bacteria	p__Bacillota	c__Clostridia	o__Lachnospirales	f__Vallitaleaceae	g__Vallitalea	s__Vallitalea guaymasensis		0.0	0.0	0.0	g__Vallitalea	genus
	0.0	Mouse	2078660.0		GCF_002964605.1	2786546840.0	Personal communication, Dr. Jan Krumsiek	Personal communication	0.0	0.0	Yes	0.0	Environmental	Aquatic	Sediment	Marine	Gram+	0	0.0	0	0.0	5851911.0	5321.0	1981394.0	34.0	5225.0	98.2	ftp://ftp.ncbi.nlm.nih.gov/genomes/all/GCF/002/964/605/GCF_002964605.1_ASM296460v1	g__Vallitalea_A.json	2078660.0	d__Bacteria	p__Bacillota	c__Clostridia	o__Lachnospirales	f__PQDH01	g__Vallitalea_A	s__Vallitalea_A okinawensis		0.0	0.0	0.0	g__Vallitalea_A	genus
	0.0	Human							0.0	0.0	Yes	0.0					Gram+	Anaerobe	0.0	0	0.0				53.0				g__Varibaculum.json		d__Bacteria	p__Actinomycetota	c__Actinomycetes	o__Actinomycetales	f__Actinomycetaceae	g__Varibaculum	s__Varibaculum cambriense	GCF_001553285.1	0.0	0.0	0.0	g__Varibaculum	genus
		Human					https://www.biorxiv.org/content/10.1101/691030v1	Literature research	0.0	0.0	Yes	0.0					Gram-	Aerobe	0.0		0.0								g__Variovorax.json		d__Bacteria	p__Pseudomonadota	c__Gammaproteobacteria	o__Burkholderiales	f__Burkholderiaceae_C	g__Variovorax			0.0	0.0	0.0	g__Variovorax	genus
		Human							0.0	0.0	Yes	0.0					Gram-		0.0										g__Veillonella.json		d__Bacteria	p__Bacillota	c__Negativicutes	o__Veillonellales	f__Veillonellaceae	g__Veillonella						g__Veillonella	genus
		Human							0.0	0.0	Yes	0.0	Host-associated				Gram-		0.0		0.0								g__Veillonella_A.json		d__Bacteria	p__Bacillota	c__Negativicutes	o__Veillonellales	f__Veillonellaceae	g__Veillonella_A		GCF_000428745.1	0.0		0.0	g__Veillonella_A	genus
	0.0	Mouse	290052.0		GCF_001461035.1	2724679012.0	Personal communication, Dr. Jan Krumsiek	Personal communication	0.0	0.0	Yes	0.0	0	0	0	0	Gram+	Anaerobe	0.0	Motile	0.0	3634069.0	3697.0	1490506.0	41.0	3616.0	97.81	ftp://ftp.ncbi.nlm.nih.gov/genomes/all/GCF/001/461/035/GCF_001461035.1_ASM146103v1	g__Velocimicrobium.json	290052.0	d__Bacteria	p__Bacillota	c__Clostridia	o__Lachnospirales	f__Lachnospiraceae	g__Velocimicrobium	s__Velocimicrobium ethanolgignens	NZ_LNAM01000001	0.0	0.0	0.0	g__Velocimicrobium	genus
		Human							0.0	0.0	Yes						Gram-	Facultative anaerobe	0.0		0.0								g__Vibrio.json		d__Bacteria	p__Pseudomonadota	c__Gammaproteobacteria	o__Enterobacterales	f__Vibrionaceae	g__Vibrio			0.0			g__Vibrio	genus
	0.0	Human	1462526.0			2617271113.0	PMID:25567229	Literature research	0.0	0.0	Yes	0.0	0	0	0	0	Gram+	Aerobe	0.0	0	0.0	4353177.0	4408.0	1605022.0	37.0	4349.0	98.66		g__Virgibacillus.json	1462526.0	d__Bacteria	p__Bacillota	c__Bacilli	o__Bacillales	f__Amphibacillaceae	g__Virgibacillus	s__Virgibacillus salexigens		0.0	0.0	0.0	g__Virgibacillus	genus
	0.0	Human	1689272.0		GCF_001457815.1		PMID:30745586	Literature research									Gram-	Aerobe										ftp.ncbi.nlm.nih.gov/genomes/all/GCF/001/457/815/GCF_001457815.1_Vitreoscilla_massiliensis	g__Vitreoscilla.json	1689272.0	d__Bacteria	p__Pseudomonadota	c__Gammaproteobacteria	o__Burkholderiales	f__Neisseriaceae	g__Vitreoscilla	s__Vitreoscilla massiliensis	GCF_001457815.1				g__Vitreoscilla	genus
		Human							0.0	0.0	Yes	0.0					Gram+	Aerotolerant	0.0		0.0								g__Weissella.json		d__Bacteria	p__Bacillota	c__Bacilli	o__Lactobacillales	f__Lactobacillaceae	g__Weissella			0.0	0.0	0.0	g__Weissella	genus
	0.0	Human	1720302.0		GCF_900018785.1		PMID:30745586	Literature research									Gram-	Aerobe										ftp.ncbi.nlm.nih.gov/genomes/all/GCF/900/018/785/GCF_900018785.1_Xanthomonas_massiliensis	g__Xanthomonas_B.json	1720302.0	d__Bacteria	p__Pseudomonadota	c__Gammaproteobacteria	o__Xanthomonadales	f__Xanthomonadaceae	g__Xanthomonas_B	s__Xanthomonas_B massiliensis	GCF_900018785.1				g__Xanthomonas_B	genus
		Human							0.0	0.0	Yes						Gram-	Facultative anaerobe	0.0		0.0								g__Yersinia.json		d__Bacteria	p__Pseudomonadota	c__Gammaproteobacteria	o__Enterobacterales	f__Enterobacteriaceae	g__Yersinia						g__Yersinia	genus
Yokenella regensburgei ATCC 43003 (1002368.3)	2.0	Human	1002368.0	1002368.3	GCF_000239335.1	2534682241.0	PMID:20203603; PMID:24861948	AGORA 1.03	0.0	0.0	Yes	0.0	Host-associated	Human	Large intestine	Digestive system	Gram-	0	0.0	0	0.0	4681132.0	4795.0	2566283.0	55.0	4710.0	98.23	ftp://ftp.ncbi.nlm.nih.gov/genomes/all/GCF/000/239/335/GCF_000239335.1_ASM23933v1	g__Yokenella.json	1002368.0	d__Bacteria	p__Pseudomonadota	c__Gammaproteobacteria	o__Enterobacterales	f__Enterobacteriaceae	g__Yokenella	s__Yokenella regensburgei	GCF_000239335.1			0.0	g__Yokenella	genus
	0.0	Human	314232.0		GCF_002158905.1	638341119.0	https://www.biorxiv.org/content/10.1101/691030v1	Literature research	0.0	0.0	Yes	0.0	Environmental	Aquatic	Unclassified	Marine	Gram-	Aerobe	0.0	Nonmotile	0.0	3063691.0	3117.0	1837039.0	60.0	3068.0	98.43	ftp://ftp.ncbi.nlm.nih.gov/genomes/all/GCF/002/158/905/GCF_002158905.1_ASM215890v1	g__Yoonia.json	314232.0	d__Bacteria	p__Pseudomonadota	c__Alphaproteobacteria	o__Rhodobacterales	f__Rhodobacteraceae	g__Yoonia	s__Yoonia vestfoldensis_A		0.0			g__Yoonia	genus
