pubseedid	2 - complete comparative genomics; 1 - certain comparative genomics; 0 - no comparative genomics	strain	species	genus	family	order	class	phylum	kingdom	host	ncbi taxonomy id	annotation version id	gcf id	img genome id	strain/species reference	reference category	ecotype	specific ecosystem	cultured	diseases	ecosystem	ecosystem category	ecosystem subtype	ecosystem type	gram staining	oxygen requirement	metabolism	motility	sample body subsite	genome size   * assembled	gene count   * assembled	gc count   * assembled	gc   * assembled	cds count   * assembled	cds %   * assembled	genome link	file	sample body site	refseq id	habitat	cell shape	id	summary_rank
Abiotrophia defectiva ATCC 49176 (592010.4)	2.0	Abiotrophia defectiva ATCC 49176	Abiotrophia defectiva	Abiotrophia	Aerococcaceae	Lactobacillales	Bacilli	Firmicutes	Bacteria	Human	592010.0	592010.4	GCF_000160075.2	2562617177.0	PMID:20203603; PMID:24861948	AGORA 1.03	0.0	0.0	Yes	0.0	Host-associated	Human	Blood	Circulatory system	Gram+	Facultative anaerobe	0.0	Nonmotile	0.0	2041839.0	2009.0	959280.0	47.0	1950.0	97.06	ftp://ftp.ncbi.nlm.nih.gov/genomes/all/GCF/000/160/075/GCF_000160075.2_ASM16007v2	Abiotrophia.json					Abiotrophia	genus
Acaricomes phytoseiuli DSM 14247 (1120917.3)	1.0	Acaricomes phytoseiuli DSM 14247	Acaricomes phytoseiuli	Acaricomes	Micrococcaceae	Micrococcales	Actinomycetia	Actinobacteria	Bacteria	Human	1120917.0	1120917.3	GCF_000376245.1	2517572146.0	PMID:31275260	Literature research	0.0	0.0	Yes	0.0	Host-associated	Unclassified	Unclassified	Unclassified	Gram+	Aerobe	0.0	Nonmotile	0.0	2419519.0	2387.0	1506904.0	62.0	2326.0	97.44	ftp://ftp.ncbi.nlm.nih.gov/genomes/all/GCF/000/376/245/GCF_000376245.1_ASM37624v1	Acaricomes.json	0.0				Acaricomes	genus
	0.0	Acaryochloris marina MBIC11017	Acaryochloris marina	Acaryochloris	Acaryochloridaceae	Synechococcales	unclassified Cyanobacteria	Cyanobacteria	Bacteria	Human	329726.0		GCF_000018105.1	641228474.0	PMID:31092280	DAR genome selection	0.0	0.0	Yes	0.0	Host-associated	Animal	Unclassified	Unclassified	Gram-	Aerobe	0.0	Nonmotile	0.0	8361599.0	8488.0	3926263.0	47.0	8409.0	99.07	ftp://ftp.ncbi.nlm.nih.gov/genomes/all/GCF/000/018/105/GCF_000018105.1_ASM1810v1	Acaryochloris.json	0.0	GCF_000018105.1			Acaryochloris	genus
	0.0	Acetanaerobacterium elongatum	Acetanaerobacterium elongatum	Acetanaerobacterium	Oscillospiraceae	Eubacteriales	Clostridia	Firmicutes	Bacteria	Human	258515.0		GCF_900103835.1	2667527408.0	https://www.biorxiv.org/content/10.1101/691030v1	Literature research	0.0	0.0	Yes	0.0	0	0	0	0	Gram+	Anaerobe	0.0	Motile	0.0	2916215.0	2842.0	1429234.0	49.0	2773.0	97.57	ftp://ftp.ncbi.nlm.nih.gov/genomes/all/GCF/900/103/835/GCF_900103835.1_IMG-taxon_2667527408_annotated_assembly	Acetanaerobacterium.json	0.0		0.0		Acetanaerobacterium	genus
	0.0	Acetatifactor muris	Acetatifactor muris	Acetatifactor	Lachnospiraceae	Eubacteriales	Clostridia	Firmicutes	Bacteria	Mouse	879566.0		GCF_900248245.1	2831971958.0	PMID:27670113	Literature research	0.0	0.0	Yes	0.0	Host-associated	Unclassified	Unclassified	Unclassified	Gram+	Anaerobe	0.0	Nonmotile	0.0	6013646.0	6002.0	2868509.0	48.0	5901.0	98.32	ftp://ftp.ncbi.nlm.nih.gov/genomes/all/GCF/900/248/245/GCF_900248245.1_Amuris69	Acetatifactor.json	0.0		0.0		Acetatifactor	genus
				Acetivibrio	Oscillospiraceae	Eubacteriales	Clostridia	Firmicutes	Bacteria								0.0	0.0	Yes	0.0					Gram+	Anaerobe			0.0								Acetivibrio.json	0.0				Acetivibrio	genus
Clostridium sticklandii DSM 519 (499177.3)	2.0	Acetoanaerobium sticklandii DSM 519	Acetoanaerobium sticklandii	Acetoanaerobium	Peptostreptococcaceae	Eubacteriales	Clostridia	Firmicutes	Bacteria	Human	499177.0	499177.3	GCF_000196455.1		PMID:20203603; PMID:24861948	AGORA 1.03	0.0	0.0							Gram+	Anaerobe	0.0	Motile	0.0							ftp://ftp.ncbi.nlm.nih.gov/genomes/all/GCF/000/196/455/GCF_000196455.1_ASM19645v1	Acetoanaerobium.json	0.0		0.0	0.0	Acetoanaerobium	genus
	0.0	Acetobacterium wieringae	Acetobacterium wieringae	Acetobacterium	Eubacteriaceae	Eubacteriales	Clostridia	Firmicutes	Bacteria	Mouse	52694.0		GCF_001766835.1	2690315663.0	Personal communication, Dr. Jan Krumsiek	Personal communication	0.0	0.0	Yes	0.0	Engineered	Wastewater	Dissolved organics (anaerobic)	Nutrient removal	Gram+	Anaerobe	0.0	0	0.0	3895828.0	3664.0	1716937.0	44.0	3619.0	98.77	ftp://ftp.ncbi.nlm.nih.gov/genomes/all/GCF/001/766/835/GCF_001766835.1_ASM176683v1	Acetobacterium.json	0.0		0.0	0.0	Acetobacterium	genus
Anaerobaculum hydrogeniformans ATCC BAA-1850 (592015.5)	2.0	Acetomicrobium hydrogeniformans	Anaerobaculum hydrogeniformans	Acetomicrobium	Synergistaceae	Synergistales	Synergistia	Synergistetes	Bacteria	Human	649746.0	592015.5	GCF_000160455.2		PMID:20203603; PMID:24861948	AGORA 1.03	0.0	0.0							Gram-	Anaerobe	0.0	0	0.0							ftp://ftp.ncbi.nlm.nih.gov/genomes/all/GCF/000/160/455/GCF_000160455.2_ASM16045v2	Acetomicrobium.json	0.0		0.0	0.0	Acetomicrobium	genus
Acetonema longum DSM 6540 (1009370.3)	1.0	Acetonema longum DSM 6540	Acetonema longum	Acetonema	Sporomusaceae	Selenomonadales	Negativicutes	Firmicutes	Bacteria	Human	1009370.0	1009370.3	GCF_000219125.1	651324002.0	https://www.biorxiv.org/content/10.1101/691030v1	Literature research	0.0	0.0	Yes	0.0	Host-associated	Insecta	Unclassified	Digestive system	Gram-	Anaerobe	0.0	0	0.0	4323011.0	4347.0	2177104.0	50.0	4284.0	98.55	ftp://ftp.ncbi.nlm.nih.gov/genomes/all/GCF/000/219/125/GCF_000219125.1_ASM21912v1	Acetonema.json	0.0				Acetonema	genus
				Achromobacter	Alcaligenaceae	Burkholderiales	Betaproteobacteria	Proteobacteria	Bacteria	Human							0.0	0.0	Yes						Gram-	Aerobe	0.0	Motile	0.0								Achromobacter.json	0.0				Achromobacter	genus
	0.0	Acidaminobacter hydrogenoformans DSM 2784	Acidaminobacter hydrogenoformans	Acidaminobacter	Eubacteriales Family XII. Incertae Sedis	Eubacteriales	Clostridia	Firmicutes	Bacteria	Human	1120920.0		GCF_900103005.1	2599185234.0	https://www.biorxiv.org/content/10.1101/691030v1	Literature research	0.0	0.0	Yes	0.0	0	0	0	0	Gram-	Anaerobe	0.0	Nonmotile	0.0	3615609.0	3376.0	1762943.0	49.0	3280.0	97.16	ftp://ftp.ncbi.nlm.nih.gov/genomes/all/GCF/900/103/005/GCF_900103005.1_IMG-taxon_2599185234_annotated_assembly	Acidaminobacter.json	0.0				Acidaminobacter	genus
				Acidaminococcus	Acidaminococcaceae	Acidaminococcales	Negativicutes	Firmicutes	Bacteria	Human							0.0	0.0							Gram-	Anaerobe	0.0	0	0.0								Acidaminococcus.json	0.0		0.0	0.0	Acidaminococcus	genus
Propionibacterium acidipropionici ATCC 4875 (1171373.8)				Acidipropionibacterium	Propionibacteriaceae	Propionibacteriales	Actinomycetia	Actinobacteria	Bacteria	Human		1171373.8			PMID:20203603; PMID:24861948	AGORA 1.03	0.0	0.0	Yes	0.0	Engineered	Food production	Unclassified	Dairy products	Gram+	Anaerobe	0.0		0.0				69.0				Acidipropionibacterium.json	0.0	GCF_000162935.1			Acidipropionibacterium	genus
				Acidobacterium	Acidobacteriaceae	Acidobacteriales	Acidobacteriia	Acidobacteria	Bacteria	Mouse					Personal communication, Dr. Jan Krumsiek	Personal communication	0.0	0.0							Gram-	Obligate aerobe	0.0		0.0								Acidobacterium.json	0.0		0.0	0.0	Acidobacterium	genus
	0.0	Acidovorax caeni	Acidovorax caeni	Acidovorax	Comamonadaceae	Burkholderiales	Betaproteobacteria	Proteobacteria	Bacteria	Human	343013.0		GCF_001298675.1	2740892283.0	https://www.biorxiv.org/content/10.1101/691030v1	Literature research	0.0	0.0	Yes	0.0	0	0	0	0	Gram-	Anaerobe	0.0	Motile	0.0	4174129.0	3952.0	2734603.0	66.0	3882.0	98.23	ftp://ftp.ncbi.nlm.nih.gov/genomes/all/GCF/001/298/675/GCF_001298675.1_Draft_Genome	Acidovorax.json	0.0	GCF_001298675.1	0.0		Acidovorax	genus
				Acinetobacter	Moraxellaceae	Moraxellales	Gammaproteobacteria	Proteobacteria	Bacteria	Human							0.0	0.0	Yes						Gram-	Aerobe	0.0		0.0								Acinetobacter.json	0.0				Acinetobacter	genus
			Actinobacillus pleuropneumoniae	Actinobacillus	Pasteurellaceae	Pasteurellales	Gammaproteobacteria	Proteobacteria	Bacteria	Human							0.0	0.0	Yes						Gram-	Aerobe		Nonmotile									Actinobacillus.json					Actinobacillus	genus
				Actinomyces	Actinomycetaceae	Actinomycetales	Actinomycetia	Actinobacteria	Bacteria								0.0	0.0							Gram+	Facultative anaerobe	0.0		0.0								Actinomyces.json	0.0		0.0	0.0	Actinomyces	genus
	0.0	Acutalibacter muris	Acutalibacter muris	Acutalibacter	Oscillospiraceae	Eubacteriales	Clostridia	Firmicutes	Bacteria	Mouse	1796620.0		GCF_002201475.1	2757320831.0	PMID:27670113	Literature research	0.0	0.0	Yes	0.0	Host-associated	Mammals	Unclassified	Unclassified	Gram+	Anaerobe	0.0	0	0.0	3802913.0	3883.0	2077940.0	55.0	3819.0	98.35	ftp://ftp.ncbi.nlm.nih.gov/genomes/all/GCF/002/201/475/GCF_002201475.1_ASM220147v1	Acutalibacter.json	0.0	NZ_CP021422	0.0	0.0	Acutalibacter	genus
				Adlercreutzia	Eggerthellaceae	Eggerthellales	Coriobacteriia	Actinobacteria	Bacteria								0.0	0.0	Yes	0.0					Gram+		0.0		0.0								Adlercreutzia.json	0.0			0.0	Adlercreutzia	genus
	0.0	Advenella mimigardefordensis DPN7	Advenella mimigardefordensis	Advenella	Alcaligenaceae	Burkholderiales	Betaproteobacteria	Proteobacteria	Bacteria	Human	1247726.0		GCF_000521505.1	2548877156.0	https://www.biorxiv.org/content/10.1101/691030v1	Literature research	0.0	0.0	Yes	0.0	Engineered	Solid waste	Composting	Unknown material	Gram-	Obligate aerobe		Motile	0.0	4764126.0	4129.0	2583218.0	54.0	4084.0	98.91	ftp://ftp.ncbi.nlm.nih.gov/genomes/all/GCF/000/521/505/GCF_000521505.1_ASM52150v1	Advenella.json	0.0	GCF_000521505.1			Advenella	genus
				Aerococcus	Aerococcaceae	Lactobacillales	Bacilli	Firmicutes	Bacteria	Human							0.0	0.0	Yes	0.0					Gram+	Microaerophile	0.0		0.0				39.0				Aerococcus.json	0.0		0.0	0.0	Aerococcus	genus
Aeromicrobium sp. JC14 (1033730.3)	1.0	Aeromicrobium massiliense JC14	Aeromicrobium massiliense	Aeromicrobium	Nocardioidaceae	Propionibacteriales	Actinomycetia	Actinobacteria	Bacteria	Human	1033730.0	1033730.3	GCF_000312105.1	2636416159.0	PMID:31275260	Literature research	0.0	0.0	Yes	0.0	Host-associated	Human	Large intestine	Digestive system	Gram+	Aerobe	0.0	Motile		6757104.0	7156.0	4426853.0	66.0	7042.0	98.41	ftp://ftp.ncbi.nlm.nih.gov/genomes/all/GCF/000/312/105/GCF_000312105.1_ASM31210v1	Aeromicrobium.json		GCF_000312105.1			Aeromicrobium	genus
				Aeromonas	Aeromonadaceae	Aeromonadales	Gammaproteobacteria	Proteobacteria	Bacteria	Human							0.0	0.0	Yes	0.0					Gram-	Facultative anaerobe	0.0		0.0								Aeromonas.json	0.0				Aeromonas	genus
Afipia birgiae 34632 (1197906.5)	2.0	Afipia birgiae 34632	Afipia birgiae	Afipia	Bradyrhizobiaceae	Hyphomicrobiales	Alphaproteobacteria	Proteobacteria	Bacteria	Human	1197906.0	1197906.5	GCF_000308295.2	2551306146.0	PMID:20203603; PMID:24861948	AGORA 1.03	0.0	0.0	Yes	0.0	Environmental	Aquatic	Drinking water	Freshwater	Gram-	0	0.0	0	0.0	5245459.0	5198.0	3191067.0	61.0	5125.0	98.6	ftp://ftp.ncbi.nlm.nih.gov/genomes/all/GCF/000/308/295/GCF_000308295.2_Ab_34632	Afipia.json	0.0	GCF_000204115.1		0.0	Afipia	genus
	0.0	Agathobaculum desmolans ATCC 43058	Agathobaculum desmolans	Agathobaculum	Oscillospiraceae	Eubacteriales	Clostridia	Firmicutes	Bacteria	Human	1408437.0		GCF_000701665.1	2561511082.0	PMID:20203603; PMID:24861948	AGORA 1.03	0.0	0.0	Yes	0.0	Host-associated	Animal	Intestine	Digestive system	Gram+	0	0.0	0	0.0	2652605.0	2763.0	1434154.0	54.0	2695.0	97.54	ftp://ftp.ncbi.nlm.nih.gov/genomes/all/GCF/000/701/665/GCF_000701665.1_ASM70166v1	Agathobaculum.json	0.0			0.0	Agathobaculum	genus
				Aggregatibacter	Pasteurellaceae	Pasteurellales	Gammaproteobacteria	Proteobacteria	Bacteria	Human							0.0	0.0	Yes	0.0					Gram-	Facultative anaerobic	0.0		0.0								Aggregatibacter.json					Aggregatibacter	genus
				Agrobacterium	Rhizobiaceae	Hyphomicrobiales	Alphaproteobacteria	Proteobacteria	Bacteria	Human							0.0	0.0	Yes						Gram-				0.0								Agrobacterium.json	0.0				Agrobacterium	genus
Akkermansia muciniphila ATCC BAA-835 (349741.6)				Akkermansia	Akkermansiaceae	Verrucomicrobiales	Verrucomicrobiae	Verrucomicrobia	Bacteria	Human		349741.6					0.0	0.0	Yes	0.0					Gram-		0.0		0.0								Akkermansia.json					Akkermansia	genus
			Alcaligenes faecalis	Alcaligenes	Alcaligenaceae	Burkholderiales	Betaproteobacteria	Proteobacteria	Bacteria	Human							0.0	0.0	Yes	0.0					Gram-	Aerobe	0.0		0.0								Alcaligenes.json	0.0		0.0	0.0	Alcaligenes	genus
			Aliarcobacter butzleri	Aliarcobacter	Arcobacteraceae	Campylobacterales	Epsilonproteobacteria	Proteobacteria	Bacteria	Human							0.0	0.0	Yes	0.0					Gram-	Aerobe	0.0	Motile					27.0				Aliarcobacter.json					Aliarcobacter	genus
	1.0			Aliivibrio	Vibrionaceae	Vibrionales	Gammaproteobacteria	Proteobacteria	Bacteria	Human					PMID:31092280	DAR genome selection	0.0	0.0	Yes	0.0	Host-associated		Unclassified	Unclassified	Gram-	Facultative	0.0	Motile	0.0								Aliivibrio.json	0.0				Aliivibrio	genus
				Alistipes	Rikenellaceae	Bacteroidales	Bacteroidia	Bacteroidetes	Bacteria								0.0	0.0	Yes	0.0					Gram-	Obligate anaerobe	0.0										Alistipes.json					Alistipes	genus
	0.0	Alkalibaculum bacchi	Alkalibaculum bacchi	Alkalibaculum	Eubacteriaceae	Eubacteriales	Clostridia	Firmicutes	Bacteria	Human	645887.0		GCF_003317055.1	2770939553.0	https://www.biorxiv.org/content/10.1101/691030v1	Literature research	0.0	0.0	Yes	0.0	Environmental	Terrestrial	Unclassified	Soil	Gram+	Anaerobe	0.0	0	0.0	3098941.0	2947.0	1074836.0	35.0	2859.0	97.01	ftp://ftp.ncbi.nlm.nih.gov/genomes/all/GCF/003/317/055/GCF_003317055.1_ASM331705v1	Alkalibaculum.json	0.0	GCF_003317055.1		0.0	Alkalibaculum	genus
				Alkalihalobacillus	Bacillaceae	Bacillales	Bacilli	Firmicutes	Bacteria	Human							0.0	0.0	Yes	0.0					Gram+		0.0		0.0								Alkalihalobacillus.json	0.0		0.0	0.0	Alkalihalobacillus	genus
Bacillus pseudofirmus OF4 (398511.4)	2.0	Alkalihalophilus pseudofirmus OF4	Alkalihalophilus pseudofirmus	Alkalihalophilus	Bacillaceae	Bacillales	Bacilli	Firmicutes	Bacteria	Human	398511.0	398511.4	GCF_000005825.2	646311908.0	PMID:20203603; PMID:24861948	AGORA 1.03	0.0	0.0	Yes	0.0	Environmental	Terrestrial	Unclassified	Soil	Gram+	Facultative anaerobe	0.0	Motile	0.0	4249248.0	4434.0	1693774.0	40.0	4335.0	97.77	ftp://ftp.ncbi.nlm.nih.gov/genomes/all/GCF/000/005/825/GCF_000005825.2_ASM582v2	Alkalihalophilus.json	0.0				Alkalihalophilus	genus
	0.0	Alkaliphilus transvaalensis ATCC 700919	Alkaliphilus transvaalensis	Alkaliphilus	Clostridiaceae	Eubacteriales	Clostridia	Firmicutes	Bacteria	Mouse	1408422.0		GCF_000621485.1	2558309003.0	Personal communication, Dr. Jan Krumsiek	Personal communication	0.0	0.0	Yes	0.0	Engineered	Wastewater	Mine water	Industrial wastewater	Gram+	0	0.0	0	0.0	4024838.0	3800.0	1366246.0	34.0	3729.0	98.13	ftp://ftp.ncbi.nlm.nih.gov/genomes/all/GCF/000/621/485/GCF_000621485.1_ASM62148v1	Alkaliphilus.json	0.0			0.0	Alkaliphilus	genus
Allobaculum stercoricanis DSM 13633 (1050201.3)	1.0	Allobaculum stercoricanis DSM 13633	Allobaculum stercoricanis	Allobaculum	Erysipelotrichaceae	Erysipelotrichales	Erysipelotrichia	Firmicutes	Bacteria	Mouse	1050201.0	1050201.3	GCF_000384195.1	2516493028.0	Personal communication, Dr. Jan Krumsiek	Personal communication	0.0	0.0	Yes	0.0	Host-associated	Mammals	Large intestine	Digestive system	Gram+	Anaerobe	0.0	0		2052877.0	1853.0	776526.0	38.0	1748.0	94.33	ftp://ftp.ncbi.nlm.nih.gov/genomes/all/GCF/000/384/195/GCF_000384195.1_ASM38419v1	Allobaculum.json					Allobaculum	genus
Alloiococcus otitis ATCC 51267 (883081.3)	1.0	Alloiococcus otitis ATCC 51267	Alloiococcus otitis	Alloiococcus	Carnobacteriaceae	Lactobacillales	Bacilli	Firmicutes	Bacteria	Human	883081.0	883081.3	GCF_000315445.1	2537561904.0	https://www.biorxiv.org/content/10.1101/691030v1	Literature research	0.0	0.0	Yes	0.0	Host-associated	Human	Unclassified	Skin	Gram+	0	0.0	0	0.0	1784056.0	1691.0	795717.0	45.0	1630.0	96.39	ftp://ftp.ncbi.nlm.nih.gov/genomes/all/GCF/000/315/445/GCF_000315445.1_Allo_otit_ATCC_51267_V1	Alloiococcus.json				0.0	Alloiococcus	genus
				Alloprevotella	Prevotellaceae	Bacteroidales	Bacteroidia	Bacteroidetes	Bacteria	Human							0.0	0.0	Yes	0.0	Host-associated			Digestive system	Gram-	Anaerobe	0.0		0.0								Alloprevotella.json					Alloprevotella	genus
	0.0		Alloscardovia omnicolens	Alloscardovia	Bifidobacteriaceae	Bifidobacteriales	Actinomycetia	Actinobacteria	Bacteria	Human					PMID:31171880	Literature research	0.0	0.0	Yes	0.0	Host-associated	Human			Gram+	Anaerobe	0.0	Nonmotile	0.0				47.0				Alloscardovia.json	0.0		0.0	0.0	Alloscardovia	genus
Eubacterium dolichum DSM 3991 (428127.7)	2.0	Amedibacillus dolichus DSM 3991	Amedibacillus dolichus	Amedibacillus	Erysipelotrichaceae	Erysipelotrichales	Erysipelotrichia	Firmicutes	Bacteria	Human	428127.0	428127.7	GCF_000154285.1	641380446.0	PMID:20203603; PMID:24861948	AGORA 1.03	0.0	0.0	Yes	0.0	Host-associated	Human	Large intestine	Digestive system	Gram+	Anaerobe	0.0	0	0.0	2190453.0	2398.0	834744.0	38.0	2350.0	98.0	ftp://ftp.ncbi.nlm.nih.gov/genomes/all/GCF/000/154/285/GCF_000154285.1_ASM15428v1	Amedibacillus.json					Amedibacillus	genus
	0.0	Aminivibrio pyruvatiphilus	Aminivibrio pyruvatiphilus	Aminivibrio	Synergistaceae	Synergistales	Synergistia	Synergistetes	Bacteria	Human	1005740.0		GCF_004366815.1	2756170234.0	https://www.biorxiv.org/content/10.1101/691030v1	Literature research	0.0	0.0	Yes	0.0	Environmental	Terrestrial	Unclassified	Soil	Gram-	Anaerobe	0.0	0	0.0	3347494.0	3061.0	1996312.0	60.0	3005.0	98.17	ftp://ftp.ncbi.nlm.nih.gov/genomes/all/GCF/004/366/815/GCF_004366815.1_ASM436681v1	Aminivibrio.json	0.0	GCF_004366815.1	0.0	0.0	Aminivibrio	genus
	0.0	Anaerobiospirillum succiniciproducens DSM 6400	Anaerobiospirillum succiniciproducens	Anaerobiospirillum	Succinivibrionaceae	Aeromonadales	Gammaproteobacteria	Proteobacteria	Bacteria	Human	1120988.0		GCF_000482845.1	2528768184.0	PMID:20203603; PMID:24861948	AGORA 1.03	0.0	0.0	Yes	0.0	Host-associated	Animal	Unclassified	Respiratory system	Gram-	Anaerobe		Motile		3806682.0	2345.0	1655154.0	44.0	2267.0	96.67	ftp://ftp.ncbi.nlm.nih.gov/genomes/all/GCF/000/482/845/GCF_000482845.1_ASM48284v1	Anaerobiospirillum.json					Anaerobiospirillum	genus
Eubacterium hallii DSM 3353 (411469.3)				Anaerobutyricum	Lachnospiraceae	Eubacteriales	Clostridia	Firmicutes	Bacteria	Human		411469.3		643886203.0	PMID:20203603; PMID:24861948	AGORA 1.03	0.0	0.0	Yes	0.0	Host-associated	Human	Large intestine	Digestive system	Gram+		0.0	0	0.0	3290996.0	3297.0	1256957.0	38.0	3233.0	98.06		Anaerobutyricum.json					Anaerobutyricum	genus
				Anaerococcus	Peptoniphilaceae	Tissierellales	Tissierellia	Firmicutes	Bacteria	Human							0.0	0.0	Yes	0.0					Gram+		0.0										Anaerococcus.json					Anaerococcus	genus
Anaerofustis stercorihominis DSM 17244 (445971.6)	2.0	Anaerofustis stercorihominis DSM 17244	Anaerofustis stercorihominis	Anaerofustis	Eubacteriaceae	Eubacteriales	Clostridia	Firmicutes	Bacteria	Human	445971.0	445971.6	GCF_000154825.1	641736193.0	PMID:20203603; PMID:24861948	AGORA 1.03	0.0	0.0	Yes	0.0	Host-associated	Human	Large intestine	Digestive system	Gram+	Anaerobe	0.0	0	0.0	2284603.0	2381.0	761765.0	33.0	2331.0	97.9	ftp://ftp.ncbi.nlm.nih.gov/genomes/all/GCF/000/154/825/GCF_000154825.1_ASM15482v1	Anaerofustis.json					Anaerofustis	genus
Anaeroglobus geminatus F0357 (861450.3)	1.0	Anaeroglobus geminatus F0357	Anaeroglobus geminatus	Anaeroglobus	Veillonellaceae	Veillonellales	Negativicutes	Firmicutes	Bacteria	Human	861450.0	861450.3	GCF_000239275.1	2513237300.0	PMID:31171880	Literature research	0.0	0.0	Yes	0.0	Host-associated	Human	Oral	Digestive system	Gram-	Anaerobe	0.0	Nonmotile	0.0	1794202.0	2198.0	879309.0	49.0	2148.0	97.73	ftp://ftp.ncbi.nlm.nih.gov/genomes/all/GCF/000/239/275/GCF_000239275.1_ASM23927v1	Anaeroglobus.json					Anaeroglobus	genus
	0.0	Anaeroplasma bactoclasticum	Anaeroplasma bactoclasticum	Anaeroplasma	Anaeroplasmataceae	Anaeroplasmatales	Mollicutes	Tenericutes	Bacteria	Human	2088.0		GCF_003550015.1	2588253517.0	https://www.biorxiv.org/content/10.1101/691030v1	Literature research	0.0	0.0	Yes	0.0	0	0	0	0	Gram-	0	0.0	0	0.0	2199979.0	2040.0	680828.0	31.0	1963.0	96.23	ftp://ftp.ncbi.nlm.nih.gov/genomes/all/GCF/003/550/015/GCF_003550015.1_ASM355001v1	Anaeroplasma.json	0.0	GCF_003550015.1	0.0	0.0	Anaeroplasma	genus
	0.0			Anaerosalibacter	Tissierellaceae	Tissierellales	Tissierellia	Firmicutes	Bacteria							Literature research									Gram+												Anaerosalibacter.json		GCF_009696605.1			Anaerosalibacter	genus
	0.0	Anaerosporobacter mobilis DSM 15930	Anaerosporobacter mobilis	Anaerosporobacter	Lachnospiraceae	Eubacteriales	Clostridia	Firmicutes	Bacteria	Human	1120996.0		GCF_900142955.1	2588253509.0	https://www.biorxiv.org/content/10.1101/691030v1	Literature research	0.0	0.0	Yes	0.0	Environmental	Terrestrial	Unclassified	Soil	Gram+	Anaerobe	0.0	Motile	0.0	5217774.0	4645.0	1822850.0	35.0	4551.0	97.98	ftp://ftp.ncbi.nlm.nih.gov/genomes/all/GCF/900/142/955/GCF_900142955.1_IMG-taxon_2588253509_annotated_assembly	Anaerosporobacter.json	0.0				Anaerosporobacter	genus
				Anaerostipes	Lachnospiraceae	Eubacteriales	Clostridia	Firmicutes	Bacteria	Human							0.0	0.0	Yes	0.0	Host-associated	Human	Large intestine	Digestive system	Gram+	Anaerobe	0.0	0	0.0								Anaerostipes.json					Anaerostipes	genus
	0.0			Anaerotignum	Lachnospiraceae	Eubacteriales	Clostridia	Firmicutes	Bacteria	Mouse					Personal communication, Dr. Jan Krumsiek	Personal communication	0.0	0.0	Yes	0.0					Gram+	Anaerobe	0.0										Anaerotignum.json					Anaerotignum	genus
				Anaerotruncus	Oscillospiraceae	Eubacteriales	Clostridia	Firmicutes	Bacteria	Human							0.0	0.0	Yes	0.0	Host-associated				Gram+		0.0		0.0								Anaerotruncus.json					Anaerotruncus	genus
	0.0	Anaerovorax odorimutans DSM 5092	Anaerovorax odorimutans	Anaerovorax	Eubacteriales Family XIII. Incertae Sedis	Eubacteriales	Clostridia	Firmicutes	Bacteria	Mouse	1120998.0		GCF_000426305.1	2524614531.0	Personal communication, Dr. Jan Krumsiek	Personal communication	0.0	0.0	Yes	0.0	Environmental	Aquatic	Saline	Non-marine Saline and Alkaline	Gram+	Anaerobe	0.0	Motile	0.0	3265560.0	3015.0	1028561.0	32.0	2944.0	97.65	ftp://ftp.ncbi.nlm.nih.gov/genomes/all/GCF/000/426/305/GCF_000426305.1_ASM42630v1	Anaerovorax.json	0.0				Anaerovorax	genus
	0.0	Aneurinibacillus aneurinilyticus ATCC 12856	Aneurinibacillus aneurinilyticus	Aneurinibacillus	Paenibacillaceae	Bacillales	Bacilli	Firmicutes	Bacteria	Human	649747.0		GCF_000466385.1	2563366762.0	PMID:20203603; PMID:24861948	AGORA 1.03	0.0	0.0	Yes	0.0	Host-associated	Human	Large intestine	Digestive system	Gram+	Obligate aerobe	0.0	0		5302959.0	6261.0	2293199.0	43.0	6214.0	99.25	ftp://ftp.ncbi.nlm.nih.gov/genomes/all/GCF/000/466/385/GCF_000466385.1_ASM46638v1	Aneurinibacillus.json				0.0	Aneurinibacillus	genus
	0.0		Apilactobacillus kunkeei	Apilactobacillus	Lactobacillaceae	Lactobacillales	Bacilli	Firmicutes	Bacteria						Personal communication, Dr. Jan Krumsiek	Personal communication	0.0	0.0	Yes	0.0					Gram+	Facultative anaerobe	0.0		0.0								Apilactobacillus.json	0.0		0.0	0.0	Apilactobacillus	genus
Propionibacterium propionicum F0230a (767029.3)	2.0	Arachnia propionica F0230a	Arachnia propionica	Arachnia	Propionibacteriaceae	Propionibacteriales	Actinomycetia	Actinobacteria	Bacteria	Human	767029.0	767029.3	GCF_000277715.1	2836836789.0	PMID:20203603; PMID:24861948	AGORA 1.03	0.0	0.0	Yes		Host-associated	Human	Oral	Digestive system	Gram+	Anaerobe	0.0	Nonmotile	0.0	3449360.0	3175.0	2278669.0	66.0	3099.0	97.61	ftp://ftp.ncbi.nlm.nih.gov/genomes/all/GCF/000/277/715/GCF_000277715.1_ASM27771v1	Arachnia.json					Arachnia	genus
Arcanobacterium haemolyticum DSM 20595 (644284.3)	2.0	Arcanobacterium haemolyticum DSM 20595	Arcanobacterium haemolyticum	Arcanobacterium	Actinomycetaceae	Actinomycetales	Actinomycetia	Actinobacteria	Bacteria	Human	644284.0	644284.3	GCF_000092365.1	646564505.0	PMID:20203603; PMID:24861948	AGORA 1.03	0.0	0.0	Yes		Host-associated	Human	Unclassified	Unclassified	Gram+	Facultative anaerobe	0.0	Nonmotile		1986154.0	1885.0	1055308.0	53.0	1821.0	96.6	ftp://ftp.ncbi.nlm.nih.gov/genomes/all/GCF/000/092/365/GCF_000092365.1_ASM9236v1	Arcanobacterium.json					Arcanobacterium	genus
	0.0	Ardenticatena maritima	Ardenticatena maritima	Ardenticatena	Ardenticatenaceae	Ardenticatenales	Ardenticatenia	Chloroflexi	Bacteria	Human	872965.0		GCF_001293545.1	2651869644.0	https://www.biorxiv.org/content/10.1101/691030v1	Literature research	0.0	0.0	Yes	0.0	0	0	0	0	Gram-	Facultative	0.0	0	0.0	3559695.0	3081.0	2120284.0	60.0	3026.0	98.21	ftp://ftp.ncbi.nlm.nih.gov/genomes/all/GCF/001/293/545/GCF_001293545.1_ASM129354v1	Ardenticatena.json	0.0	GCF_001293545.1	0.0	0.0	Ardenticatena	genus
	0.0	Arthrobacter castelli DSM 16402	Arthrobacter castelli	Arthrobacter	Micrococcaceae	Micrococcales	Actinomycetia	Actinobacteria	Bacteria	Human	1121019.0		GCF_000430705.1	2524023227.0	PMID:20203603; PMID:24861948	AGORA 1.03	0.0	0.0	Yes	0.0	Environmental	Unclassified	Unclassified	Unclassified	Gram+	Obligate aerobe	0.0	Nonmotile	0.0	4585800.0	4516.0	2915644.0	64.0	4452.0	98.58	ftp://ftp.ncbi.nlm.nih.gov/genomes/all/GCF/000/430/705/GCF_000430705.1_ASM43070v1	Arthrobacter.json	0.0	GCF_000014025.1			Arthrobacter	genus
Escherichia hermannii NBRC 105704 (1115512.3)	2.0	Atlantibacter hermannii NBRC 105704	Atlantibacter hermannii	Atlantibacter	Enterobacteriaceae	Enterobacterales	Gammaproteobacteria	Proteobacteria	Bacteria	Human	1115512.0	1115512.3	GCF_000248015.1	2514752030.0	PMID:20203603; PMID:24861948	AGORA 1.03	0.0	0.0	Yes		Host-associated	Human	Unclassified	Skin	Gram-	Facultative	0.0	Motile	0.0	4495280.0	4229.0	2430901.0	54.0	4160.0	98.37	ftp://ftp.ncbi.nlm.nih.gov/genomes/all/GCF/000/248/015/GCF_000248015.1_ASM24801v2	Atlantibacter.json	0.0	GCF_000191665.1			Atlantibacter	genus
Atopobium minutum 10063974 (997872.3)	2.0	Atopobium minutum 10063974	Atopobium minutum	Atopobium	Atopobiaceae	Coriobacteriales	Coriobacteriia	Actinobacteria	Bacteria	Human	997872.0	997872.3	GCF_000364325.1	2531839302.0	PMID:20203603; PMID:24861948	AGORA 1.03	0.0	0.0	Yes	0.0	Host-associated	Human	Unclassified	Unclassified	Gram+	Anaerobe	0.0	0	0.0	1706361.0	1590.0	835149.0	49.0	1539.0	96.79	ftp://ftp.ncbi.nlm.nih.gov/genomes/all/GCF/000/364/325/GCF_000364325.1_Atop_minu_V1	Atopobium.json	0.0			0.0	Atopobium	genus
	0.0	Auritidibacter ignavus	Auritidibacter ignavus	Auritidibacter	Micrococcaceae	Micrococcales	Actinomycetia	Actinobacteria	Bacteria	Human	678932.0		GCF_003703835.1	2831686037.0	https://www.biorxiv.org/content/10.1101/691030v1	Literature research	0.0	0.0	Yes	0.0	Host-associated	Human	Unclassified	Unclassified	Gram+	0	0.0	0	0.0	2589795.0	2550.0	1536725.0	59.0	2478.0	97.18	ftp://ftp.ncbi.nlm.nih.gov/genomes/all/GCF/003/703/835/GCF_003703835.1_ASM370383v1	Auritidibacter.json	0.0	GCF_003703835.1	0.0	0.0	Auritidibacter	genus
Dechlorosoma suillum PS (640081.3)	0.0	Azospira oryzae PS	Azospira oryzae	Azospira	Rhodocyclaceae	Rhodocyclales	Betaproteobacteria	Proteobacteria	Bacteria	Human	640081.0	640081.3	GCF_000236665.1	2508501046.0	https://www.biorxiv.org/content/10.1101/691030v1	Literature research	0.0	0.0	Yes	0.0	Environmental	Terrestrial	Unclassified	Soil	Gram-	Facultative	0.0	Nonmotile	0.0	3806980.0	3539.0	2488533.0	65.0	3474.0	98.16	ftp://ftp.ncbi.nlm.nih.gov/genomes/all/GCF/000/236/665/GCF_000236665.1_ASM23666v1	Azospira.json	0.0				Azospira	genus
				Bacillus	Bacillaceae	Bacillales	Bacilli	Firmicutes	Bacteria	Human							0.0	0.0	Yes	0.0					Gram+		0.0		0.0								Bacillus.json	0.0			0.0	Bacillus	genus
				Bacteroides	Bacteroidaceae	Bacteroidales	Bacteroidia	Bacteroidetes	Bacteria								0.0	0.0	Yes	0.0					Gram-	Obligate anaerobe	0.0		0.0								Bacteroides.json	0.0		0.0	0.0	Bacteroides	genus
				Barnesiella	Barnesiellaceae	Bacteroidales	Bacteroidia	Bacteroidetes	Bacteria								0.0	0.0							Gram-		0.0		0.0								Barnesiella.json	0.0		0.0	0.0	Barnesiella	genus
	2.0		Bartonella quintana	Bartonella	Bartonellaceae	Hyphomicrobiales	Alphaproteobacteria	Proteobacteria	Bacteria	Human							0.0	0.0	Yes	0.0	Host-associated		Unclassified	Unclassified	Gram-	Aerobe	0.0	0	0.0				39.0				Bartonella.json	0.0			0.0	Bartonella	genus
			Bdellovibrio bacteriovorus	Bdellovibrio	Bdellovibrionaceae	Bdellovibrionales	Oligoflexia	Proteobacteria	Bacteria	Human					https://www.biorxiv.org/content/10.1101/691030v1	Literature research	0.0	0.0	Yes						Gram-	Aerobe	0.0		0.0								Bdellovibrio.json	0.0				Bdellovibrio	genus
	0.0	Beduini massiliensis DSM 100188	Beduini massiliensis	Beduini	Clostridiaceae	Eubacteriales	Clostridia	Firmicutes	Bacteria	Human	1585974.0		GCF_000829905.1		PMID:30745586	Literature research									Gram-											ftp.ncbi.nlm.nih.gov/genomes/all/GCF/000/829/905/GCF_000829905.1_Beduini_massiliensis_GM1	Beduini.json		GCF_000829905.1			Beduini	genus
				Bifidobacterium	Bifidobacteriaceae	Bifidobacteriales	Actinomycetia	Actinobacteria	Bacteria								0.0	0.0	Yes	0.0					Gram+			Nonmotile									Bifidobacterium.json					Bifidobacterium	genus
				Bilophila	Desulfovibrionaceae	Desulfovibrionales	Deltaproteobacteria	Proteobacteria	Bacteria	Human							0.0	0.0	Yes	0.0	Host-associated	Human			Gram-	Anaerobe	0.0	0	0.0				59.0				Bilophila.json		GCF_000224655.1			Bilophila	genus
	0.0	Bittarella massiliensis	Bittarella massiliensis	Bittarella	Oscillospiraceae	Eubacteriales	Clostridia	Firmicutes	Bacteria	Human	1720313.0		GCF_001486165.1	2775506834.0	PMID:31477907	Literature research	0.0	0.0	Yes	0.0	Host-associated	Human	Unclassified	Unclassified	Gram+	0	0.0	0	0.0	2803346.0	2676.0	1770118.0	63.0	2600.0	97.16	ftp://ftp.ncbi.nlm.nih.gov/genomes/all/GCF/001/486/165/GCF_001486165.1_Bittarella_massiliensis	Bittarella.json	0.0		0.0	0.0	Bittarella	genus
	0.0	Candidatus Blastococcus massiliensis AP3	Candidatus Blastococcus massiliensis	Blastococcus	Geodermatophilaceae	Geodermatophilales	Actinomycetia	Actinobacteria	Bacteria	Human	1211815.0		GCF_000582785.1	2600255077.0	PMID:20203603; PMID:24861948	AGORA 1.03	0.0	0.0	Yes	0.0	0	0	0	0	Gram+	Aerobe	0.0	0	0.0	3864252.0	3841.0	2829888.0	73.0	3779.0	98.39	ftp://ftp.ncbi.nlm.nih.gov/genomes/all/GCF/000/582/785/GCF_000582785.1_B.massiliensis	Blastococcus.json	0.0		0.0	0.0	Blastococcus	genus
				Blautia	Lachnospiraceae	Eubacteriales	Clostridia	Firmicutes	Bacteria								0.0	0.0	Yes	0.0					Gram+	Anaerobe	0.0		0.0								Blautia.json	0.0		0.0	0.0	Blautia	genus
	0.0		Bordetella hinzii	Bordetella	Alcaligenaceae	Burkholderiales	Betaproteobacteria	Proteobacteria	Bacteria	Human				2687453479.0			0.0	0.0	Yes	0.0	0	0	0	0	Gram-	0	0.0	0	0.0	4912977.0	4659.0	3294777.0	67.0	4577.0	98.24		Bordetella.json	0.0	GCF_001078275.1	0.0	0.0	Bordetella	genus
	0.0	Bosea thiooxidans	Bosea thiooxidans	Bosea	Boseaceae	Hyphomicrobiales	Alphaproteobacteria	Proteobacteria	Bacteria	Human	53254.0		GCF_900168195.1	2595698224.0	https://www.biorxiv.org/content/10.1101/691030v1	Literature research	0.0	0.0	Yes	0.0	0	0	0	0	Gram-	Aerobe		Motile	0.0	5369373.0	5118.0	3618117.0	67.0	5055.0	98.77	ftp://ftp.ncbi.nlm.nih.gov/genomes/all/GCF/900/168/195/GCF_900168195.1_IMG-taxon_2595698224_annotated_assembly	Bosea.json	0.0	GCF_900168195.1			Bosea	genus
Brachybacterium paraconglomeratum LC44 (1064537.3)	2.0	Brachybacterium paraconglomeratum LC44	Brachybacterium paraconglomeratum	Brachybacterium	Dermabacteraceae	Micrococcales	Actinomycetia	Actinobacteria	Bacteria	Human	1064537.0	1064537.3	GCF_000233655.1	2548876523.0	PMID:20203603; PMID:24861948	AGORA 1.03	0.0	0.0	Yes	0.0	0	0	0	0	Gram+	Facultative	0.0	0	0.0	3784483.0	3480.0	2738809.0	72.0	3405.0	97.84	ftp://ftp.ncbi.nlm.nih.gov/genomes/all/GCF/000/233/655/GCF_000233655.1_LC44-4.0	Brachybacterium.json	0.0		0.0	0.0	Brachybacterium	genus
				Brachyspira	Brachyspiraceae	Brachyspirales	Spirochaetia	Spirochaetes	Bacteria	Human							0.0	0.0							Gram-	Anaerobe	0.0		0.0								Brachyspira.json	0.0		0.0	0.0	Brachyspira	genus
				Bradyrhizobium	Bradyrhizobiaceae	Hyphomicrobiales	Alphaproteobacteria	Proteobacteria	Bacteria	Human							0.0	0.0	Yes	0.0					Gram-				0.0				64.0				Bradyrhizobium.json					Bradyrhizobium	genus
				Brevibacillus	Paenibacillaceae	Bacillales	Bacilli	Firmicutes	Bacteria	Human							0.0	0.0	Yes	0.0					Gram+	Aerobe	0.0		0.0								Brevibacillus.json	0.0		0.0	0.0	Brevibacillus	genus
				Brevibacterium	Brevibacteriaceae	Micrococcales	Actinomycetia	Actinobacteria	Bacteria	Human							0.0	0.0	Yes	0.0	Host-associated	Human			Gram+	Aerobe	0.0		0.0								Brevibacterium.json				0.0	Brevibacterium	genus
				Brevundimonas	Caulobacteraceae	Caulobacterales	Alphaproteobacteria	Proteobacteria	Bacteria	Human							0.0	0.0	Yes	0.0					Gram-		0.0	0	0.0								Brevundimonas.json	0.0			0.0	Brevundimonas	genus
	0.0	Brochothrix thermosphacta DSM 20171 = FSL F6-1036	Brochothrix thermosphacta	Brochothrix	Listeriaceae	Bacillales	Bacilli	Firmicutes	Bacteria	Human	1121126.0		GCF_000525935.1	2773858004.0	PMID:20203603; PMID:24861948	AGORA 1.03	0.0	0.0	Yes	0.0	Engineered	Food production	Unclassified	Unclassified	Gram+	Facultative	0.0	Nonmotile	0.0	2489924.0	2512.0	905610.0	36.0	2409.0	95.9	ftp://ftp.ncbi.nlm.nih.gov/genomes/all/GCF/000/525/935/GCF_000525935.1_BthermosphactaTYPE	Brochothrix.json	0.0				Brochothrix	genus
				Brucella	Brucellaceae	Hyphomicrobiales	Alphaproteobacteria	Proteobacteria	Bacteria	Human							0.0	0.0	Yes						Gram-	Aerobe	0.0		0.0								Brucella.json	0.0				Brucella	genus
Bulleidia extructa W1219 (679192.3)	2.0	Bulleidia extructa W1219	Bulleidia extructa	Bulleidia	Erysipelotrichaceae	Erysipelotrichales	Erysipelotrichia	Firmicutes	Bacteria	Human	679192.0	679192.3	GCF_000177375.1	647000218.0	PMID:20203603; PMID:24861948	AGORA 1.03	0.0	0.0	Yes	0.0	Host-associated	Human	Oral	Digestive system	Gram+	Anaerobe	0.0	Nonmotile	0.0	1419583.0	1461.0	514976.0	36.0	1415.0	96.85	ftp://ftp.ncbi.nlm.nih.gov/genomes/all/GCF/000/177/375/GCF_000177375.1_ASM17737v1	Bulleidia.json				0.0	Bulleidia	genus
				Burkholderia	Burkholderiaceae	Burkholderiales	Betaproteobacteria	Proteobacteria	Bacteria	Human							0.0	0.0	Yes						Gram-	Obligate aerobe	0.0		0.0				67.0				Burkholderia.json					Burkholderia	genus
				Butyricicoccus	Clostridiaceae	Eubacteriales	Clostridia	Firmicutes	Bacteria	Human							0.0	0.0							Gram+	0	0.0	0	0.0								Butyricicoccus.json	0.0		0.0	0.0	Butyricicoccus	genus
				Butyricimonas	Odoribacteraceae	Bacteroidales	Bacteroidia	Bacteroidetes	Bacteria	Human															Gram-												Butyricimonas.json		GCF_900091675.1			Butyricimonas	genus
				Butyrivibrio	Lachnospiraceae	Eubacteriales	Clostridia	Firmicutes	Bacteria	Human							0.0	0.0	Yes	0.0	Host-associated				Gram+	Anaerobe	0.0		0.0								Butyrivibrio.json					Butyrivibrio	genus
	0.0	Caecibacter massiliensis DSM 100188	Caecibacter massiliensis	Caecibacter	Veillonellaceae	Veillonellales	Negativicutes	Firmicutes	Bacteria	Human	1852378.0		GCF_900095875.1		PMID:30745586	Literature research									Gram-											ftp.ncbi.nlm.nih.gov/genomes/all/GCA/900/095/875/GCA_900095875.1_PRJEB15306	Caecibacter.json		GCF_900095875.1			Caecibacter	genus
	0.0	Caldibacillus thermoamylovorans	Bacillus thermoamylovorans	Caldibacillus	Bacillaceae	Bacillales	Bacilli	Firmicutes	Bacteria	Human	35841.0		GCF_000751775.1	2617271279.0	PMID:20203603; PMID:24861948	AGORA 1.03	0.0	0.0	Yes	0.0	0	0	0	0	Gram+	Facultative anaerobe	0.0	0	0.0	3707071.0	3538.0	1381986.0	37.0	3449.0	97.48	ftp://ftp.ncbi.nlm.nih.gov/genomes/all/GCF/000/751/775/GCF_000751775.1_A1A	Caldibacillus.json	0.0	GCF_000751775.1	0.0	0.0	Caldibacillus	genus
	0.0	Caldicellulosiruptor saccharolyticus DSM 8903	Caldicellulosiruptor saccharolyticus	Caldicellulosiruptor	Thermoanaerobacterales Family III. Incertae Sedis	Thermoanaerobacterales	Clostridia	Firmicutes	Bacteria	Human	351627.0		GCF_000016545.1	640427106.0	PMID:20203603; PMID:24861948	AGORA 1.03	0.0	0.0	Yes	0.0	Environmental	Aquatic	Unclassified	Thermal springs	Gram+	Anaerobe		0	0.0	2970275.0	2834.0	1047143.0	35.0	2760.0	97.39	ftp://ftp.ncbi.nlm.nih.gov/genomes/all/GCF/000/016/545/GCF_000016545.1_ASM1654v1	Caldicellulosiruptor.json	0.0	GCF_000407285.15			Caldicellulosiruptor	genus
				Campylobacter	Campylobacteraceae	Campylobacterales	Epsilonproteobacteria	Proteobacteria	Bacteria	Human							0.0	0.0							Gram-	Microaerophile	0.0		0.0								Campylobacter.json	0.0		0.0	0.0	Campylobacter	genus
	0.0	Candidatus Borkfalkia ceftriaxoniphila	Candidatus Borkfalkia ceftriaxoniphila	Candidatus Borkfalkia	Candidatus Borkfalkiaceae	Candidatus Borkfalkiales	Clostridia	Firmicutes	Bacteria	Human	2508949.0		GCF_004134775.1		PMID:30658995	Literature research	0.0	0.0							Gram+	0	0.0	0	0.0							ftp://ftp.ncbi.nlm.nih.gov/genomes/all/GCF/004/134/775/GCF_004134775.1_ASM413477v1	Candidatus_Borkfalkia.json	0.0	GCF_004134775.1	0.0	0.0	Candidatus_Borkfalkia	genus
Pelagibacter sp. IMCC9063 (1002672.3)	0.0	Candidatus Pelagibacter sp. IMCC9063	Candidatus Pelagibacter sp. IMCC9063	Candidatus Pelagibacter	Pelagibacteraceae	Pelagibacterales	Alphaproteobacteria	Proteobacteria	Bacteria	Mouse	1002672.0	1002672.3	GCF_000195085.1	650716017.0	Personal communication, Dr. Jan Krumsiek	Personal communication	0.0	0.0	Yes	0.0	Environmental	Aquatic	Unclassified	Marine	Gram-	Aerobe	0.0	0	0.0	1284727.0	1482.0	406882.0	32.0	1447.0	97.64	ftp://ftp.ncbi.nlm.nih.gov/genomes/all/GCF/000/195/085/GCF_000195085.1_ASM19508v1	Candidatus_Pelagibacter.json	0.0				Candidatus_Pelagibacter	genus
	0.0	Candidatus Saccharimonas aalborgensis	Candidatus Saccharimonas aalborgensis	Candidatus Saccharimonas	Candidatus Saccharibacteria	Candidatus Saccharibacteria	Candidatus Saccharibacteria	Candidatus Saccharibacteria	Bacteria	Mouse	1332188.0				Personal communication, Dr. Jan Krumsiek	Personal communication									Gram+	0										https://www.ncbi.nlm.nih.gov/assembly/GCF_000392435.1/	Candidatus_Saccharimonas.json		GCF_000392435.1			Candidatus_Saccharimonas	genus
	0.0	Candidatus Soleaferrea massiliensis AP7	Candidatus Soleaferrea massiliensis	Candidatus Soleaferrea	Ruminococcaceae	Eubacteriales	Clostridia	Firmicutes	Bacteria	Human	1211843.0		GCF_000820765.1	2639762831.0	PMID:29793532	Literature research	0.0	0.0	Yes	0.0	0	0	0	0	Gram+	0	0.0	0	0.0	3098593.0	2472.0	1647157.0	53.0	2417.0	97.78	ftp://ftp.ncbi.nlm.nih.gov/genomes/all/GCF/000/820/765/GCF_000820765.1_Arquibacterium_massiliensis_AP7	Candidatus_Soleaferrea.json	0.0		0.0	0.0	Candidatus_Soleaferrea	genus
	0.0	Candidatus Stoquefichus massiliensis AP9	Candidatus Stoquefichus massiliensis	Candidatus Stoquefichus	Erysipelotrichaceae	Erysipelotrichales	Erysipelotrichia	Firmicutes	Bacteria	Human	1211844.0		GCF_000455285.1	2600255145.0	PMID:20203603; PMID:24861948	AGORA 1.03	0.0	0.0	Yes	0.0	0	0	0	0	Gram+	0	0.0	0	0.0	3433040.0	3568.0	1047727.0	31.0	3494.0	97.93	ftp://ftp.ncbi.nlm.nih.gov/genomes/all/GCF/000/455/285/GCF_000455285.1_Sm_AP9	Candidatus_Stoquefichus.json	0.0		0.0	0.0	Candidatus_Stoquefichus	genus
				Capnocytophaga	Flavobacteriaceae	Flavobacteriales	Flavobacteriia	Bacteroidetes	Bacteria	Human							0.0	0.0	Yes	0.0	Host-associated				Gram-	Facultative	0.0										Capnocytophaga.json					Capnocytophaga	genus
				Cardiobacterium	Cardiobacteriaceae	Cardiobacteriales	Gammaproteobacteria	Proteobacteria	Bacteria	Human						Literature research	0.0	0.0	Yes	0.0	Host-associated	Human			Gram-	Aerobe	0.0	0	0.0								Cardiobacterium.json				0.0	Cardiobacterium	genus
			Carnobacterium maltaromaticum	Carnobacterium	Carnobacteriaceae	Lactobacillales	Bacilli	Firmicutes	Bacteria	Human					PMID:31171880	Literature research	0.0	0.0	Yes	0.0					Gram+	Facultative anaerobe	0.0	0	0.0								Carnobacterium.json	0.0			0.0	Carnobacterium	genus
Catenibacterium mitsuokai DSM 15897 (451640.5)			Catenibacterium mitsuokai	Catenibacterium	Coprobacillaceae	Erysipelotrichales	Erysipelotrichia	Firmicutes	Bacteria	Human		451640.5	GCF_000173795.1	643886110.0			0.0	0.0	Yes	0.0	Host-associated	Human	Large intestine	Digestive system	Gram+	Anaerobe	0.0		0.0	2671313.0	3052.0	983508.0	37.0	2977.0	97.54		Catenibacterium.json		NZ_LAYJ01000078			Catenibacterium	genus
Catonella morbi ATCC 51271 (592026.3)	1.0	Catonella morbi ATCC 51271	Catonella morbi	Catonella	Lachnospiraceae	Eubacteriales	Clostridia	Firmicutes	Bacteria	Human	592026.0	592026.3	GCF_000160035.2	643886188.0	PMID:31171880	Literature research	0.0	0.0	Yes	0.0	Host-associated	Animal	Unclassified	Digestive system	Gram+	Anaerobe	0.0	0		2041839.0	2005.0	959280.0	47.0	1950.0	97.26	ftp://ftp.ncbi.nlm.nih.gov/genomes/all/GCF/000/160/035/GCF_000160035.2_ASM16003v2	Catonella.json		GCF_000160035.2		0.0	Catonella	genus
Cedecea davisae DSM 4568 (566551.4)	2.0	Cedecea davisae DSM 4568	Cedecea davisae	Cedecea	Enterobacteriaceae	Enterobacterales	Gammaproteobacteria	Proteobacteria	Bacteria	Human	566551.0	566551.4	GCF_000412335.2	2541046972.0	PMID:20203603; PMID:24861948	AGORA 1.03	0.0	0.0	Yes	0.0	Host-associated	Human	Large intestine	Digestive system	Gram-	0	0.0	0	0.0	4853881.0	4898.0	2637750.0	54.0	4805.0	98.1	ftp://ftp.ncbi.nlm.nih.gov/genomes/all/GCF/000/412/335/GCF_000412335.2_ASM41233v2	Cedecea.json				0.0	Cedecea	genus
	0.0			Cellulomonas	Cellulomonadaceae	Micrococcales	Actinomycetia	Actinobacteria	Bacteria	Human				2547132154.0		Literature research	0.0	0.0	Yes	0.0	Host-associated	Human	Large intestine	Digestive system	Gram+	Aerobe	0.0	0	0.0	3245876.0	3262.0	2429262.0	75.0	3204.0	98.22		Cellulomonas.json					Cellulomonas	genus
	0.0	Cellulosilyticum lentocellum DSM 5427	Cellulosilyticum lentocellum	Cellulosilyticum	Lachnospiraceae	Eubacteriales	Clostridia	Firmicutes	Bacteria	Human	642492.0		GCF_000178835.2	650716026.0	PMID:20203603; PMID:24861948	AGORA 1.03	0.0	0.0	Yes	0.0	Environmental	Aquatic	Intertidal zone	Marine	Gram+	Anaerobe	0.0	Motile	0.0	4714237.0	4416.0	1618145.0	34.0	4272.0	96.74	ftp://ftp.ncbi.nlm.nih.gov/genomes/all/GCF/000/178/835/GCF_000178835.2_ASM17883v2	Cellulosilyticum.json	0.0				Cellulosilyticum	genus
	0.0	Cellulosimicrobium cellulans J36	Cellulosimicrobium cellulans	Cellulosimicrobium	Promicromonosporaceae	Micrococcales	Actinomycetia	Actinobacteria	Bacteria	Human	935839.0		GCF_000526595.1	2508501028.0	PMID:20203603; PMID:24861948	AGORA 1.03	0.0	0.0	Yes	0.0	0	0	0	0	Gram+	Facultative	0.0	0	0.0	4252182.0	3819.0	3176065.0	75.0	3759.0	98.43	ftp://ftp.ncbi.nlm.nih.gov/genomes/all/GCF/000/526/595/GCF_000526595.1_ASM52659v1	Cellulosimicrobium.json	0.0		0.0	0.0	Cellulosimicrobium	genus
Centipeda periodontii DSM 2778 (888060.3)	1.0	Centipeda periodontii DSM 2778	Centipeda periodontii	Centipeda	Selenomonadaceae	Selenomonadales	Negativicutes	Firmicutes	Bacteria	Human	888060.0	888060.3	GCF_000213975.1	651324021.0	PMID:31171880	Literature research	0.0	0.0	Yes	0.0	Host-associated	Human	Oral	Digestive system	Gram-	Aerobe	0.0	0		2716458.0	2698.0	1520829.0	56.0	2631.0	97.52	ftp://ftp.ncbi.nlm.nih.gov/genomes/all/GCF/000/213/975/GCF_000213975.1_ASM21397v1	Centipeda.json				0.0	Centipeda	genus
	0.0	Cetobacterium somerae ATCC BAA-474	Cetobacterium somerae	Cetobacterium	Fusobacteriaceae	Fusobacteriales	Fusobacteriia	Fusobacteria	Bacteria	Human	1319815.0		GCF_000479045.1	2558860278.0	PMID:20203603; PMID:24861948	AGORA 1.03	0.0	0.0	Yes	0.0	Host-associated	Human	Large intestine	Digestive system	Gram-	0	0.0	0	0.0	3064648.0	3014.0	875931.0	29.0	2975.0	98.71	ftp://ftp.ncbi.nlm.nih.gov/genomes/all/GCF/000/479/045/GCF_000479045.1_ASM47904v1	Cetobacterium.json					Cetobacterium	genus
	0.0	Chania multitudinisentens RB-25	Chania multitudinisentens	Chania	Yersiniaceae	Enterobacterales	Gammaproteobacteria	Proteobacteria	Bacteria	Human	1441930.0		GCF_000520015.2		PMID:20203603; PMID:24861948	AGORA 1.03	0.0	0.0							Gram-	0	0.0	0	0.0							ftp://ftp.ncbi.nlm.nih.gov/genomes/all/GCF/000/520/015/GCF_000520015.2_ASM52001v2	Chania.json	0.0		0.0	0.0	Chania	genus
	1.0		Chlorobium phaeobacteroides	Chlorobium	Chlorobiaceae	Chlorobiales	Chlorobia	Chlorobi	Bacteria	Human					PMID:31171880	Literature research	0.0	0.0	Yes	0.0	Environmental	Aquatic			Gram-	Facultative		Nonmotile	0.0								Chlorobium.json	0.0				Chlorobium	genus
	0.0			Christensenella	Christensenellaceae	Eubacteriales	Clostridia	Firmicutes	Bacteria	Human						Literature research	0.0	0.0	Yes	0.0					Gram+		0.0	0	0.0								Christensenella.json	0.0		0.0	0.0	Christensenella	genus
				Citrobacter	Enterobacteriaceae	Enterobacterales	Gammaproteobacteria	Proteobacteria	Bacteria	Human							0.0	0.0	Yes	0.0					Gram-	Facultative anaerobe	0.0		0.0								Citrobacter.json	0.0		0.0	0.0	Citrobacter	genus
	0.0	Cloacibacillus evryensis DSM 19522	Cloacibacillus evryensis	Cloacibacillus	Synergistaceae	Synergistales	Synergistia	Synergistetes	Bacteria	Human	866499.0		GCF_000585335.1	2510065052.0	PMID:20203603; PMID:24861948	AGORA 1.03	0.0	0.0	Yes	0.0	Engineered	Wastewater	Unclassified	Unclassified	Gram-	Obligate anaerobe	0.0	Nonmotile	0.0	3488464.0	3142.0	1951857.0	56.0	3072.0	97.77	ftp://ftp.ncbi.nlm.nih.gov/genomes/all/GCF/000/585/335/GCF_000585335.1_ASM58533v1	Cloacibacillus.json	0.0				Cloacibacillus	genus
	0.0	Cloacibacterium normanense	Cloacibacterium normanense	Cloacibacterium	Weeksellaceae	Flavobacteriales	Flavobacteriia	Bacteroidetes	Bacteria	Mouse	237258.0		GCF_900104195.1	2634166320.0	Personal communication, Dr. Jan Krumsiek	Personal communication	0.0	0.0	Yes	0.0	Environmental	Aquatic	Unclassified	Unclassified	Gram-	Facultative	0.0	0	0.0	2736266.0	2608.0	904251.0	33.0	2524.0	96.78	ftp://ftp.ncbi.nlm.nih.gov/genomes/all/GCF/900/104/195/GCF_900104195.1_IMG-taxon_2634166320_annotated_assembly	Cloacibacterium.json	0.0		0.0	0.0	Cloacibacterium	genus
				Clostridioides	Peptostreptococcaceae	Eubacteriales	Clostridia	Firmicutes	Bacteria								0.0	0.0	Yes	0.0					Gram+		0.0		0.0								Clostridioides.json				0.0	Clostridioides	genus
				Clostridium	Clostridiaceae	Eubacteriales	Clostridia	Firmicutes	Bacteria								0.0	0.0	Yes	0.0					Gram+				0.0								Clostridium.json	0.0				Clostridium	genus
Cohnella laeviribosi DSM 21336 (1121346.3)	1.0	Cohnella laeviribosi DSM 21336	Cohnella laeviribosi	Cohnella	Paenibacillaceae	Bacillales	Bacilli	Firmicutes	Bacteria	Mouse	1121346.0	1121346.3	GCF_000378425.1	2519899681.0	Personal communication, Dr. Jan Krumsiek	Personal communication	0.0	0.0	Yes	0.0	Environmental	Terrestrial	Unclassified	Soil	Gram+	0	0.0	0	0.0	4478238.0	4285.0	2562464.0	57.0	4169.0	97.29	ftp://ftp.ncbi.nlm.nih.gov/genomes/all/GCF/000/378/425/GCF_000378425.1_ASM37842v1	Cohnella.json	0.0			0.0	Cohnella	genus
	0.0	Colibacter massiliensis DSM 103304	Colibacter massiliensis	Colibacter	Veillonellaceae	Veillonellales	Negativicutes	Firmicutes	Bacteria	Human	1852379.0		GCF_900095855.1		PMID:30745586	Literature research									Gram+											ftp.ncbi.nlm.nih.gov/genomes/all/GCF/900/095/855/GCF_900095855.1_PRJEB15308	Colibacter.json		GCF_900095855.1			Colibacter	genus
				Collinsella	Coriobacteriaceae	Coriobacteriales	Coriobacteriia	Actinobacteria	Bacteria	Human							0.0	0.0	Yes	0.0					Gram+	Anaerobe	0.0		0.0								Collinsella.json					Collinsella	genus
				Comamonas	Comamonadaceae	Burkholderiales	Betaproteobacteria	Proteobacteria	Bacteria	Human							0.0	0.0	Yes	0.0					Gram-	Aerobe	0.0		0.0								Comamonas.json	0.0		0.0	0.0	Comamonas	genus
				Companilactobacillus	Lactobacillaceae	Lactobacillales	Bacilli	Firmicutes	Bacteria	Human						Literature research	0.0	0.0	Yes	0.0					Gram+	Aerobe	0.0	0	0.0								Companilactobacillus.json	0.0		0.0	0.0	Companilactobacillus	genus
				Coprobacillus	Coprobacillaceae	Erysipelotrichales	Erysipelotrichia	Firmicutes	Bacteria	Human															Gram+												Coprobacillus.json		GCF_000269565.1			Coprobacillus	genus
	0.0	Coprobacter fastidiosus NSB1	Coprobacter fastidiosus	Coprobacter	Barnesiellaceae	Bacteroidales	Bacteroidia	Bacteroidetes	Bacteria	Human	1349822.0		GCF_003634345.1	2574180217.0	PMID:31171880	Literature research	0.0	0.0	Yes	0.0	Host-associated	Human	Unclassified	Unclassified	Gram-	Anaerobe	0.0	0	0.0	3412407.0	2841.0	1308304.0	38.0	2782.0	97.92	ftp://ftp.ncbi.nlm.nih.gov/genomes/all/GCF/003/634/345/GCF_003634345.1_ASM363434v1	Coprobacter.json	0.0	GCF_000473955.1	0.0	0.0	Coprobacter	genus
				Coprococcus	Lachnospiraceae	Eubacteriales	Clostridia	Firmicutes	Bacteria	Human							0.0	0.0							Gram+	Anaerobe	0.0		0.0								Coprococcus.json	0.0		0.0	0.0	Coprococcus	genus
				Corynebacterium	Corynebacteriaceae	Corynebacteriales	Actinomycetia	Actinobacteria	Bacteria								0.0	0.0							Gram+				0.0								Corynebacterium.json	0.0			0.0	Corynebacterium	genus
			Cronobacter sakazakii	Cronobacter	Enterobacteriaceae	Enterobacterales	Gammaproteobacteria	Proteobacteria	Bacteria	Human							0.0	0.0	Yes	0.0					Gram-	Facultative anaerobe	0.0		0.0								Cronobacter.json	0.0				Cronobacter	genus
Cryocola sp. 340MFSha3.1 (1169145.3)	1.0	Cryocola sp. 340MFSha3.1	Cryocola sp. 340MFSha3.1	Cryocola	Microbacteriaceae	Micrococcales	Actinomycetia	Actinobacteria	Bacteria	Mouse	1169145.0	1169145.3	GCF_000383315.1	2522125173.0	Personal communication, Dr. Jan Krumsiek	Personal communication	0.0	0.0	Yes	0.0	0	0	0	0	Gram+	0	0.0	0	0.0	4090615.0	3976.0	2857284.0	70.0	3920.0	98.59	ftp://ftp.ncbi.nlm.nih.gov/genomes/all/GCF/000/383/315/GCF_000383315.1_ASM38331v1	Cryocola.json	0.0		0.0	0.0	Cryocola	genus
Cryptobacterium curtum DSM 15641 (469378.5)	2.0	Cryptobacterium curtum DSM 15641	Cryptobacterium curtum	Cryptobacterium	Eggerthellaceae	Eggerthellales	Coriobacteriia	Actinobacteria	Bacteria	Human	469378.0	469378.5	GCF_000023845.1	644736346.0	PMID:20203603; PMID:24861948	AGORA 1.03	0.0	0.0	Yes		Host-associated	Human	Oral	Digestive system	Gram+	Obligate anaerobe	0.0	Nonmotile	0.0	1617804.0	1421.0	823649.0	51.0	1364.0	95.99	ftp://ftp.ncbi.nlm.nih.gov/genomes/all/GCF/000/023/845/GCF_000023845.1_ASM2384v1	Cryptobacterium.json		GCF_000339015.1			Cryptobacterium	genus
	0.0	Culturomica massiliensis DSM 103121	Culturomica massiliensis	Culturomica	Odoribacteraceae	Bacteroidales	Bacteroidia	Bacteroidetes	Bacteria	Human	1841857.0		GCF_900091655.1		PMID:30745586	Literature research									Gram-											ftp.ncbi.nlm.nih.gov/genomes/all/GCF/900/091/655/GCF_900091655.1_PRJEB14541	Culturomica.json		GCF_900091655.1			Culturomica	genus
	0.0	Cuneatibacter caecimuris	Cuneatibacter caecimuris	Cuneatibacter	Lachnospiraceae	Eubacteriales	Clostridia	Firmicutes	Bacteria	Mouse	1796618.0		GCF_004216775.1	2802428826.0	PMID:27670113	Literature research	0.0	0.0	Yes	0.0	Host-associated	Mammals	Large intestine	Digestive system	Gram+	Anaerobe	0.0	0	0.0	3462725.0	3308.0	1699102.0	49.0	3230.0	97.64	ftp://ftp.ncbi.nlm.nih.gov/genomes/all/GCF/004/216/775/GCF_004216775.1_ASM421677v1	Cuneatibacter.json	0.0	GCF_004216775.1	0.0	0.0	Cuneatibacter	genus
Cupriavidus metallidurans CH34 (266264.4)	2.0	Cupriavidus metallidurans CH34	Cupriavidus metallidurans	Cupriavidus	Burkholderiaceae	Burkholderiales	Betaproteobacteria	Proteobacteria	Bacteria	Human	266264.0	266264.4	GCF_000196015.1	637000230.0	Strains of species found in the human gut (PMID:24861948) present in PubSEED	Initial strain selection	0.0	0.0	Yes	0.0	Environmental	Aquatic	Lentic	Freshwater	Gram-	Aerobe	0.0	Motile	0.0	6913352.0	6430.0	4392121.0	64.0	6340.0	98.6	ftp://ftp.ncbi.nlm.nih.gov/genomes/all/GCF/000/196/015/GCF_000196015.1_ASM19601v1	Cupriavidus.json	0.0				Cupriavidus	genus
			Curtobacterium flaccumfaciens	Curtobacterium	Microbacteriaceae	Micrococcales	Actinomycetia	Actinobacteria	Bacteria	Human							0.0	0.0	Yes	0.0					Gram+	Obligate aerobe	0.0	0	0.0				71.0				Curtobacterium.json	0.0	GCF_000834535.1	0.0	0.0	Curtobacterium	genus
	0.0	Curvibacter gracilis ATCC BAA-807	Curvibacter gracilis	Curvibacter	Comamonadaceae	Burkholderiales	Betaproteobacteria	Proteobacteria	Bacteria	Human	1336244.0		GCF_000518645.1	2545555856.0	https://www.biorxiv.org/content/10.1101/691030v1	Literature research	0.0	0.0	Yes	0.0	Environmental	Aquatic	Unclassified	Freshwater	Gram-	0	0.0	0	0.0	6748240.0	6140.0	4452611.0	66.0	6071.0	98.88	ftp://ftp.ncbi.nlm.nih.gov/genomes/all/GCF/000/518/645/GCF_000518645.1_ASM51864v1	Curvibacter.json	0.0	GCF_000518645.1		0.0	Curvibacter	genus
				Cutibacterium	Propionibacteriaceae	Propionibacteriales	Actinomycetia	Actinobacteria	Bacteria	Human							0.0	0.0	Yes						Gram+	Anaerobe	0.0										Cutibacterium.json					Cutibacterium	genus
	0.0	Cytobacillus firmus DS1	Cytobacillus firmus	Cytobacillus	Bacillaceae	Bacillales	Bacilli	Firmicutes	Bacteria	Human	1307436.0		GCF_000565285.1	2568526233.0	PMID:20203603; PMID:24861948	AGORA 1.03	0.0	0.0	Yes	0.0	0	0	0	0	Gram+	Facultative anaerobe	0.0	0	0.0	4971242.0	5013.0	2060843.0	41.0	4922.0	98.18	ftp://ftp.ncbi.nlm.nih.gov/genomes/all/GCF/000/565/285/GCF_000565285.1_pBF	Cytobacillus.json	0.0		0.0	0.0	Cytobacillus	genus
	0.0	Dakarella massiliensis	Dakarella massiliensis	Dakarella	Sutterellaceae	Burkholderiales	Betaproteobacteria	Proteobacteria	Bacteria	Human	1506471.0		GCF_001182045.1	2671180969.0	PMID:25567229	Literature research	0.0	0.0	Yes	0.0	0	0	0	0	Gram-	0	0.0	0	0.0	2475916.0	2244.0	1410869.0	57.0	2175.0	96.93	ftp://ftp.ncbi.nlm.nih.gov/genomes/all/GCF/001/182/045/GCF_001182045.1_Dakarella_massiliensis	Dakarella.json	0.0		0.0	0.0	Dakarella	genus
	0.0	Dehalobacterium formicoaceticum	Dehalobacterium formicoaceticum	Dehalobacterium	Peptococcaceae	Eubacteriales	Clostridia	Firmicutes	Bacteria	Mouse	51515.0		GCF_002224645.1	2811995020.0	Personal communication, Dr. Jan Krumsiek	Personal communication	0.0	0.0	Yes	0.0	Engineered	Industrial production	Unclassified	Unclassified	Gram+	Anaerobe	0.0	0	0.0	3766545.0	3698.0	1625895.0	43.0	3605.0	97.49	ftp://ftp.ncbi.nlm.nih.gov/genomes/all/GCF/002/224/645/GCF_002224645.1_ASM222464v1	Dehalobacterium.json	0.0		0.0	0.0	Dehalobacterium	genus
	2.0		Delftia acidovorans	Delftia	Comamonadaceae	Burkholderiales	Betaproteobacteria	Proteobacteria	Bacteria	Human							0.0	0.0	Yes	0.0					Gram-	Aerobe	0.0	0	0.0								Delftia.json	0.0		0.0	0.0	Delftia	genus
	0.0		Dellaglioa algida	Dellaglioa	Lactobacillaceae	Lactobacillales	Bacilli	Firmicutes	Bacteria	Human					https://www.biorxiv.org/content/10.1101/691030v1	Literature research	0.0	0.0							Gram+	Facultative anaerobe	0.0	0	0.0								Dellaglioa.json	0.0		0.0	0.0	Dellaglioa	genus
Dermabacter sp. HFH0086 (1203568.3)	1.0	Dermabacter sp. HFH0086	Dermabacter sp. HFH0086	Dermabacter	Dermabacteraceae	Micrococcales	Actinomycetia	Actinobacteria	Bacteria	Human	1203568.0	1203568.3	GCF_000413375.1	2541047015.0	PMID:31275260	Literature research	0.0	0.0	Yes	0.0	Host-associated	Human	Unclassified	Digestive system	Gram+	0	0.0	0		2361288.0	2190.0	1482415.0	63.0	2133.0	97.4	ftp://ftp.ncbi.nlm.nih.gov/genomes/all/GCF/000/413/375/GCF_000413375.1_Derm_sp_HFH0086_V1	Dermabacter.json		GCF_000413375.1		0.0	Dermabacter	genus
				Dermacoccus	Dermacoccaceae	Micrococcales	Actinomycetia	Actinobacteria	Bacteria	Human							0.0	0.0							Gram+	Aerobe	0.0	0	0.0								Dermacoccus.json	0.0	GCF_000018665.1	0.0	0.0	Dermacoccus	genus
Desmospora sp. 8437 (997346.3)	1.0	Desmospora sp. 8437	Desmospora sp. 8437	Desmospora	Thermoactinomycetaceae	Bacillales	Bacilli	Firmicutes	Bacteria	Human	997346.0	997346.3	GCF_000213595.1	651324024.0	PMID:31275260	Literature research	0.0	0.0	Yes	0.0	Host-associated	Human	Unclassified	Unclassified	Gram+	Aerobe	0.0	0	0.0	3638920.0	4106.0	1962636.0	54.0	4048.0	98.59	ftp://ftp.ncbi.nlm.nih.gov/genomes/all/GCF/000/213/595/GCF_000213595.1_ASM21359v1	Desmospora.json				0.0	Desmospora	genus
	1.0		Desulfitobacterium hafniense	Desulfitobacterium	Peptococcaceae	Eubacteriales	Clostridia	Firmicutes	Bacteria	Human					PMID:31275260	Literature research	0.0	0.0	Yes	0.0					Gram+	Anaerobe			0.0								Desulfitobacterium.json	0.0				Desulfitobacterium	genus
	0.0	Desulfomicrobium orale DSM 12838	Desulfomicrobium orale	Desulfomicrobium	Desulfomicrobiaceae	Desulfovibrionales	Deltaproteobacteria	Proteobacteria	Bacteria	Human	888061.0		GCF_001553625.1	2684623057.0	https://www.biorxiv.org/content/10.1101/691030v1	Literature research	0.0	0.0	Yes	0.0	Host-associated	Animal	Unclassified	Digestive system	Gram-	Anaerobe	0.0	0		2783374.0	2623.0	1640120.0	59.0	2557.0	97.48	ftp://ftp.ncbi.nlm.nih.gov/genomes/all/GCF/001/553/625/GCF_001553625.1_ASM155362v1	Desulfomicrobium.json		GCF_001553625.1		0.0	Desulfomicrobium	genus
				Desulfovibrio	Desulfovibrionaceae	Desulfovibrionales	Deltaproteobacteria	Proteobacteria	Bacteria	Human							0.0	0.0	Yes	0.0					Gram-	Anaerobe			0.0								Desulfovibrio.json	0.0			0.0	Desulfovibrio	genus
				Dialister	Veillonellaceae	Veillonellales	Negativicutes	Firmicutes	Bacteria	Human							0.0	0.0	Yes	0.0	Host-associated	Human			Gram-		0.0										Dialister.json					Dialister	genus
	0.0	Dielma fastidiosa	Dielma fastidiosa	Dielma	Erysipelotrichaceae	Erysipelotrichales	Erysipelotrichia	Firmicutes	Bacteria	Mouse	1034346.0		GCF_000313565.1	2832751446.0	Personal communication, Dr. Jan Krumsiek	Personal communication	0.0	0.0	Yes	0.0	Host-associated	Human	Large intestine	Digestive system	Gram+	0	0.0	0	0.0	3618065.0	3657.0	1453493.0	40.0	3561.0	97.37	ftp://ftp.ncbi.nlm.nih.gov/genomes/all/GCF/000/313/565/GCF_000313565.1_ASM31356v2	Dielma.json	0.0		0.0	0.0	Dielma	genus
			Dietzia cinnamea	Dietzia	Dietziaceae	Corynebacteriales	Actinomycetia	Actinobacteria	Bacteria	Human							0.0	0.0	Yes	0.0			Unclassified		Gram+	Aerobe	0.0	0	0.0				71.0				Dietzia.json	0.0	NZ_BCSW01000001		0.0	Dietzia	genus
Dolosigranulum pigrum ATCC 51524 (883103.3)			Dolosigranulum pigrum	Dolosigranulum	Carnobacteriaceae	Lactobacillales	Bacilli	Firmicutes	Bacteria	Human		883103.3		2513237341.0	PMID:31171880	Literature research	0.0	0.0	Yes	0.0	Host-associated	Human	Cerebrospinal fluid	Nervous system	Gram+	Facultative anaerobe	0.0	0	0.0	1846028.0	1723.0	730416.0	40.0	1692.0	98.2		Dolosigranulum.json				0.0	Dolosigranulum	genus
				Dorea	Lachnospiraceae	Eubacteriales	Clostridia	Firmicutes	Bacteria								0.0	0.0	Yes	0.0					Gram+	Anaerobe	0.0	0	0.0								Dorea.json	0.0		0.0	0.0	Dorea	genus
				Dyadobacter	Spirosomaceae	Cytophagales	Cytophagia	Bacteroidetes	Bacteria	Human					PMID:20203603; PMID:24861948	AGORA 1.03	0.0	0.0	Yes	0.0	Host-associated	Plants	Unclassified		Gram-	Aerobe		Nonmotile	0.0				52.0				Dyadobacter.json	0.0				Dyadobacter	genus
				Dysgonomonas	Dysgonomonadaceae	Bacteroidales	Bacteroidia	Bacteroidetes	Bacteria	Human							0.0	0.0	Yes	0.0	Host-associated	Human	Unclassified	Unclassified	Gram-	Anaerobe	0.0	0	0.0								Dysgonomonas.json	0.0				Dysgonomonas	genus
				Edwardsiella	Hafniaceae	Enterobacterales	Gammaproteobacteria	Proteobacteria	Bacteria	Human							0.0	0.0	Yes						Gram-	Facultative anaerobe	0.0		0.0								Edwardsiella.json					Edwardsiella	genus
				Eggerthella	Eggerthellaceae	Eggerthellales	Coriobacteriia	Actinobacteria	Bacteria	Human							0.0	0.0	Yes	0.0					Gram+	Anaerobe	0.0										Eggerthella.json				0.0	Eggerthella	genus
Eggerthia catenaformis OT 569 = DSM 20559 (999415.3)	2.0	Eggerthia catenaformis OT 569 = DSM 20559	Eggerthia catenaformis	Eggerthia	Coprobacillaceae	Erysipelotrichales	Erysipelotrichia	Firmicutes	Bacteria	Human	999415.0	999415.3	GCF_000422605.1	2537561938.0	PMID:20203603; PMID:24861948	AGORA 1.03	0.0	0.0	Yes	0.0	Host-associated	Human	Oral	Digestive system	Gram+	Anaerobe	0.0	Nonmotile	0.0	1935589.0	1952.0	634369.0	33.0	1884.0	96.52	ftp://ftp.ncbi.nlm.nih.gov/genomes/all/GCF/000/422/605/GCF_000422605.1_ASM42260v1	Eggerthia.json					Eggerthia	genus
Eikenella corrodens ATCC 23834 (546274.4)	2.0	Eikenella corrodens ATCC 23834	Eikenella corrodens	Eikenella	Neisseriaceae	Neisseriales	Betaproteobacteria	Proteobacteria	Bacteria	Human	546274.0	546274.4	GCF_000158615.1	643886208.0	PMID:20203603; PMID:24861948	AGORA 1.03	0.0	0.0	Yes		Host-associated	Animal	Unclassified	Respiratory system	Gram-	Microaerophile	0.0	Motile	0.0	2135355.0	2675.0	1191844.0	56.0	2627.0	98.21	ftp://ftp.ncbi.nlm.nih.gov/genomes/all/GCF/000/158/615/GCF_000158615.1_ASM15861v1	Eikenella.json					Eikenella	genus
	0.0			Eisenbergiella	Lachnospiraceae	Eubacteriales	Clostridia	Firmicutes	Bacteria								0.0	0.0							Gram+	Anaerobe	0.0	0	0.0								Eisenbergiella.json	0.0		0.0	0.0	Eisenbergiella	genus
Elusimicrobium minutum Pei191 (445932.6)	1.0	Elusimicrobium minutum Pei191	Elusimicrobium minutum	Elusimicrobium	Elusimicrobiaceae	Elusimicrobiales	Elusimicrobia	Elusimicrobia	Bacteria	Human	445932.0	445932.6	GCF_000020145.1	642555127.0	https://www.biorxiv.org/content/10.1101/691030v1	Literature research	0.0	0.0	Yes	0.0	Host-associated	Insecta	Unclassified	Digestive system	Gram-	Anaerobe		0		1643562.0	1596.0	656638.0	40.0	1548.0	96.99	ftp://ftp.ncbi.nlm.nih.gov/genomes/all/GCF/000/020/145/GCF_000020145.1_ASM2014v1	Elusimicrobium.json				0.0	Elusimicrobium	genus
	0.0	Emergencia timonensis DSM 101844	Emergencia timonensis	Emergencia	Eubacteriales Family XIII. Incertae Sedis	Eubacteriales	Clostridia	Firmicutes	Bacteria	Human	1776384.0		GCF_900086585.1		PMID:30745586	Literature research									Gram+											ftp.ncbi.nlm.nih.gov/genomes/all/GCF/900/086/585/GCF_900086585.1_PRJEB13931	Emergencia.json		GCF_900086585.1			Emergencia	genus
	0.0	Enhydrobacter aerosaccus	Enhydrobacter aerosaccus	Enhydrobacter	unclassified Rhodospirillales	Hyphomicrobiales	Alphaproteobacteria	Proteobacteria	Bacteria	Human	225324.0		GCF_900167455.1	2582581318.0	PMID:31275260	Literature research	0.0	0.0	Yes	0.0	Environmental	Aquatic	Lentic	Freshwater	Gram-	0	0.0	0	0.0	6769764.0	6574.0	4376766.0	65.0	6517.0	99.13	ftp://ftp.ncbi.nlm.nih.gov/genomes/all/GCF/900/167/455/GCF_900167455.1_IMG-taxon_2582581318_annotated_assembly	Enhydrobacter.json	0.0	GCF_900167455.1		0.0	Enhydrobacter	genus
	0.0			Enorma	Coriobacteriaceae	Coriobacteriales	Coriobacteriia	Actinobacteria	Bacteria	Human							0.0	0.0	Yes	0.0	Host-associated			Digestive system	Gram+		0.0		0.0				66.0				Enorma.json	0.0		0.0		Enorma	genus
				Enterobacter	Enterobacteriaceae	Enterobacterales	Gammaproteobacteria	Proteobacteria	Bacteria	Human							0.0	0.0	Yes	0.0					Gram-	Facultative anaerobe	0.0		0.0								Enterobacter.json	0.0		0.0	0.0	Enterobacter	genus
				Enterocloster	Lachnospiraceae	Eubacteriales	Clostridia	Firmicutes	Bacteria								0.0	0.0	Yes	0.0					Gram+		0.0		0.0								Enterocloster.json					Enterocloster	genus
				Enterococcus	Enterococcaceae	Lactobacillales	Bacilli	Firmicutes	Bacteria	Human							0.0	0.0	Yes	0.0					Gram+	Facultative anaerobe	0.0		0.0								Enterococcus.json			0.0	0.0	Enterococcus	genus
Eremococcus coleocola ACS-139-V-Col8 (908337.3)	1.0	Eremococcus coleocola ACS-139-V-Col8	Eremococcus coleocola	Eremococcus	Aerococcaceae	Lactobacillales	Bacilli	Firmicutes	Bacteria	Human	908337.0	908337.3	GCF_000183205.1	649989944.0	PMID:31275260	Literature research	0.0	0.0	Yes	0.0	Host-associated	Human	Vagina	Reproductive system	Gram+	Facultative anaerobe	0.0	0		1773745.0	1773.0	691122.0	39.0	1720.0	97.01	ftp://ftp.ncbi.nlm.nih.gov/genomes/all/GCF/000/183/205/GCF_000183205.1_ASM18320v1	Eremococcus.json				0.0	Eremococcus	genus
	0.0			Erwinia	Erwiniaceae	Enterobacterales	Gammaproteobacteria	Proteobacteria	Bacteria	Human					https://www.biorxiv.org/content/10.1101/691030v1	Literature research	0.0	0.0							Gram-	0	0.0	0	0.0								Erwinia.json	0.0		0.0	0.0	Erwinia	genus
				Erysipelatoclostridium	Erysipelotrichaceae	Erysipelotrichales	Erysipelotrichia	Firmicutes	Bacteria								0.0	0.0	Yes	0.0	Host-associated				Gram+		0.0		0.0								Erysipelatoclostridium.json	0.0				Erysipelatoclostridium	genus
Erysipelothrix rhusiopathiae ATCC 19414 (525280.3)			Erysipelothrix rhusiopathiae	Erysipelothrix	Erysipelotrichaceae	Erysipelotrichales	Erysipelotrichia	Firmicutes	Bacteria	Mouse		525280.3			Personal communication, Dr. Jan Krumsiek	Personal communication	0.0	0.0	Yes	0.0	Host-associated		Unclassified	Unclassified	Gram+	Facultative	0.0		0.0								Erysipelothrix.json					Erysipelothrix	genus
				Escherichia	Enterobacteriaceae	Enterobacterales	Gammaproteobacteria	Proteobacteria	Bacteria								0.0	0.0	Yes	0.0					Gram-	Facultative anaerobe	0.0		0.0								Escherichia.json	0.0		0.0	0.0	Escherichia	genus
Ethanoligenens harbinense YUAN-3 (663278.4)	1.0	Ethanoligenens harbinense YUAN-3	Ethanoligenens harbinense	Ethanoligenens	Oscillospiraceae	Eubacteriales	Clostridia	Firmicutes	Bacteria	Mouse	663278.0	663278.4	GCF_000178115.2	649633043.0	Personal communication, Dr. Jan Krumsiek	Personal communication	0.0	0.0	Yes	0.0	Engineered	Wastewater	Unclassified	Activated Sludge	Gram+	Obligate anaerobe	0.0	Motile	0.0	3008576.0	2874.0	1671520.0	56.0	2800.0	97.43	ftp://ftp.ncbi.nlm.nih.gov/genomes/all/GCF/000/178/115/GCF_000178115.2_ASM17811v2	Ethanoligenens.json	0.0				Ethanoligenens	genus
				Eubacterium	Eubacteriaceae	Eubacteriales	Clostridia	Firmicutes	Bacteria								0.0	0.0	Yes	0.0					Gram+	Obligate anaerobe											Eubacterium.json					Eubacterium	genus
	0.0		Ewingella americana	Ewingella	Yersiniaceae	Enterobacterales	Gammaproteobacteria	Proteobacteria	Bacteria	Human				2588253786.0	https://www.biorxiv.org/content/10.1101/691030v1	Literature research	0.0	0.0	Yes	0.0	Host-associated	Human	Nasopharyngeal	Respiratory system	Gram-	Facultative anaerobe	0.0	0	0.0	4867810.0	4460.0	2623508.0	54.0	4398.0	98.61		Ewingella.json	0.0				Ewingella	genus
	0.0			Exiguobacterium	Bacillales Incertae Sedis XII	Bacillales	Bacilli	Firmicutes	Bacteria	Human			GCF_000702585.1	2562617001.0			0.0	0.0	Yes	0.0	Host-associated	Plants	Unclassified	Unclassified	Gram+	Facultative	0.0	0	0.0	3037601.0	3172.0	1603654.0	53.0	3067.0	96.69		Exiguobacterium.json	0.0		0.0	0.0	Exiguobacterium	genus
	0.0	Extibacter muris	Extibacter muris	Extibacter	Lachnospiraceae	Eubacteriales	Clostridia	Firmicutes	Bacteria	Mouse	1796622.0		GCF_004345005.1		PMID:27670113	Literature research	0.0	0.0							Gram+	Anaerobe	0.0	0	0.0							ftp://ftp.ncbi.nlm.nih.gov/genomes/all/GCF/004/345/005/GCF_004345005.1_ASM434500v1	Extibacter.json	0.0	GCF_004345005.1	0.0	0.0	Extibacter	genus
				Facklamia	Aerococcaceae	Lactobacillales	Bacilli	Firmicutes	Bacteria	Human															Gram+	Facultative anaerobe											Facklamia.json					Facklamia	genus
				Faecalibacterium	Oscillospiraceae	Eubacteriales	Clostridia	Firmicutes	Bacteria	Human							0.0	0.0							Gram+		0.0		0.0								Faecalibacterium.json	0.0		0.0	0.0	Faecalibacterium	genus
	0.0	Faecalicoccus pleomorphus DSM 20574	Faecalicoccus pleomorphus	Faecalicoccus	Erysipelotrichaceae	Erysipelotrichales	Erysipelotrichia	Firmicutes	Bacteria	Human	1123313.0		GCF_000420345.1	2524614880.0	PMID:20203603; PMID:24861948	AGORA 1.03	0.0	0.0	Yes	0.0	Host-associated	Birds	Unclassified	Digestive system	Gram+	Anaerobe	0.0	0	0.0	1992636.0	2065.0	777816.0	39.0	2004.0	97.05	ftp://ftp.ncbi.nlm.nih.gov/genomes/all/GCF/000/420/345/GCF_000420345.1_ASM42034v1	Faecalicoccus.json	0.0				Faecalicoccus	genus
Eubacterium cylindroides T2-87 (717960.3)			Faecalitalea cylindroides	Faecalitalea	Erysipelotrichaceae	Erysipelotrichales	Erysipelotrichia	Firmicutes	Bacteria	Human		717960.3		650377935.0			0.0	0.0	Yes	0.0	Host-associated	Unclassified	Unclassified	Unclassified	Gram+	Anaerobe	0.0	0		1966750.0	1487.0	618159.0	37.0	1442.0	96.97		Faecalitalea.json					Faecalitalea	genus
				Fannyhessea	Actinomycetaceae	Actinomycetales	Actinomycetia	Actinobacteria	Bacteria	Human					PMID:31171880	Literature research	0.0	0.0							Gram+	Anaerobe	0.0		0.0								Fannyhessea.json	0.0		0.0	0.0	Fannyhessea	genus
	0.0	Fenollaria timonensis GD5	Fenollaria timonensis	Fenollaria	Eubacteriales incertae sedis	Eubacteriales	Clostridia	Firmicutes	Bacteria	Human	1723384.0		GCF_001457835.1		PMID:30745586	Literature research									Gram-											ftp://ftp.ncbi.nlm.nih.gov/genomes/all/GCF/001/457/835/GCF_001457835.1_Micromassilia_timonensis	Fenollaria.json		GCF_001457835.1			Fenollaria	genus
Filifactor alocis ATCC 35896 (546269.5)	2.0	Filifactor alocis ATCC 35896	Filifactor alocis	Filifactor	Peptostreptococcaceae	Eubacteriales	Clostridia	Firmicutes	Bacteria	Human	546269.0	546269.5	GCF_000163895.2	2511231077.0	PMID:20203603; PMID:24861948	AGORA 1.03	0.0	0.0	Yes	0.0	Host-associated	Human	Oral	Digestive system	Gram+	0	0.0	0		1931012.0	1700.0	684457.0	35.0	1641.0	96.53	ftp://ftp.ncbi.nlm.nih.gov/genomes/all/GCF/000/163/895/GCF_000163895.2_ASM16389v2	Filifactor.json					Filifactor	genus
	2.0		Finegoldia magna	Finegoldia	Peptoniphilaceae	Tissierellales	Tissierellia	Firmicutes	Bacteria	Human							0.0	0.0	Yes	0.0	Host-associated	Human			Gram+	Anaerobe	0.0	0					32.0				Finegoldia.json					Finegoldia	genus
	0.0	Flaviflexus massiliensis	Flaviflexus massiliensis	Flaviflexus	Actinomycetaceae	Actinomycetales	Actinomycetia	Actinobacteria	Bacteria	Human	1522309.0		GCF_001375495.1	2775506831.0	PMID:25567229	Literature research	0.0	0.0	Yes	0.0	0	0	0	0	Gram+	Facultative anaerobe	0.0	0	0.0	2629316.0	2507.0	1554451.0	59.0	2442.0	97.41	ftp://ftp.ncbi.nlm.nih.gov/genomes/all/GCF/001/375/495/GCF_001375495.1_Flaviflexus_massiliensis	Flaviflexus.json	0.0		0.0	0.0	Flaviflexus	genus
	0.0			Flavobacterium	Flavobacteriaceae	Flavobacteriales	Flavobacteriia	Bacteroidetes	Bacteria	Human					https://www.biorxiv.org/content/10.1101/691030v1	Literature research	0.0	0.0	Yes	0.0					Gram-	Aerobe	0.0	0	0.0								Flavobacterium.json	0.0		0.0	0.0	Flavobacterium	genus
Flavonifractor plautii ATCC 29863 (411475.3)			Flavonifractor plautii	Flavonifractor	Oscillospiraceae	Eubacteriales	Clostridia	Firmicutes	Bacteria	Human		411475.3					0.0	0.0	Yes	0.0	Host-associated				Gram+	Anaerobe	0.0	0	0.0				61.0				Flavonifractor.json					Flavonifractor	genus
	0.0	Fournierella massiliensis DSM 100451	Fournierella massiliensis	Fournierella	Oscillospiraceae	Eubacteriales	Clostridia	Firmicutes	Bacteria	Human	1650663.0		GCF_001486665.1		PMID:30745586	Literature research									Gram-											ftp.ncbi.nlm.nih.gov/genomes/all/GCF/001/486/665/GCF_001486665.1_Fournierella_massiliensis	Fournierella.json		GCF_001486665.1			Fournierella	genus
	0.0	Frisingicoccus caecimuris	Frisingicoccus caecimuris	Frisingicoccus	Lachnospiraceae	Eubacteriales	Clostridia	Firmicutes	Bacteria	Mouse	1796636.0		GCF_004340975.1	2795385452.0	PMID:27670113	Literature research	0.0	0.0	Yes	0.0	Host-associated	Mammals	Large intestine	Digestive system	Gram+	Anaerobe	0.0	0	0.0	2716364.0	2693.0	1186715.0	44.0	2612.0	96.99	ftp://ftp.ncbi.nlm.nih.gov/genomes/all/GCF/004/340/975/GCF_004340975.1_ASM434097v1	Frisingicoccus.json	0.0	GCF_004340975.1	0.0	0.0	Frisingicoccus	genus
				Fructilactobacillus	Lactobacillaceae	Lactobacillales	Bacilli	Firmicutes	Bacteria	Human						Literature research	0.0	0.0	Yes	0.0					Gram+		0.0		0.0								Fructilactobacillus.json	0.0		0.0	0.0	Fructilactobacillus	genus
	0.0			Fructobacillus	Lactobacillaceae	Lactobacillales	Bacilli	Firmicutes	Bacteria	Human					https://www.biorxiv.org/content/10.1101/691030v1	Literature research	0.0	0.0	Yes	0.0	0	0	0	0	Gram+	Facultative anaerobe	0.0		0.0								Fructobacillus.json	0.0				Fructobacillus	genus
			Fulvimarina pelagi	Fulvimarina	Aurantimonadaceae	Hyphomicrobiales	Alphaproteobacteria	Proteobacteria	Bacteria	Human					https://www.biorxiv.org/content/10.1101/691030v1	Literature research	0.0	0.0	Yes	0.0					Gram-	Aerobe	0.0		0.0				61.0				Fulvimarina.json	0.0		0.0	0.0	Fulvimarina	genus
	0.0	Furfurilactobacillus siliginis	Lactobacillus siliginis	Furfurilactobacillus	Lactobacillaceae	Lactobacillales	Bacilli	Firmicutes	Bacteria	Human	348151.0		GCF_001437435.1	2667528109.0	PMID:31275260	Literature research	0.0	0.0	Yes	0.0	Engineered	Food production	Unclassified	Unclassified	Gram+	Aerobe	0.0	0	0.0	2064408.0	2073.0	900504.0	44.0	2006.0	96.77	ftp://ftp.ncbi.nlm.nih.gov/genomes/all/GCF/001/437/435/GCF_001437435.1_ASM143743v1	Furfurilactobacillus.json	0.0	GCF_001437435.1	0.0	0.0	Furfurilactobacillus	genus
	0.0	Fusicatenibacter saccharivorans	Fusicatenibacter saccharivorans	Fusicatenibacter	Lachnospiraceae	Eubacteriales	Clostridia	Firmicutes	Bacteria	Human	1150298.0				PMID:30718869	Forster et al. resource	0.0	0.0							Gram+	Anaerobe	0.0	0	0.0								Fusicatenibacter.json	0.0		0.0	0.0	Fusicatenibacter	genus
				Fusobacterium	Fusobacteriaceae	Fusobacteriales	Fusobacteriia	Fusobacteria	Bacteria	Human							0.0	0.0	Yes	0.0	Host-associated				Gram-	Anaerobe	0.0		0.0								Fusobacterium.json					Fusobacterium	genus
	0.0	Gabonia massiliensis DSM 100571	Gabonia massiliensis	Gabonia	Porphyromonadaceae	Bacteroidales	Bacteroidia	Bacteroidetes	Bacteria	Human	1686296.0		GCF_001403595.1		PMID:30745586	Literature research									Gram-											ftp.ncbi.nlm.nih.gov/genomes/all/GCA/001/403/595/GCA_001403595.1_Gabonia_massiliensis	Gabonia.json		GCF_001403595.1			Gabonia	genus
	0.0	Gabonibacter massiliensis DSM 101039	Gabonibacter massiliensis	Gabonibacter	Porphyromonadaceae	Bacteroidales	Bacteroidia	Bacteroidetes	Bacteria	Human	1720195.0		GCF_001487125.1		PMID:30745586	Literature research									Gram-											ftp.ncbi.nlm.nih.gov/genomes/all/GCA/001/487/125/GCA_001487125.1_Sanguibacteroides_massiliensis	Gabonibacter.json		GCF_001487125.1			Gabonibacter	genus
			Gardnerella vaginalis	Gardnerella	Bifidobacteriaceae	Bifidobacteriales	Actinomycetia	Actinobacteria	Bacteria	Human					PMID:31171880	Literature research	0.0	0.0	Yes		Host-associated				Gram+	Facultative anaerobe	0.0	0									Gardnerella.json					Gardnerella	genus
				Gemella	Bacillales Incertae Sedis XI	Bacillales	Bacilli	Firmicutes	Bacteria	Human							0.0	0.0	Yes		Host-associated	Human			Gram+	Facultative	0.0		0.0								Gemella.json					Gemella	genus
Gemmata obscuriglobus UQM 2246 (214688.3)	1.0	Gemmata obscuriglobus UQM 2246	Gemmata obscuriglobus	Gemmata	Gemmataceae	Gemmatales	Planctomycetia	Planctomycetes	Bacteria	Human	214688.0	214688.3	GCF_000171775.1	641736268.0	https://www.biorxiv.org/content/10.1101/691030v1	Literature research	0.0	0.0	Yes	0.0	Environmental	Aquatic	Unclassified	Freshwater	Gram-	Aerobe	0.0	Motile	0.0	9161841.0	8086.0	6154508.0	67.0	7989.0	98.8	ftp://ftp.ncbi.nlm.nih.gov/genomes/all/GCF/000/171/775/GCF_000171775.1_ASM17177v1	Gemmata.json	0.0				Gemmata	genus
Gemmatimonas aurantiaca T-27 (379066.3)	1.0	Gemmatimonas aurantiaca T-27	Gemmatimonas aurantiaca	Gemmatimonas	Gemmatimonadaceae	Gemmatimonadales	Gemmatimonadetes	Gemmatimonadetes	Bacteria	Human	379066.0	379066.3	GCF_000010305.1	643692024.0	https://www.biorxiv.org/content/10.1101/691030v1	Literature research	0.0	0.0	Yes	0.0	Engineered	Biotransformation	Unclassified	Unclassified	Gram-	Aerobe	0.0	Motile	0.0	4636964.0	3987.0	2980379.0	64.0	3935.0	98.7	ftp://ftp.ncbi.nlm.nih.gov/genomes/all/GCF/000/010/305/GCF_000010305.1_ASM1030v1	Gemmatimonas.json	0.0		0.0		Gemmatimonas	genus
	0.0	Gemmiger formicilis	Gemmiger formicilis	Gemmiger	Ruminococcaceae	Eubacteriales	Clostridia	Firmicutes	Bacteria	Human	745368.0		GCF_900167555.1	2590828806.0			0.0	0.0	Yes	0.0	0	0	0	0	Gram+	0	0.0	0	0.0	3241569.0	2928.0	1882856.0	58.0	2857.0	97.58		Gemmiger.json	0.0	GCF_000409065.1	0.0	0.0	Gemmiger	genus
	0.0			Geobacillus	Bacillaceae	Bacillales	Bacilli	Firmicutes	Bacteria	Human					PMID:20203603; PMID:24861948	AGORA 1.03	0.0	0.0	Yes	0.0					Gram+	Aerobe	0.0		0.0				52.0				Geobacillus.json	0.0				Geobacillus	genus
Actinomyces europaeus ACS-120-V-Col10b (883069.3)			Gleimia europaea	Gleimia	Actinomycetaceae	Actinomycetales	Actinomycetia	Actinobacteria	Bacteria	Human		883069.3			PMID:31171880	Literature research	0.0	0.0	Yes	0.0	Host-associated	Human			Gram+	Facultative anaerobe	0.0	Nonmotile									Gleimia.json					Gleimia	genus
	2.0			Gordonia	Gordoniaceae	Corynebacteriales	Actinomycetia	Actinobacteria	Bacteria	Human					PMID:20203603; PMID:24861948	AGORA 1.03	0.0	0.0	Yes	0.0	Environmental	Terrestrial	Unclassified	Soil	Gram+	Aerobe	0.0	0	0.0								Gordonia.json	0.0			0.0	Gordonia	genus
Gordonibacter pamelaeae 7-10-1-b (657308.3)			Gordonibacter pamelaeae	Gordonibacter	Eggerthellaceae	Eggerthellales	Coriobacteriia	Actinobacteria	Bacteria	Human		657308.3	GCF_000210055.1	650377943.0			0.0	0.0	Yes	0.0	Host-associated	Human	Unclassified	Unclassified	Gram+	Obligate anaerobe	0.0			3608022.0	2077.0	2180199.0	65.0	2027.0	97.59		Gordonibacter.json					Gordonibacter	genus
	0.0	Gorillibacterium timonense CSUR P2011	Gorillibacterium timonense	Gorillibacterium	Paenibacillaceae	Bacillales	Bacilli	Firmicutes	Bacteria	Human	1689269.0		GCF_001457415.1		PMID:30745586	Literature research									Gram-											ftp.ncbi.nlm.nih.gov/genomes/all/GCF/001/457/415/GCF_001457415.1_Gorillibacterium_timonense	Gorillibacterium.json		GCF_001457415.1			Gorillibacterium	genus
	0.0			Gottschalkia	Gottschalkiaceae	Tissierellales	Tissierellia	Firmicutes	Bacteria								0.0	0.0	Yes	0.0					Gram+		0.0		0.0								Gottschalkia.json	0.0	GCF_000299355.1			Gottschalkia	genus
	0.0			Gracilibacillus	Bacillaceae	Bacillales	Bacilli	Firmicutes	Bacteria	Human					PMID:30745586	Literature research									Gram+												Gracilibacillus.json					Gracilibacillus	genus
	0.0	Gracilibacter	Gracilibacter sp. BRH_c7a	Gracilibacter	Gracilibacteraceae	Eubacteriales	Clostridia	Firmicutes	Bacteria	Mouse	342658.0				Personal communication, Dr. Jan Krumsiek	Personal communication									Gram-	Anaerobe										https://www.ncbi.nlm.nih.gov/assembly/GCA_001516055.1/	Gracilibacter.json		GCA_001516055.1			Gracilibacter	genus
	2.0			Granulicatella	Carnobacteriaceae	Lactobacillales	Bacilli	Firmicutes	Bacteria	Human					PMID:20203603; PMID:24861948	AGORA 1.03	0.0	0.0	Yes	0.0	Host-associated	Human			Gram+	Facultative anaerobe	0.0	Nonmotile	0.0								Granulicatella.json					Granulicatella	genus
Grimontia hollisae CIP 101886 (675812.3)	2.0	Grimontia hollisae CIP 101886	Grimontia hollisae	Grimontia	Vibrionaceae	Vibrionales	Gammaproteobacteria	Proteobacteria	Bacteria	Human	675812.0	675812.3	GCF_000176515.1	647000258.0	PMID:20203603; PMID:24861948	AGORA 1.03	0.0	0.0	Yes	0.0	Host-associated	Human	Large intestine	Digestive system	Gram-	Facultative	0.0	Motile	0.0	4002786.0	3694.0	1980305.0	49.0	3567.0	96.56	ftp://ftp.ncbi.nlm.nih.gov/genomes/all/GCF/000/176/515/GCF_000176515.1_ASM17651v1	Grimontia.json					Grimontia	genus
				Haemophilus	Pasteurellaceae	Pasteurellales	Gammaproteobacteria	Proteobacteria	Bacteria	Human							0.0	0.0	Yes	0.0					Gram-		0.0										Haemophilus.json					Haemophilus	genus
Hafnia alvei ATCC 51873 (1002364.3)				Hafnia	Hafniaceae	Enterobacterales	Gammaproteobacteria	Proteobacteria	Bacteria	Human		1002364.3					0.0	0.0	Yes	0.0					Gram-	Facultative anaerobe	0.0		0.0								Hafnia.json					Hafnia	genus
	0.0	Halococcus morrhuae DSM 1307	Halococcus morrhuae	Halococcus	Halococcaceae	Halobacteriales	Halobacteria	Euryarchaeota	Archaea	Human	931277.0		GCF_000336695.1		PMID:20203603; PMID:24861948	AGORA 1.03	0.0	0.0							Gram-	0	0.0	0	0.0							https://www.ncbi.nlm.nih.gov/assembly/GCF_000336695.1/	Halococcus.json	0.0		0.0	0.0	Halococcus	genus
Desulfovibrio desulfuricans subsp. aestuarii DSM 17919 = ATCC 29578 (1121444.3)	2.0	Halodesulfovibrio aestuarii DSM 17919 = ATCC 29578	Halodesulfovibrio aestuarii	Halodesulfovibrio	Desulfovibrionaceae	Desulfovibrionales	Deltaproteobacteria	Proteobacteria	Bacteria	Human	1121444.0	1121444.3	GCF_000384815.1	2518645586.0	Strains of species found in the human gut (PMID:24861948) present in PubSEED	Initial strain selection	0.0	0.0	Yes	0.0	Environmental	Terrestrial	Unclassified	Soil	Gram-	Anaerobe	0.0	0	0.0	3551290.0	3251.0	1602320.0	45.0	3139.0	96.55	ftp://ftp.ncbi.nlm.nih.gov/genomes/all/GCF/000/384/815/GCF_000384815.1_ASM38481v1	Halodesulfovibrio.json	0.0			0.0	Halodesulfovibrio	genus
	0.0	Halomonas campaniensis	Halomonas campaniensis	Halomonas	Halomonadaceae	Oceanospirillales	Gammaproteobacteria	Proteobacteria	Bacteria	Human	213554.0		GCF_000696485.1	2576861481.0	https://www.biorxiv.org/content/10.1101/691030v1	Literature research	0.0	0.0	Yes	0.0	0	0	0	0	Gram-	0	0.0	0	0.0	4074048.0	3631.0	2144932.0	53.0	3552.0	97.82	ftp://ftp.ncbi.nlm.nih.gov/genomes/all/GCF/000/696/485/GCF_000696485.1_ASM69648v1	Halomonas.json	0.0	GCF_000696485.1	0.0	0.0	Halomonas	genus
				Helicobacter	Helicobacteraceae	Campylobacterales	Epsilonproteobacteria	Proteobacteria	Bacteria								0.0	0.0	Yes	0.0					Gram-	Microaerophile	0.0		0.0								Helicobacter.json	0.0		0.0	0.0	Helicobacter	genus
	0.0		Herbaspirillum huttiense	Herbaspirillum	Oxalobacteraceae	Burkholderiales	Betaproteobacteria	Proteobacteria	Bacteria	Human					https://www.biorxiv.org/content/10.1101/691030v1	Literature research	0.0	0.0	Yes	0.0					Gram-	0	0.0	0	0.0								Herbaspirillum.json	0.0		0.0	0.0	Herbaspirillum	genus
Eubacterium biforme DSM 3989 (518637.5)	2.0	Holdemanella biformis DSM 3989	Holdemanella biformis	Holdemanella	Erysipelotrichaceae	Erysipelotrichales	Erysipelotrichia	Firmicutes	Bacteria	Human	518637.0	518637.5	GCF_000156655.1	642979360.0	PMID:20203603; PMID:24861948	AGORA 1.03	0.0	0.0	Yes	0.0	Host-associated	Human	Large intestine	Digestive system	Gram+	Anaerobe	0.0	0	0.0	2415920.0	2577.0	816316.0	34.0	2529.0	98.14	ftp://ftp.ncbi.nlm.nih.gov/genomes/all/GCF/000/156/655/GCF_000156655.1_ASM15665v1	Holdemanella.json					Holdemanella	genus
				Holdemania	Erysipelotrichaceae	Erysipelotrichales	Erysipelotrichia	Firmicutes	Bacteria	Human							0.0	0.0	Yes	0.0	Host-associated	Human	Large intestine	Digestive system	Gram+	Anaerobe	0.0		0.0								Holdemania.json					Holdemania	genus
				Hungatella	Clostridiaceae	Eubacteriales	Clostridia	Firmicutes	Bacteria								0.0	0.0	Yes	0.0	Host-associated					Obligate anaerobe	0.0		0.0								Hungatella.json	0.0		0.0	0.0	Hungatella	genus
	0.0	Hydrotalea flava	Hydrotalea flava	Hydrotalea	Chitinophagaceae	Chitinophagales	Chitinophagia	Bacteroidetes	Bacteria	Human	714549.0		GCF_900089555.1	2751185699.0	https://www.biorxiv.org/content/10.1101/691030v1	Literature research	0.0	0.0	Yes	0.0	0	0	0	0	Gram-	0	0.0	0	0.0	3403620.0	3098.0	1265207.0	37.0	3053.0	98.55	ftp://ftp.ncbi.nlm.nih.gov/genomes/all/GCF/900/089/555/GCF_900089555.1_J04	Hydrotalea.json	0.0	GCF_900089555.1	0.0	0.0	Hydrotalea	genus
Clostridium bartlettii DSM 16795 (445973.7)				Intestinibacter	Peptostreptococcaceae	Eubacteriales	Clostridia	Firmicutes	Bacteria	Human		445973.7	GCF_000154445.1				0.0	0.0	Yes	0.0	Host-associated	Human	Large intestine	Digestive system	Gram+	Anaerobe	0.0		0.0				29.0				Intestinibacter.json					Intestinibacter	genus
	0.0			Intestinimonas		Eubacteriales	Clostridia	Firmicutes	Bacteria					2667527550.0			0.0	0.0	Yes	0.0	Host-associated	Mammals	Large intestine	Digestive system	Gram+	0	0.0	0	0.0	3376475.0	3241.0	1994254.0	59.0	3175.0	97.96		Intestinimonas.json	0.0		0.0	0.0	Intestinimonas	genus
	0.0	Johnsonella ignava ATCC 51276	Johnsonella ignava	Johnsonella	Lachnospiraceae	Eubacteriales	Clostridia	Firmicutes	Bacteria	Human	679200.0		GCF_000235445.1	2513237274.0	https://www.biorxiv.org/content/10.1101/691030v1	Literature research	0.0	0.0	Yes	0.0	Host-associated	Human	Oral	Digestive system	Gram+	Anaerobe	0.0	Nonmotile		2672404.0	2359.0	954988.0	36.0	2308.0	97.84	ftp://ftp.ncbi.nlm.nih.gov/genomes/all/GCF/000/235/445/GCF_000235445.1_John_igna_ATCC_51276_V1	Johnsonella.json					Johnsonella	genus
	1.0		Jonquetella anthropi	Jonquetella	Synergistaceae	Synergistales	Synergistia	Synergistetes	Bacteria	Human					PMID:31171880	Literature research	0.0	0.0	Yes	0.0	Host-associated	Human			Gram-	Obligate anaerobe	0.0	Motile									Jonquetella.json					Jonquetella	genus
	0.0			Kallipyga			Tissierellia	Firmicutes	Bacteria	Human															Gram+												Kallipyga.json		GCF_001286805.1			Kallipyga	genus
	0.0	Kandleria vitulina DSM 20405	Kandleria vitulina	Kandleria	Coprobacillaceae	Erysipelotrichales	Erysipelotrichia	Firmicutes	Bacteria	Human	1410657.0		GCF_001436965.1	2561511092.0	PMID:20203603; PMID:24861948	AGORA 1.03	0.0	0.0	Yes	0.0	0	0	0	0	Gram+	0	0.0	0	0.0	2126709.0	2201.0	741888.0	35.0	2122.0	96.41	ftp://ftp.ncbi.nlm.nih.gov/genomes/all/GCF/001/436/965/GCF_001436965.1_ASM143696v1	Kandleria.json	0.0		0.0	0.0	Kandleria	genus
				Kingella	Neisseriaceae	Neisseriales	Betaproteobacteria	Proteobacteria	Bacteria	Human							0.0	0.0	Yes	0.0	Host-associated				Gram-	Microaerophile	0.0	0					54.0				Kingella.json				0.0	Kingella	genus
				Klebsiella	Enterobacteriaceae	Enterobacterales	Gammaproteobacteria	Proteobacteria	Bacteria	Human							0.0	0.0	Yes	0.0					Gram-	Facultative anaerobe	0.0		0.0								Klebsiella.json				0.0	Klebsiella	genus
	0.0			Kluyvera	Enterobacteriaceae	Enterobacterales	Gammaproteobacteria	Proteobacteria	Bacteria	Human							0.0	0.0	Yes	0.0					Gram-	Facultative anaerobe	0.0		0.0								Kluyvera.json	0.0		0.0	0.0	Kluyvera	genus
				Kocuria	Micrococcaceae	Micrococcales	Actinomycetia	Actinobacteria	Bacteria	Human							0.0	0.0	Yes	0.0					Gram+	Aerobe	0.0		0.0								Kocuria.json	0.0		0.0	0.0	Kocuria	genus
Enterobacter cloacae subsp. dissolvens SP1 (1235834.3)	2.0	Kosakonia sacchari SP1	Kosakonia sacchari	Kosakonia	Enterobacteriaceae	Enterobacterales	Gammaproteobacteria	Proteobacteria	Bacteria	Human	1235834.0	1235834.3	GCF_000300455.3	2547132181.0	Strains of species found in the human gut (PMID:24861948) present in PubSEED	Initial strain selection	0.0	0.0	Yes	0.0	Host-associated	Plants	Unclassified	Rhizoplane	Gram-	Aerobe	0.0	Motile	0.0	4945084.0	4887.0	2654529.0	54.0	4729.0	96.77	ftp://ftp.ncbi.nlm.nih.gov/genomes/all/GCF/000/300/455/GCF_000300455.3_ASM30045v4	Kosakonia.json		GCF_000300455.3	0.0	0.0	Kosakonia	genus
Kurthia sp. JC30 (1033739.3)				Kurthia	Planococcaceae	Bacillales	Bacilli	Firmicutes	Bacteria	Human		1033739.3					0.0	0.0	Yes	0.0	Host-associated	Human	Large intestine	Digestive system	Gram+	Obligate aerobe	0.0		0.0								Kurthia.json				0.0	Kurthia	genus
			Kytococcus sedentarius	Kytococcus	Kytococcaceae	Micrococcales	Actinomycetia	Actinobacteria	Bacteria	Human							0.0	0.0	Yes	0.0			Unclassified		Gram+	Obligate aerobe	0.0		0.0								Kytococcus.json	0.0		0.0	0.0	Kytococcus	genus
	0.0			Lachnoanaerobaculum	Lachnospiraceae	Eubacteriales	Clostridia	Firmicutes	Bacteria	Human						Literature research	0.0	0.0							Gram+	Anaerobe	0.0	0	0.0								Lachnoanaerobaculum.json	0.0	GCF_003862485.1	0.0	0.0	Lachnoanaerobaculum	genus
	0.0		Lachnobacterium bovis	Lachnobacterium	Lachnospiraceae	Eubacteriales	Clostridia	Firmicutes	Bacteria								0.0	0.0	Yes	0.0					Gram+	Anaerobe	0.0		0.0				31.0				Lachnobacterium.json	0.0		0.0	0.0	Lachnobacterium	genus
				Lachnoclostridium	Lachnospiraceae	Eubacteriales	Clostridia	Firmicutes	Bacteria								0.0	0.0							Gram+		0.0		0.0								Lachnoclostridium.json	0.0		0.0		Lachnoclostridium	genus
Eubacterium eligens ATCC 27750 (515620.4)				Lachnospira	Lachnospiraceae	Eubacteriales	Clostridia	Firmicutes	Bacteria	Human		515620.4					0.0	0.0	Yes	0.0					Gram+		0.0	0	0.0								Lachnospira.json					Lachnospira	genus
				Lacrimispora	Lachnospiraceae	Eubacteriales	Clostridia	Firmicutes	Bacteria								0.0	0.0	Yes	0.0					Gram+	Anaerobe	0.0										Lacrimispora.json			0.0		Lacrimispora	genus
				Lacticaseibacillus	Lactobacillaceae	Lactobacillales	Bacilli	Firmicutes	Bacteria	Human							0.0	0.0	Yes	0.0					Gram+		0.0		0.0								Lacticaseibacillus.json	0.0		0.0	0.0	Lacticaseibacillus	genus
				Lactiplantibacillus	Lactobacillaceae	Lactobacillales	Bacilli	Firmicutes	Bacteria	Human							0.0	0.0	Yes	0.0					Gram+		0.0		0.0								Lactiplantibacillus.json	0.0		0.0	0.0	Lactiplantibacillus	genus
				Lactobacillus	Lactobacillaceae	Lactobacillales	Bacilli	Firmicutes	Bacteria								0.0	0.0	Yes	0.0					Gram+		0.0		0.0								Lactobacillus.json					Lactobacillus	genus
				Lactococcus	Streptococcaceae	Lactobacillales	Bacilli	Firmicutes	Bacteria	Human							0.0	0.0	Yes						Gram+	Facultative anaerobe	0.0		0.0								Lactococcus.json					Lactococcus	genus
	0.0	Lactonifactor longoviformis DSM 17459	Lactonifactor longoviformis	Lactonifactor	Clostridiaceae	Eubacteriales	Clostridia	Firmicutes	Bacteria	Mouse	1122155.0		GCF_900129135.1	2585428044.0	Personal communication, Dr. Jan Krumsiek	Personal communication	0.0	0.0	Yes	0.0	Host-associated	Human	Large intestine	Digestive system	Gram+	Anaerobe	0.0	Nonmotile	0.0	4839287.0	4487.0	2244790.0	46.0	4389.0	97.82	ftp://ftp.ncbi.nlm.nih.gov/genomes/all/GCF/900/129/135/GCF_900129135.1_IMG-taxon_2585428044_annotated_assembly	Lactonifactor.json	0.0				Lactonifactor	genus
	0.0	Lagierella massiliensis CSUR P2012	Lagierella massiliensis	Lagierella	Peptoniphilaceae	Tissierellales	Tissierellia	Firmicutes	Bacteria	Human	1689303.0		GCF_001407835.1		PMID:30745586	Literature research									Gram+											ftp.ncbi.nlm.nih.gov/genomes/all/GCF/001/407/835/GCF_001407835.1_Lagierella_massiliensis	Lagierella.json		GCF_001407835.1			Lagierella	genus
	2.0			Lancefieldella	Atopobiaceae	Coriobacteriales	Coriobacteriia	Actinobacteria	Bacteria	Human					PMID:20203603; PMID:24861948	AGORA 1.03	0.0	0.0	Yes	0.0	Host-associated	Human	Oral	Digestive system	Gram+	Anaerobe	0.0	Nonmotile									Lancefieldella.json					Lancefieldella	genus
	0.0	Lapidilactobacillus dextrinicus DSM 20335	Lapidilactobacillus dextrinicus	Lapidilactobacillus	Lactobacillaceae	Lactobacillales	Bacilli	Firmicutes	Bacteria	Human	1423738.0		GCF_001436095.1	2663762931.0	https://www.biorxiv.org/content/10.1101/691030v1	Literature research	0.0	0.0	Yes	0.0	Engineered	Food production	Unclassified	Silage fermentation	Gram+	Aerobe	0.0	0	0.0	1804240.0	1783.0	686319.0	38.0	1727.0	96.86	ftp://ftp.ncbi.nlm.nih.gov/genomes/all/GCF/001/436/095/GCF_001436095.1_ASM143609v1	Lapidilactobacillus.json	0.0	GCF_001436095.1	0.0	0.0	Lapidilactobacillus	genus
Laribacter hongkongensis HLHK9 (557598.3)	2.0	Laribacter hongkongensis HLHK9	Laribacter hongkongensis	Laribacter	Chromobacteriaceae	Neisseriales	Betaproteobacteria	Proteobacteria	Bacteria	Human	557598.0	557598.3	GCF_000021025.1	643692026.0	PMID:20203603; PMID:24861948	AGORA 1.03	0.0	0.0	Yes		Host-associated	Human	Blood	Circulatory system	Gram-	Anaerobe	0.0	Motile	0.0	3169329.0	3333.0	1976150.0	62.0	3235.0	97.06	ftp://ftp.ncbi.nlm.nih.gov/genomes/all/GCF/000/021/025/GCF_000021025.1_ASM2102v1	Laribacter.json					Laribacter	genus
	0.0	Lascolabacillus massiliensis DSM 100190	Lascolabacillus massiliensis	Lascolabacillus	Porphyromonadaceae	Bacteroidales	Bacteroidia	Bacteroidetes	Bacteria	Human	1627894.0		GCF_001282625.1		PMID:30745586	Literature research									Gram-											ftp://ftp.ncbi.nlm.nih.gov/genomes/all/GCF/001/282/625/GCF_001282625.1_Lascolabacillus_massiliensis	Lascolabacillus.json		GCF_001282625.1			Lascolabacillus	genus
				Latilactobacillus	Lactobacillaceae	Lactobacillales	Bacilli	Firmicutes	Bacteria	Human							0.0	0.0	Yes	0.0					Gram+		0.0		0.0								Latilactobacillus.json	0.0		0.0	0.0	Latilactobacillus	genus
Lautropia mirabilis ATCC 51599 (887898.3)	2.0	Lautropia mirabilis ATCC 51599	Lautropia mirabilis	Lautropia	Burkholderiaceae	Burkholderiales	Betaproteobacteria	Proteobacteria	Bacteria	Human	887898.0	887898.3	GCF_000186425.1	649989970.0	PMID:20203603; PMID:24861948	AGORA 1.03	0.0	0.0	Yes	0.0	Host-associated	Animal	Unclassified	Digestive system	Gram-	0	0.0	0		3137198.0	2713.0	2057272.0	66.0	2666.0	98.27	ftp://ftp.ncbi.nlm.nih.gov/genomes/all/GCF/000/186/425/GCF_000186425.1_ASM18642v1	Lautropia.json				0.0	Lautropia	genus
	0.0		Leclercia adecarboxylata	Leclercia	Enterobacteriaceae	Enterobacterales	Gammaproteobacteria	Proteobacteria	Bacteria	Human					https://www.biorxiv.org/content/10.1101/691030v1	Literature research	0.0	0.0	Yes	0.0	Environmental	Aquatic		Freshwater	Gram-	Aerobe	0.0		0.0								Leclercia.json	0.0				Leclercia	genus
	0.0	Leminorella grimontii ATCC 33999 = DSM 5078	Leminorella grimontii	Leminorella	Budviciaceae	Enterobacterales	Gammaproteobacteria	Proteobacteria	Bacteria	Human	1005999.0		GCF_000735425.1	2588253796.0	PMID:20203603; PMID:24861948	AGORA 1.03	0.0	0.0	Yes	0.0	Host-associated	Human	Large intestine	Digestive system	Gram-	Aerobe	0.0	Nonmotile	0.0	4235612.0	3827.0	2282471.0	54.0	3758.0	98.2	ftp://ftp.ncbi.nlm.nih.gov/genomes/all/GCF/000/735/425/GCF_000735425.1_GLGR_DRAFTv1	Leminorella.json	0.0				Leminorella	genus
				Lentilactobacillus	Lactobacillaceae	Lactobacillales	Bacilli	Firmicutes	Bacteria	Human							0.0	0.0	Yes	0.0					Gram+		0.0		0.0								Lentilactobacillus.json	0.0				Lentilactobacillus	genus
				Leptotrichia	Leptotrichiaceae	Fusobacteriales	Fusobacteriia	Fusobacteria	Bacteria	Human							0.0	0.0	Yes	0.0					Gram-	Anaerobe	0.0		0.0								Leptotrichia.json					Leptotrichia	genus
				Leuconostoc	Lactobacillaceae	Lactobacillales	Bacilli	Firmicutes	Bacteria	Human							0.0	0.0	Yes	0.0					Gram+	Facultative anaerobe	0.0		0.0								Leuconostoc.json	0.0		0.0		Leuconostoc	genus
				Levilactobacillus	Lactobacillaceae	Lactobacillales	Bacilli	Firmicutes	Bacteria	Human							0.0	0.0	Yes	0.0					Gram+	Aerobe	0.0		0.0								Levilactobacillus.json	0.0				Levilactobacillus	genus
				Ligilactobacillus	Lactobacillaceae	Lactobacillales	Bacilli	Firmicutes	Bacteria								0.0	0.0							Gram+		0.0		0.0								Ligilactobacillus.json	0.0		0.0	0.0	Ligilactobacillus	genus
				Limosilactobacillus	Lactobacillaceae	Lactobacillales	Bacilli	Firmicutes	Bacteria	Human							0.0	0.0	Yes	0.0					Gram+		0.0										Limosilactobacillus.json					Limosilactobacillus	genus
Lactobacillus mali KCTC 3596 (1046596.4)	1.0	Liquorilactobacillus mali KCTC 3596 = DSM 20444	Liquorilactobacillus mali	Liquorilactobacillus	Lactobacillaceae	Lactobacillales	Bacilli	Firmicutes	Bacteria	Human	1046596.0	1046596.4	GCF_000276905.1	2671180581.0	PMID:31275260	Literature research	0.0	0.0	Yes	0.0	0	0	0	0	Gram+	Aerobe	0.0	0	0.0	2560636.0	2577.0	923153.0	36.0	2522.0	97.87	ftp://ftp.ncbi.nlm.nih.gov/genomes/all/GCF/000/276/905/GCF_000276905.1_LmaliDSM20444T	Liquorilactobacillus.json	0.0		0.0	0.0	Liquorilactobacillus	genus
				Listeria	Listeriaceae	Bacillales	Bacilli	Firmicutes	Bacteria	Human							0.0	0.0	Yes	0.0					Gram+	Facultative anaerobe	0.0		0.0								Listeria.json					Listeria	genus
			Loigolactobacillus coryniformis	Loigolactobacillus	Lactobacillaceae	Lactobacillales	Bacilli	Firmicutes	Bacteria	Human							0.0	0.0	Yes	0.0					Gram+	Aerobe	0.0		0.0				43.0				Loigolactobacillus.json	0.0				Loigolactobacillus	genus
	0.0	Longibaculum muris	Longibaculum muris	Longibaculum	Erysipelotrichaceae	Erysipelotrichales	Erysipelotrichia	Firmicutes	Bacteria	Mouse	1796628.0		GCF_004343035.1	2788499828.0	PMID:27670113	Literature research	0.0	0.0	Yes	0.0	Host-associated	Mammals	Large intestine	Digestive system	Gram+	Anaerobe	0.0	0	0.0	3167958.0	3239.0	976013.0	31.0	3166.0	97.75	ftp://ftp.ncbi.nlm.nih.gov/genomes/all/GCF/004/343/035/GCF_004343035.1_ASM434303v1	Longibaculum.json	0.0	GCF_004343035.1	0.0	0.0	Longibaculum	genus
	0.0	Longicatena caecimuris	Longicatena caecimuris	Longicatena	Erysipelotrichaceae	Erysipelotrichales	Erysipelotrichia	Firmicutes	Bacteria	Mouse	1796635.0		GCF_004341945.1	2791354872.0	PMID:27670113	Literature research	0.0	0.0	Yes	0.0	Host-associated	Mammals	Large intestine	Digestive system	Gram+	Anaerobe	0.0	0	0.0	2945084.0	2788.0	1111883.0	38.0	2720.0	97.56	ftp://ftp.ncbi.nlm.nih.gov/genomes/all/GCF/004/341/945/GCF_004341945.1_ASM434194v1	Longicatena.json	0.0	GCF_004341945.1	0.0	0.0	Longicatena	genus
				Lysinibacillus	Bacillaceae	Bacillales	Bacilli	Firmicutes	Bacteria	Human							0.0	0.0	Yes	0.0					Gram+		0.0	0	0.0								Lysinibacillus.json	0.0		0.0	0.0	Lysinibacillus	genus
	0.0		Mageeibacillus indolicus	Mageeibacillus	Oscillospiraceae	Eubacteriales	Clostridia	Firmicutes	Bacteria	Human					species in vaginal microbiome	Personal communication									Gram-	Obligate anaerobe											Mageeibacillus.json					Mageeibacillus	genus
				Mammaliicoccus	Staphylococcaceae	Bacillales	Bacilli	Firmicutes	Bacteria	Human							0.0	0.0							Gram+	Facultative anaerobe	0.0	0	0.0								Mammaliicoccus.json	0.0		0.0	0.0	Mammaliicoccus	genus
	0.0	Marinospirillum alkaliphilum DSM 21637	Marinospirillum alkaliphilum	Marinospirillum	Oceanospirillaceae	Oceanospirillales	Gammaproteobacteria	Proteobacteria	Bacteria	Mouse	1122209.0		GCF_900119735.1	2599185147.0	Personal communication, Dr. Jan Krumsiek	Personal communication	0.0	0.0	Yes	0.0	Environmental	Aquatic	Unclassified	Non-marine Saline and Alkaline	Gram-	Aerobe		Motile	0.0	3137549.0	2963.0	1713750.0	55.0	2897.0	97.77	ftp://ftp.ncbi.nlm.nih.gov/genomes/all/GCF/900/119/735/GCF_900119735.1_IMG-taxon_2599185147_annotated_assembly	Marinospirillum.json	0.0				Marinospirillum	genus
Bryantella formatexigens DSM 14469 (478749.5)	2.0	Marvinbryantia formatexigens DSM 14469	Marvinbryantia formatexigens	Marvinbryantia	Lachnospiraceae	Eubacteriales	Clostridia	Firmicutes	Bacteria	Human	478749.0	478749.5	GCF_900102475.1	2562617090.0	PMID:20203603; PMID:24861948	AGORA 1.03	0.0	0.0	Yes	0.0	Host-associated	Human	Large intestine	Digestive system	Gram+	Anaerobe		Nonmotile	0.0	4548960.0	4960.0	2254223.0	50.0	4896.0	98.71	ftp://ftp.ncbi.nlm.nih.gov/genomes/all/GCF/900/102/475/GCF_900102475.1_IMG-taxon_2599185228_annotated_assembly	Marvinbryantia.json		GCF_000392615.1			Marvinbryantia	genus
	0.0	Massilibacterium senegalense DSM 100455	Massilibacterium senegalense	Massilibacterium	Bacillaceae	Bacillales	Bacilli	Firmicutes	Bacteria	Human	1632858.0		GCF_001375675.1		PMID:30745586	Literature research									Gram-											ftp.ncbi.nlm.nih.gov/genomes/all/GCF/001/375/675/GCF_001375675.1_Massilibacterium_senegalense	Massilibacterium.json		GCF_001375675.1			Massilibacterium	genus
	0.0	Massilioclostridium coli DSM 103344	Massilioclostridium coli	Massilioclostridium	Clostridiaceae	Eubacteriales	Clostridia	Firmicutes	Bacteria	Human	1870991.0		GCF_900095865.1		PMID:30745586	Literature research									Gram-											ftp.ncbi.nlm.nih.gov/genomes/all/GCF/900/095/865/GCF_900095865.1_PRJEB15310	Massilioclostridium.json		GCF_900095865.1			Massilioclostridium	genus
				Mediterraneibacter	Lachnospiraceae	Eubacteriales	Clostridia	Firmicutes	Bacteria	Human							0.0	0.0							Gram+		0.0		0.0								Mediterraneibacter.json	0.0		0.0		Mediterraneibacter	genus
				Megamonas	Selenomonadaceae	Selenomonadales	Negativicutes	Firmicutes	Bacteria	Human							0.0	0.0	Yes	0.0	Host-associated				Gram-		0.0		0.0								Megamonas.json				0.0	Megamonas	genus
				Megasphaera	Veillonellaceae	Veillonellales	Negativicutes	Firmicutes	Bacteria	Human							0.0	0.0	Yes						Gram-		0.0		0.0								Megasphaera.json					Megasphaera	genus
Meiothermus silvanus DSM 9946 (526227.6)	1.0	Meiothermus silvanus DSM 9946	Meiothermus silvanus	Meiothermus	Thermaceae	Thermales	Deinococci	Deinococcus-Thermus	Bacteria	Human	526227.0	526227.6	GCF_000092125.1	646564546.0	PMID:31171880	Literature research	0.0	0.0	Yes	0.0	Environmental	Aquatic	Unclassified	Thermal springs	Gram-	Aerobe	0.0	Nonmotile	0.0	3721669.0	3720.0	2334056.0	63.0	3665.0	98.52	ftp://ftp.ncbi.nlm.nih.gov/genomes/all/GCF/000/092/125/GCF_000092125.1_ASM9212v1	Meiothermus.json	0.0				Meiothermus	genus
	0.0	Merdibacter massiliensis	Merdibacter massiliensis	Merdibacter	Erysipelotrichaceae	Erysipelotrichales	Erysipelotrichia	Firmicutes	Bacteria	Human	1871030.0		GCF_900155395.1	2788499994.0	https://www.biorxiv.org/content/10.1101/691030v1	Literature research	0.0	0.0	Yes	0.0	0	0	0	0	Gram+	0	0.0	0	0.0	2466486.0	2453.0	988336.0	40.0	2368.0	96.53	ftp://ftp.ncbi.nlm.nih.gov/genomes/all/GCF/900/155/395/GCF_900155395.1_PRJEB18752	Merdibacter.json	0.0		0.0	0.0	Merdibacter	genus
	2.0		Mesomycoplasma hyopneumoniae	Mesomycoplasma	Mycoplasmataceae	Mycoplasmatales	Mollicutes	Tenericutes	Bacteria	Human					Strains of species found in the human gut (PMID:24861948) present in PubSEED	Initial strain selection	0.0	0.0	Yes						Gram-	Aerobe	0.0		0.0								Mesomycoplasma.json	0.0				Mesomycoplasma	genus
	2.0			Mesorhizobium	Phyllobacteriaceae	Hyphomicrobiales	Alphaproteobacteria	Proteobacteria	Bacteria	Human							0.0	0.0	Yes	0.0			Unclassified	Unclassified	Gram-	Aerobe		Motile	0.0				63.0				Mesorhizobium.json					Mesorhizobium	genus
	2.0		Metamycoplasma hominis	Metamycoplasma	Metamycoplasmataceae	Mycoplasmoidales	Mollicutes	Tenericutes	Bacteria	Human							0.0	0.0	Yes						Gram-	Aerobe	0.0		0.0				27.0				Metamycoplasma.json					Metamycoplasma	genus
				Methanobrevibacter	Methanobacteriaceae	Methanobacteriales	Methanobacteria	Euryarchaeota	Archaea	Human				646311943.0	PMID:20203603; PMID:24861948	AGORA 1.03	0.0		Yes	0.0	Host-associated	Mammals	Foregut	Digestive system	Gram-	Obligate anaerobe				2937203.0	2283.0	958732.0	33.0	2217.0	97.11		Methanobrevibacter.json					Methanobrevibacter	genus
	0.0	Methanomassiliicoccus luminyensis B10	Methanomassiliicoccus luminyensis	Methanomassiliicoccus	Methanomassiliicoccaceae	Methanomassiliicoccales	Thermoplasmata	Candidatus Thermoplasmatota	Archaea	Human	1175296.0		GCF_000308215.1	2518645582.0	PMID:20203603; PMID:24861948	AGORA 1.03	0.0		Yes	0.0	Host-associated	Human	Large intestine	Digestive system	Gram-	Anaerobe	0.0	0	0.0	2620233.0	2669.0	1584687.0	60.0	2625.0	98.35	https://www.ncbi.nlm.nih.gov/assembly/GCF_000308215.1	Methanomassiliicoccus.json				0.0	Methanomassiliicoccus	genus
Methanosphaera stadtmanae DSM 3091 (339860.6)	2.0	Methanosphaera stadtmanae DSM 3091	Methanosphaera stadtmanae	Methanosphaera	Methanobacteriaceae	Methanobacteriales	Methanobacteria	Euryarchaeota	Archaea	Human	339860.0	339860.6	GCF_000012545.1	637000163.0	PMID:20203603; PMID:24861948	AGORA 1.03	0.0		Yes	0.0	Host-associated	Human	Large intestine	Digestive system	Gram-	Anaerobe		Nonmotile	0.0	1767403.0	1592.0	488399.0	28.0	1536.0	96.48	https://www.ncbi.nlm.nih.gov/assembly/GCF_000012545.1	Methanosphaera.json					Methanosphaera	genus
	2.0			Methylobacterium	Methylobacteriaceae	Hyphomicrobiales	Alphaproteobacteria	Proteobacteria	Bacteria	Human					PMID:20203603; PMID:24861948	AGORA 1.03	0.0	0.0	Yes	0.0	Host-associated	Plants	Unclassified	Unclassified	Gram-		0.0		0.0								Methylobacterium.json	0.0			0.0	Methylobacterium	genus
Methylobacterium populi BJ001 (441620.7)	2.0	Methylorubrum populi BJ001	Methylorubrum populi	Methylorubrum	Methylobacteriaceae	Hyphomicrobiales	Alphaproteobacteria	Proteobacteria	Bacteria	Human	441620.0	441620.7	GCF_000019945.1	642555139.0	PMID:20203603; PMID:24861948	AGORA 1.03	0.0	0.0	Yes	0.0	Host-associated	Plants	Unclassified	Unclassified	Gram-	Aerobe	0.0	Motile	0.0	5848997.0	5538.0	4056880.0	69.0	5464.0	98.66	ftp://ftp.ncbi.nlm.nih.gov/genomes/all/GCF/000/019/945/GCF_000019945.1_ASM1994v1	Methylorubrum.json					Methylorubrum	genus
			Methyloversatilis universalis	Methyloversatilis	Sterolibacteriaceae	Nitrosomonadales	Betaproteobacteria	Proteobacteria	Bacteria	Human							0.0	0.0	Yes	0.0					Gram-	Facultative	0.0	0	0.0								Methyloversatilis.json	0.0		0.0		Methyloversatilis	genus
				Microbacterium	Microbacteriaceae	Micrococcales	Actinomycetia	Actinobacteria	Bacteria	Human					PMID:20203603; PMID:24861948	AGORA 1.03	0.0	0.0	Yes	0.0					Gram+	Facultative	0.0		0.0								Microbacterium.json	0.0				Microbacterium	genus
			Micrococcus luteus	Micrococcus	Micrococcaceae	Micrococcales	Actinomycetia	Actinobacteria	Bacteria	Human							0.0	0.0							Gram+	Obligate aerobe	0.0		0.0								Micrococcus.json	0.0		0.0	0.0	Micrococcus	genus
Micromonospora aurantiaca ATCC 27029 (644283.3)	2.0	Micromonospora aurantiaca ATCC 27029	Micromonospora aurantiaca	Micromonospora	Micromonosporaceae	Micromonosporales	Actinomycetia	Actinobacteria	Bacteria	Human	644283.0	644283.3	GCF_000145235.1	648028042.0	PMID:20203603; PMID:24861948	AGORA 1.03	0.0	0.0	Yes	0.0	Environmental	Terrestrial	Unclassified	Soil	Gram+	Aerobe		0	0.0	7025559.0	6360.0	5116162.0	73.0	6297.0	99.01	ftp://ftp.ncbi.nlm.nih.gov/genomes/all/GCF/000/145/235/GCF_000145235.1_ASM14523v1	Micromonospora.json	0.0			0.0	Micromonospora	genus
	0.0	Microvirga massiliensis	Microvirga massiliensis	Microvirga	Methylobacteriaceae	Hyphomicrobiales	Alphaproteobacteria	Proteobacteria	Bacteria	Human	1033741.0		GCF_001006805.1	2802429303.0	PMID:25567229	Literature research	0.0	0.0	Yes	0.0	0	0	0	0	Gram-	0	0.0	0	0.0	8892715.0	9044.0	5627543.0	63.0	8969.0	99.17	ftp://ftp.ncbi.nlm.nih.gov/genomes/all/GCF/001/006/805/GCF_001006805.1_Microvirga_massiliensis_JC119	Microvirga.json	0.0	NZ_LN811350	0.0	0.0	Microvirga	genus
				Mitsuokella	Selenomonadaceae	Selenomonadales	Negativicutes	Firmicutes	Bacteria	Human							0.0	0.0	Yes	0.0	Host-associated			Digestive system	Gram-	Anaerobe	0.0						58.0				Mitsuokella.json			0.0		Mitsuokella	genus
	0.0	Mobilicoccus massiliensis DSM 29065	Mobilicoccus massiliensis	Mobilicoccus	Dermatophilaceae	Micrococcales	Actinomycetia	Actinobacteria	Bacteria	Human	1522310.0		GCF_000826525.2		PMID:30745586	Literature research									Gram+											ftp.ncbi.nlm.nih.gov/genomes/all/GCF/000/826/525/GCF_000826525.2_Mobilicoccus_massiliensis_SIT2	Mobilicoccus.json		GCF_000826525.2			Mobilicoccus	genus
				Mobiluncus	Actinomycetaceae	Actinomycetales	Actinomycetia	Actinobacteria	Bacteria	Human							0.0	0.0	Yes	0.0	Host-associated			Reproductive system		Anaerobe	0.0										Mobiluncus.json					Mobiluncus	genus
Mogibacterium sp. CM50 (936375.3)	0.0			Mogibacterium	Eubacteriales Family XIII. Incertae Sedis	Eubacteriales	Clostridia	Firmicutes	Bacteria	Human		936375.3					0.0	0.0	Yes	0.0	Host-associated	Human			Gram+	Anaerobe	0.0	0	0.0				44.0				Mogibacterium.json			0.0	0.0	Mogibacterium	genus
				Moraxella	Moraxellaceae	Moraxellales	Gammaproteobacteria	Proteobacteria	Bacteria	Human							0.0	0.0	Yes	0.0					Gram-	Aerobe	0.0		0.0								Moraxella.json	0.0		0.0	0.0	Moraxella	genus
			Morganella morganii	Morganella	Morganellaceae	Enterobacterales	Gammaproteobacteria	Proteobacteria	Bacteria	Human							0.0	0.0	Yes	0.0	Host-associated	Human			Gram-	0	0.0		0.0				51.0				Morganella.json	0.0		0.0	0.0	Morganella	genus
	0.0	Mucispirillum schaedleri ASF457	Mucispirillum schaedleri	Mucispirillum	Deferribacteraceae	Deferribacterales	Deferribacteres	Deferribacteres	Bacteria	Mouse	1379858.0				Personal communication, Dr. Jan Krumsiek	Personal communication									Gram-	Anaerobe										https://www.ncbi.nlm.nih.gov/assembly/GCF_000487995.1/	Mucispirillum.json		GCF_000487995.1			Mucispirillum	genus
	0.0			Murdochiella	Peptoniphilaceae	Tissierellales	Tissierellia	Firmicutes	Bacteria	Human					PMID:30745586	Literature research									Gram+												Murdochiella.json					Murdochiella	genus
	0.0	Muribaculum intestinale	Muribaculum intestinale	Muribaculum	Muribaculaceae	Bacteroidales	Bacteroidia	Bacteroidetes	Bacteria	Mouse	1796646.0		GCF_001688845.2	2757320696.0	PMID:27670113	Literature research	0.0	0.0	Yes	0.0	Host-associated	Mammals	Unclassified	Unclassified	Gram-	0	0.0	0	0.0	3307069.0	2858.0	1657507.0	50.0	2785.0	97.45	ftp://ftp.ncbi.nlm.nih.gov/genomes/all/GCF/001/688/845/GCF_001688845.2_ASM168884v2	Muribaculum.json	0.0		0.0	0.0	Muribaculum	genus
	0.0	Muricomes intestini	Muricomes intestini	Muricomes	Lachnospiraceae	Eubacteriales	Clostridia	Firmicutes	Bacteria	Mouse	1796634.0		GCF_004346165.1	2784746785.0	PMID:27670113	Literature research	0.0	0.0	Yes	0.0	Host-associated	Mammals	Large intestine	Digestive system	Gram+	Anaerobe	0.0	0	0.0	3717384.0	3672.0	1602151.0	43.0	3491.0	95.07	ftp://ftp.ncbi.nlm.nih.gov/genomes/all/GCF/004/346/165/GCF_004346165.1_ASM434616v1	Muricomes.json	0.0	GCF_004346165.1	0.0	0.0	Muricomes	genus
	0.0	Murimonas intestini	Murimonas intestini	Murimonas	Lachnospiraceae	Eubacteriales	Clostridia	Firmicutes	Bacteria	Mouse	1337051.0		GCF_902363655.1	2756170274.0	PMID:27670113	Literature research	0.0	0.0	Yes	0.0	Host-associated	Mammals	Large intestine	Digestive system	Gram+	Anaerobe	0.0	0	0.0	5754343.0	4947.0	2615774.0	45.0	4864.0	98.32	ftp://ftp.ncbi.nlm.nih.gov/genomes/all/GCF/902/363/655/GCF_902363655.1_MGYG-HGUT-00135	Murimonas.json	0.0		0.0	0.0	Murimonas	genus
				Mycobacterium	Mycobacteriaceae	Corynebacteriales	Actinomycetia	Actinobacteria	Bacteria	Human							0.0	0.0	Yes						Gram+		0.0		0.0								Mycobacterium.json	0.0				Mycobacterium	genus
	2.0		Mycobacteroides abscessus	Mycobacteroides	Mycobacteriaceae	Corynebacteriales	Actinomycetia	Actinobacteria	Bacteria	Human					Strains of species found in the human gut (PMID:24861948) present in PubSEED	Initial strain selection	0.0	0.0	Yes	0.0					Gram+	Aerobe	0.0		0.0				64.0				Mycobacteroides.json	0.0		0.0	0.0	Mycobacteroides	genus
Mycobacterium fortuitum subsp. fortuitum DSM 46621 (1214102.3)	2.0	Mycolicibacterium fortuitum subsp. fortuitum DSM 46621 = ATCC 6841 = JCM 6387	Mycolicibacterium fortuitum	Mycolicibacterium	Mycobacteriaceae	Corynebacteriales	Actinomycetia	Actinobacteria	Bacteria	Human	1214102.0	1214102.3	GCF_001050075.1	2684623074.0	PMID:20203603; PMID:24861948	AGORA 1.03	0.0	0.0	Yes	0.0	0	0	0	0	Gram+	Aerobe	0.0	0	0.0	6257075.0	7519.0	3915781.0	66.0	7447.0	99.04	ftp://ftp.ncbi.nlm.nih.gov/genomes/all/GCF/001/050/075/GCF_001050075.1_Mycobacterium_fortuitum_ATCC_6841	Mycolicibacterium.json	0.0		0.0	0.0	Mycolicibacterium	genus
	2.0		Mycoplasma pneumoniae	Mycoplasma	Mycoplasmataceae	Mycoplasmatales	Mollicutes	Tenericutes	Bacteria	Human							0.0	0.0	Yes	0.0			Unclassified		Gram-	Aerobe	0.0		0.0				40.0				Mycoplasma.json	0.0		0.0	0.0	Mycoplasma	genus
			Myroides odoratimimus	Myroides	Flavobacteriaceae	Flavobacteriales	Flavobacteriia	Bacteroidetes	Bacteria	Human					PMID:31275260	Literature research	0.0	0.0	Yes	0.0	Host-associated		Unclassified		Gram-	Aerobe	0.0	0	0.0				34.0				Myroides.json				0.0	Myroides	genus
	0.0			Natranaerovirga	unclassified Clostridiales	Eubacteriales	Clostridia	Firmicutes	Bacteria	Human					https://www.biorxiv.org/content/10.1101/691030v1	Literature research	0.0	0.0	Yes	0.0	Environmental		Unclassified		Gram+	Anaerobe	0.0	0	0.0								Natranaerovirga.json	0.0		0.0	0.0	Natranaerovirga	genus
	0.0	Neglectibacter timonensis DSM 102082	Neglectibacter timonensis	Neglectibacter	Oscillospiraceae	Eubacteriales	Clostridia	Firmicutes	Bacteria	Human	1776382.0		GCF_900048895.1		PMID:30745586	Literature research									Gram+											ftp.ncbi.nlm.nih.gov/genomes/all/GCF/900/048/895/GCF_900048895.1_PRJEB12697	Neglectibacter.json		GCF_900048895.1			Neglectibacter	genus
				Neisseria	Neisseriaceae	Neisseriales	Betaproteobacteria	Proteobacteria	Bacteria	Human							0.0	0.0							Gram-	Microaerophile	0.0		0.0								Neisseria.json	0.0		0.0	0.0	Neisseria	genus
	0.0	Neobacillus jeddahensis DSM 28281	Neobacillus jeddahensis	Neobacillus	Bacillaceae	Bacillales	Bacilli	Firmicutes	Bacteria	Human	1461580.0		GCF_000612625.1		PMID:30745586	Literature research									Gram+											ftp.ncbi.nlm.nih.gov/genomes/all/GCF/000/612/625/GCF_000612625.1_JCE	Neobacillus.json		GCF_000612625.1			Neobacillus	genus
	0.0	Neofamilia massiliensis DSM 100639	Neofamilia massiliensis	Neofamilia	Eubacteriales incertae sedis	Eubacteriales	Clostridia	Firmicutes	Bacteria	Human	1673724.0		GCF_001299475.1		PMID:30745586	Literature research									Gram+											ftp://ftp.ncbi.nlm.nih.gov/genomes/all/GCF/001/299/475/GCF_001299475.1_Neofamilia_massiliensis	Neofamilia.json		GCF_001299475.1			Neofamilia	genus
	0.0	Nesterenkonia massiliensis	Nesterenkonia massiliensis	Nesterenkonia	Micrococcaceae	Micrococcales	Actinomycetia	Actinobacteria	Bacteria	Human	1232429.0		GCF_000455245.1	2602041911.0	PMID:25567229	Literature research	0.0	0.0	Yes	0.0	Host-associated	Human	Intestine	Digestive system	Gram+	Aerobe	0.0	0		2641000.0	2587.0	1661132.0	63.0	2531.0	97.84	ftp://ftp.ncbi.nlm.nih.gov/genomes/all/GCF/000/455/245/GCF_000455245.1_Nm_NP1	Nesterenkonia.json		NZ_HG005165	0.0	0.0	Nesterenkonia	genus
	0.0	Nevskia ramosa DSM 11499	Nevskia ramosa	Nevskia	Sinobacteraceae	Nevskiales	Gammaproteobacteria	Proteobacteria	Bacteria	Human	1122603.0		GCF_000420645.1	2523231050.0	PMID:20203603; PMID:24861948	AGORA 1.03	0.0	0.0	Yes	0.0	Environmental	Aquatic	Wetlands	Freshwater	Gram-	Aerobe	0.0	0	0.0	4515285.0	4071.0	2908683.0	64.0	4011.0	98.53	ftp://ftp.ncbi.nlm.nih.gov/genomes/all/GCF/000/420/645/GCF_000420645.1_ASM42064v1	Nevskia.json	0.0				Nevskia	genus
Bacillus nealsonii AAU1 (1202533.3)	2.0	Niallia nealsonii AAU1	Niallia nealsonii	Niallia	Bacillaceae	Bacillales	Bacilli	Firmicutes	Bacteria	Human	1202533.0	1202533.3	GCF_000401235.1	2541047554.0	PMID:20203603; PMID:24861948	AGORA 1.03	0.0	0.0	Yes	0.0	Host-associated	Mammals	Foregut	Digestive system	Gram+	Facultative anaerobe	0.0	0	0.0	4978389.0	4864.0	1747477.0	35.0	4789.0	98.46	ftp://ftp.ncbi.nlm.nih.gov/genomes/all/GCF/000/401/235/GCF_000401235.1_BacNeaAAU1	Niallia.json	0.0	GCF_000161435.1	0.0	0.0	Niallia	genus
	0.0	Nigerium massiliense	Nigerium massiliense	Nigerium	Propionibacteriaceae	Propionibacteriales	Actinomycetia	Actinobacteria	Bacteria	Human	1522317.0		GCF_000826085.1	2636415533.0	PMID:25567229	Literature research	0.0	0.0	Yes	0.0	0	0	0	0	Gram+	Anaerobe	0.0	0	0.0	2934258.0	2766.0	2065287.0	70.0	2705.0	97.79	ftp://ftp.ncbi.nlm.nih.gov/genomes/all/GCF/000/826/085/GCF_000826085.1_Nigerium_massiliensis_SIT7	Nigerium.json	0.0		0.0	0.0	Nigerium	genus
	0.0	Candidatus Nitrososphaera gargensis Ga9.2	Candidatus Nitrososphaera gargensis	Nitrososphaera	Nitrososphaeraceae	Nitrososphaerales	Nitrososphaeria	Thaumarchaeota	Archaea	Human	1237085.0		GCF_000303155.1		PMID:20203603; PMID:24861948	AGORA 1.03	0.0	0.0							Gram-	Aerobe	0.0	0	0.0							https://www.ncbi.nlm.nih.gov/assembly/GCF_000303155.1/	Nitrososphaera.json	0.0	GCF_000167395.1	0.0	0.0	Nitrososphaera	genus
	0.0	Nocardioides massiliensis	Nocardioides massiliensis	Nocardioides	Nocardioidaceae	Propionibacteriales	Actinomycetia	Actinobacteria	Bacteria	Human	1325935.0		GCF_900067705.1		PMID:25567229	Literature research									Gram+	Obligate aerobe										ftp://ftp.ncbi.nlm.nih.gov/genomes/all/GCA/900/067/705/GCA_900067705.1_Nocardioides_massiliensis_str._GD13	Nocardioides.json					Nocardioides	genus
	0.0	Nosocomiicoccus massiliensis	Nosocomiicoccus massiliensis	Nosocomiicoccus	Staphylococcaceae	Bacillales	Bacilli	Firmicutes	Bacteria	Human	1232430.0		GCF_000438455.1	2600255096.0	PMID:25567229	Literature research	0.0	0.0	Yes	0.0	Host-associated	Human	Unclassified	Digestive system	Gram+	Aerobe	0.0	0	0.0	1509734.0	1684.0	551555.0	37.0	1633.0	96.97	ftp://ftp.ncbi.nlm.nih.gov/genomes/all/GCF/000/438/455/GCF_000438455.1_Nosocomiicoccus_NP2_v1	Nosocomiicoccus.json	0.0	NZ_CAVG010000001	0.0	0.0	Nosocomiicoccus	genus
	0.0	Noviherbaspirillum massiliense JC206	Noviherbaspirillum massiliense	Noviherbaspirillum	Oxalobacteraceae	Burkholderiales	Betaproteobacteria	Proteobacteria	Bacteria	Human	1095769.0		GCF_000312045.1		PMID:25567229	Literature research									Gram-											ftp://ftp.ncbi.nlm.nih.gov/genomes/all/GCF/000/312/045/GCF_000312045.1_ASM31204v1	Noviherbaspirillum.json					Noviherbaspirillum	genus
Novosphingobium aromaticivorans DSM 12444 (279238.18)	1.0	Novosphingobium aromaticivorans DSM 12444	Novosphingobium aromaticivorans	Novosphingobium	Sphingomonadaceae	Sphingomonadales	Alphaproteobacteria	Proteobacteria	Bacteria	Human	279238.0	279238.18	GCF_000013325.1	640427126.0	https://www.biorxiv.org/content/10.1101/691030v1	Literature research	0.0	0.0	Yes		Environmental	Aquatic	Unclassified	Sediment	Gram-	Obligate aerobe		Nonmotile	0.0	4233314.0	4038.0	2756420.0	65.0	3957.0	97.99	ftp://ftp.ncbi.nlm.nih.gov/genomes/all/GCF/000/013/325/GCF_000013325.1_ASM1332v1	Novosphingobium.json	0.0				Novosphingobium	genus
	0.0	Numidum massiliense	Numidum massiliense	Numidum	Bacillaceae	Bacillales	Bacilli	Firmicutes	Bacteria	Human	1522315.0		GCF_001375555.1	2671180477.0	PMID:25567229	Literature research	0.0	0.0	Yes	0.0	Host-associated	Human	Large intestine	Digestive system	Gram+	Aerobe	0.0	Nonmotile	0.0	3754846.0	3515.0	1912729.0	51.0	3440.0	97.87	ftp://ftp.ncbi.nlm.nih.gov/genomes/all/GCF/001/375/555/GCF_001375555.1_Numidum_massiliensis	Numidum.json	0.0	NZ_CTDZ01000001	0.0		Numidum	genus
	0.0		Obesumbacterium proteus	Obesumbacterium	Hafniaceae	Enterobacterales	Gammaproteobacteria	Proteobacteria	Bacteria	Human					https://www.biorxiv.org/content/10.1101/691030v1	Literature research	0.0	0.0	Yes	0.0					Gram-	0		0	0.0				49.0				Obesumbacterium.json	0.0		0.0	0.0	Obesumbacterium	genus
	0.0			Oceanobacillus	Bacillaceae	Bacillales	Bacilli	Firmicutes	Bacteria								0.0	0.0	Yes	0.0					Gram+	Aerobe	0.0		0.0								Oceanobacillus.json	0.0		0.0	0.0	Oceanobacillus	genus
				Odoribacter	Odoribacteraceae	Bacteroidales	Bacteroidia	Bacteroidetes	Bacteria	Human							0.0	0.0	Yes	0.0	Host-associated	Human			Gram-		0.0										Odoribacter.json				0.0	Odoribacter	genus
	0.0	Olegusella massiliensis DSM 101849	Olegusella massiliensis	Olegusella	Coriobacteriaceae	Coriobacteriales	Coriobacteriia	Actinobacteria	Bacteria	Human	1776381.0		GCF_900078545.1		PMID:30745586	Literature research									Gram+											ftp.ncbi.nlm.nih.gov/genomes/all/GCF/900/078/545/GCF_900078545.1_PRJEB13207	Olegusella.json		GCF_900078545.1			Olegusella	genus
Desulfovibrio desulfuricans subsp. desulfuricans str. G20 (207559.7)	2.0	Oleidesulfovibrio alaskensis G20	Oleidesulfovibrio alaskensis	Oleidesulfovibrio	Desulfovibrionaceae	Desulfovibrionales	Deltaproteobacteria	Proteobacteria	Bacteria	Human	207559.0	207559.7	GCF_000012665.1	637000095.0	Strains of species found in the human gut (PMID:24861948) present in PubSEED	Initial strain selection	0.0	0.0	Yes	0.0	Environmental	Terrestrial	Unclassified	Oil reservoir	Gram-	Anaerobe		Motile	0.0	3730232.0	3873.0	2157422.0	58.0	3783.0	97.68	ftp://ftp.ncbi.nlm.nih.gov/genomes/all/GCF/000/012/665/GCF_000012665.1_ASM1266v1	Oleidesulfovibrio.json	0.0	GCF_000022125.1	0.0		Oleidesulfovibrio	genus
			Oligella urethralis	Oligella	Alcaligenaceae	Burkholderiales	Betaproteobacteria	Proteobacteria	Bacteria	Human					https://www.biorxiv.org/content/10.1101/691030v1	Literature research	0.0	0.0	Yes	0.0					Gram-	Aerobe	0.0		0.0				46.0				Oligella.json	0.0		0.0	0.0	Oligella	genus
				Olsenella	Atopobiaceae	Coriobacteriales	Coriobacteriia	Actinobacteria	Bacteria	Human							0.0	0.0	Yes	0.0	Host-associated	Human	Oral	Digestive system	Gram+	Anaerobe	0.0		0.0								Olsenella.json				0.0	Olsenella	genus
				Oribacterium	Lachnospiraceae	Eubacteriales	Clostridia	Firmicutes	Bacteria	Human							0.0	0.0	Yes	0.0	Host-associated	Human	Oral	Digestive system	Gram+	Anaerobe	0.0	0	0.0								Oribacterium.json					Oribacterium	genus
				Oscillibacter	Oscillospiraceae	Eubacteriales	Clostridia	Firmicutes	Bacteria								0.0	0.0							Gram+	Anaerobe	0.0	0	0.0								Oscillibacter.json	0.0		0.0	0.0	Oscillibacter	genus
	2.0		Oxalobacter formigenes	Oxalobacter	Oxalobacteraceae	Burkholderiales	Betaproteobacteria	Proteobacteria	Bacteria	Human					PMID:20203603; PMID:24861948	AGORA 1.03	0.0	0.0	Yes	0.0	Host-associated	Human	Large intestine	Digestive system	Gram-	Anaerobe		0	0.0								Oxalobacter.json					Oxalobacter	genus
				Paenibacillus	Paenibacillaceae	Bacillales	Bacilli	Firmicutes	Bacteria	Human							0.0	0.0	Yes	0.0					Gram+	Facultative anaerobe	0.0		0.0								Paenibacillus.json	0.0			0.0	Paenibacillus	genus
	0.0		Paeniclostridium sordellii	Paeniclostridium	Peptostreptococcaceae	Eubacteriales	Clostridia	Firmicutes	Bacteria	Human							0.0	0.0	Yes	0.0					Gram+	Anaerobe	0.0		0.0								Paeniclostridium.json	0.0		0.0	0.0	Paeniclostridium	genus
	1.0			Paenisporosarcina	Planococcaceae	Bacillales	Bacilli	Firmicutes	Bacteria	Human					PMID:31275260	Literature research	0.0	0.0	Yes	0.0		Unclassified	Unclassified	Unclassified	Gram+	Aerobe	0.0	0	0.0								Paenisporosarcina.json			0.0	0.0	Paenisporosarcina	genus
				Paludibacter	Paludibacteraceae	Bacteroidales	Bacteroidia	Bacteroidetes	Bacteria	Mouse					Personal communication, Dr. Jan Krumsiek	Personal communication	0.0	0.0							Gram-	Obligate anaerobe	0.0		0.0								Paludibacter.json	0.0		0.0	0.0	Paludibacter	genus
				Pantoea	Erwiniaceae	Enterobacterales	Gammaproteobacteria	Proteobacteria	Bacteria	Human							0.0	0.0	Yes	0.0					Gram-	0	0.0	0	0.0								Pantoea.json	0.0		0.0	0.0	Pantoea	genus
	0.0	Papillibacter cinnamivorans DSM 12816	Papillibacter cinnamivorans	Papillibacter	Oscillospiraceae	Eubacteriales	Clostridia	Firmicutes	Bacteria	Mouse	1122930.0		GCF_900176335.1	2588254267.0	Personal communication, Dr. Jan Krumsiek	Personal communication	0.0	0.0	Yes	0.0	Engineered	Biotransformation	Unclassified	Unclassified	Gram+	Anaerobe	0.0	Nonmotile	0.0	2890610.0	2751.0	1612529.0	56.0	2679.0	97.38	ftp://ftp.ncbi.nlm.nih.gov/genomes/all/GCF/900/176/335/GCF_900176335.1_IMG-taxon_2588254267_annotated_assembly	Papillibacter.json	0.0				Papillibacter	genus
				Parabacteroides	Tannerellaceae	Bacteroidales	Bacteroidia	Bacteroidetes	Bacteria								0.0	0.0	Yes	0.0					Gram-		0.0										Parabacteroides.json				0.0	Parabacteroides	genus
	0.0	Paraburkholderia sediminicola	Paraburkholderia sediminicola	Paraburkholderia	Burkholderiaceae	Burkholderiales	Betaproteobacteria	Proteobacteria	Bacteria	Mouse	458836.0		GCF_900104005.1	2654588104.0	Personal communication, Dr. Jan Krumsiek	Personal communication	0.0	0.0	Yes	0.0	0	0	0	0	Gram-	0	0.0	0	0.0	7311602.0	6738.0	4650664.0	64.0	6658.0	98.81	ftp://ftp.ncbi.nlm.nih.gov/genomes/all/GCF/900/104/005/GCF_900104005.1_IMG-taxon_2654588104_annotated_assembly	Paraburkholderia.json	0.0	NZ_FNIU01000114	0.0	0.0	Paraburkholderia	genus
	0.0		Paraclostridium bifermentans	Paraclostridium	Clostridiaceae	Eubacteriales	Clostridia	Firmicutes	Bacteria								0.0	0.0	Yes	0.0					Gram+	0	0.0	0	0.0				28.0				Paraclostridium.json	0.0		0.0	0.0	Paraclostridium	genus
	0.0	Paracoccus yeei ATCC BAA-599	Paracoccus yeei	Paracoccus	Rhodobacteraceae	Rhodobacterales	Alphaproteobacteria	Proteobacteria	Bacteria	Human	1446473.0		GCF_000622145.1	2558309104.0	PMID:20203603; PMID:24861948	AGORA 1.03	0.0	0.0	Yes	0.0	Host-associated	Human	Unclassified	Unclassified	Gram-	0	0.0	0	0.0	4428895.0	4280.0	2987448.0	67.0	4216.0	98.5	ftp://ftp.ncbi.nlm.nih.gov/genomes/all/GCF/000/622/145/GCF_000622145.1_ASM62214v1	Paracoccus.json	0.0			0.0	Paracoccus	genus
	0.0	Paraeggerthella hongkongensis	Paraeggerthella hongkongensis	Paraeggerthella	Eggerthellaceae	Eggerthellales	Coriobacteriia	Actinobacteria	Bacteria	Mouse	230658.0		GCF_003340345.1		Personal communication, Dr. Jan Krumsiek	Personal communication	0.0	0.0							Gram+	0	0.0	0	0.0							ftp://ftp.ncbi.nlm.nih.gov/genomes/all/GCF/003/340/345/GCF_003340345.1_ASM334034v1	Paraeggerthella.json	0.0		0.0	0.0	Paraeggerthella	genus
	0.0	Parapedobacter koreensis	Parapedobacter koreensis	Parapedobacter	Sphingobacteriaceae	Sphingobacteriales	Sphingobacteriia	Bacteroidetes	Bacteria	Human	332977.0		GCF_900109365.1	2671180226.0	PMID:31275260	Literature research	0.0	0.0	Yes	0.0	Environmental	Terrestrial	Unclassified	Soil	Gram-	0	0.0	0	0.0	5547756.0	4879.0	2676005.0	48.0	4830.0	99.0	ftp://ftp.ncbi.nlm.nih.gov/genomes/all/GCF/900/109/365/GCF_900109365.1_IMG-taxon_2671180226_annotated_assembly	Parapedobacter.json	0.0	GCF_900109365.1	0.0	0.0	Parapedobacter	genus
	2.0			Paraprevotella	Prevotellaceae	Bacteroidales	Bacteroidia	Bacteroidetes	Bacteria	Human					PMID:20203603; PMID:24861948	AGORA 1.03	0.0	0.0	Yes	0.0	Host-associated	Human	Large intestine	Digestive system	Gram-	Anaerobe	0.0	0									Paraprevotella.json					Paraprevotella	genus
	1.0		Parascardovia denticolens	Parascardovia	Bifidobacteriaceae	Bifidobacteriales	Actinomycetia	Actinobacteria	Bacteria	Human					PMID:31171880	Literature research	0.0	0.0	Yes	0.0	Host-associated	Human			Gram+	Anaerobe	0.0	Nonmotile	0.0								Parascardovia.json	0.0		0.0	0.0	Parascardovia	genus
	0.0	Parasporobacterium paucivorans DSM 15970	Parasporobacterium paucivorans	Parasporobacterium	Lachnospiraceae	Eubacteriales	Clostridia	Firmicutes	Bacteria	Mouse	1122934.0		GCF_900141895.1	2585427596.0	Personal communication, Dr. Jan Krumsiek	Personal communication	0.0	0.0	Yes	0.0	Environmental	Aquatic	Unclassified	Sediment	Gram+	Anaerobe	0.0	Nonmotile	0.0	2443757.0	2445.0	1078378.0	44.0	2367.0	96.81	ftp://ftp.ncbi.nlm.nih.gov/genomes/all/GCF/900/141/895/GCF_900141895.1_IMG-taxon_2585427596_annotated_assembly	Parasporobacterium.json	0.0				Parasporobacterium	genus
Parasutterella excrementihominis YIT 11859 (762966.3)	2.0	Parasutterella excrementihominis YIT 11859	Parasutterella excrementihominis	Parasutterella	Sutterellaceae	Burkholderiales	Betaproteobacteria	Proteobacteria	Bacteria	Human	762966.0	762966.3	GCF_000205025.1	651324084.0	PMID:20203603; PMID:24861948	AGORA 1.03	0.0	0.0	Yes	0.0	Host-associated	Human	Large intestine	Digestive system	Gram-	Anaerobe	0.0	0		2831860.0	2810.0	1363363.0	48.0	2751.0	97.9	ftp://ftp.ncbi.nlm.nih.gov/genomes/all/GCF/000/205/025/GCF_000205025.1_ASM20502v1	Parasutterella.json				0.0	Parasutterella	genus
	0.0	Parvibacter caecicola	Parvibacter caecicola	Parvibacter	Coriobacteriaceae	Coriobacteriales	Coriobacteriia	Actinobacteria	Bacteria	Human	747645.0			2831651148.0	https://www.biorxiv.org/content/10.1101/691030v1	Literature research	0.0	0.0	Yes	0.0	0	0	0	0	Gram+	0	0.0	0	0.0	2479984.0	2066.0	1549139.0	62.0	2003.0	96.95		Parvibacter.json	0.0		0.0	0.0	Parvibacter	genus
				Parvimonas	Peptoniphilaceae	Tissierellales	Tissierellia	Firmicutes	Bacteria	Human							0.0	0.0	Yes		Host-associated	Human			Gram+	Anaerobe	0.0	0	0.0								Parvimonas.json					Parvimonas	genus
	0.0	Pasteurella caecimuris	Pasteurella caecimuris	Pasteurella	Pasteurellaceae	Pasteurellales	Gammaproteobacteria	Proteobacteria	Bacteria	Mouse	1796644.0		GCF_004793515.1		PMID:27670113	Literature research	0.0	0.0							Gram-	Aerobe	0.0	0	0.0							ftp://ftp.ncbi.nlm.nih.gov/genomes/all/GCF/004/793/515/GCF_004793515.1_ASM479351v1	Pasteurella.json	0.0	GCF_004793515.1	0.0	0.0	Pasteurella	genus
				Paucilactobacillus	Lactobacillaceae	Lactobacillales	Bacilli	Firmicutes	Bacteria	Human						Literature research	0.0	0.0	Yes	0.0	0	0	0	0	Gram+	Aerobe	0.0	0	0.0								Paucilactobacillus.json	0.0		0.0	0.0	Paucilactobacillus	genus
	0.0	Pauljensenia hongkongensis	Actinomyces hongkongensis	Pauljensenia	Actinomycetaceae	Actinomycetales	Actinomycetia	Actinobacteria	Bacteria	Human	178339.0		GCF_001746855.1	2751185834.0	https://www.biorxiv.org/content/10.1101/691030v1	Literature research	0.0	0.0	Yes	0.0	Host-associated	Human	Unclassified	Unclassified	Gram+	Facultative anaerobe	0.0	0	0.0	2141493.0	1882.0	1465351.0	70.0	1833.0	97.4	ftp://ftp.ncbi.nlm.nih.gov/genomes/all/GCF/001/746/855/GCF_001746855.1_ASM174685v1	Pauljensenia.json	0.0	GCF_001746855.1		0.0	Pauljensenia	genus
				Pediococcus	Lactobacillaceae	Lactobacillales	Bacilli	Firmicutes	Bacteria	Human							0.0	0.0	Yes	0.0					Gram+	Facultative anaerobe	0.0		0.0								Pediococcus.json					Pediococcus	genus
	0.0	Pelomonas saccharophila	Pelomonas saccharophila	Pelomonas	Comamonadaceae	Burkholderiales	Betaproteobacteria	Proteobacteria	Bacteria	Human	304.0		GCF_004342485.1	2802428851.0	https://www.biorxiv.org/content/10.1101/691030v1	Literature research	0.0	0.0	Yes	0.0	Environmental	Aquatic	Unclassified	Unclassified	Gram-	0	0.0	0	0.0	5771016.0	5337.0	3978310.0	69.0	5260.0	98.56	ftp://ftp.ncbi.nlm.nih.gov/genomes/all/GCF/004/342/485/GCF_004342485.1_ASM434248v1	Pelomonas.json	0.0	GCF_004342485.1		0.0	Pelomonas	genus
Clostridium hiranonis DSM 13275 (500633.7)	2.0	[Clostridium] hiranonis DSM 13275	Peptacetobacter hiranonis	Peptacetobacter	Peptostreptococcaceae	Eubacteriales	Clostridia	Firmicutes	Bacteria	Human	500633.0	500633.7	GCF_000156055.1	642979371.0	PMID:20203603; PMID:24861948	AGORA 1.03	0.0	0.0	Yes	0.0	Host-associated	Human	Large intestine	Digestive system	Gram+	Anaerobe	0.0	Motile	0.0	2423348.0	2302.0	751614.0	31.0	2271.0	98.65	ftp://ftp.ncbi.nlm.nih.gov/genomes/all/GCF/000/156/055/GCF_000156055.1_ASM15605v1	Peptacetobacter.json		GCF_000235505.1			Peptacetobacter	genus
				Peptoanaerobacter	Peptostreptococcaceae	Eubacteriales	Clostridia	Firmicutes	Bacteria	Human					PMID:31275260	Literature research	0.0	0.0	Yes	0.0					Gram+	Anaerobe	0.0	0	0.0				32.0				Peptoanaerobacter.json	0.0				Peptoanaerobacter	genus
				Peptoniphilus	Peptoniphilaceae	Tissierellales	Tissierellia	Firmicutes	Bacteria	Human							0.0	0.0	Yes	0.0					Gram+		0.0		0.0								Peptoniphilus.json	0.0		0.0	0.0	Peptoniphilus	genus
				Peptostreptococcus	Peptostreptococcaceae	Eubacteriales	Clostridia	Firmicutes	Bacteria	Human							0.0	0.0	Yes	0.0					Gram+		0.0		0.0								Peptostreptococcus.json					Peptostreptococcus	genus
	0.0	Peribacillus simplex	Bacillus simplex	Peribacillus	Bacillaceae	Bacillales	Bacilli	Firmicutes	Bacteria	Human	1478.0				PMID:30718869	Forster et al. resource	0.0	0.0							Gram+	Aerobe	0.0	0	0.0							ftp.sra.ebi.ac.uk/vol1/fastq/ERR222/003/ERR2221243/ERR2221243_1.fastq.gz;ftp.sra.ebi.ac.uk/vol1/fastq/ERR222/003/ERR2221243/ERR2221243_2.fastq.gz	Peribacillus.json	0.0	GCF_000017885.4	0.0	0.0	Peribacillus	genus
				Phascolarctobacterium	Acidaminococcaceae	Acidaminococcales	Negativicutes	Firmicutes	Bacteria	Human							0.0	0.0	Yes	0.0	Host-associated			Digestive system	Gram-	Anaerobe	0.0	0	0.0								Phascolarctobacterium.json	0.0				Phascolarctobacterium	genus
				Phocaeicola	Bacteroidaceae	Bacteroidales	Bacteroidia	Bacteroidetes	Bacteria								0.0	0.0	Yes	0.0					Gram-	Obligate anaerobe	0.0		0.0								Phocaeicola.json	0.0				Phocaeicola	genus
				Photobacterium	Vibrionaceae	Vibrionales	Gammaproteobacteria	Proteobacteria	Bacteria	Human							0.0	0.0	Yes	0.0			Unclassified		Gram-		0.0		0.0								Photobacterium.json	0.0				Photobacterium	genus
	0.0		Photorhabdus luminescens	Photorhabdus	Morganellaceae	Enterobacterales	Gammaproteobacteria	Proteobacteria	Bacteria	Human					https://www.biorxiv.org/content/10.1101/691030v1	Literature research	0.0	0.0	Yes	0.0					Gram-	0	0.0	0	0.0								Photorhabdus.json	0.0		0.0	0.0	Photorhabdus	genus
	0.0	Phytobacter massiliensis JC163	Phytobacter massiliensis	Phytobacter	Enterobacteriaceae	Enterobacterales	Gammaproteobacteria	Proteobacteria	Bacteria	Human	1095768.0		GCF_000321045.1		PMID:25567229	Literature research									Gram-											ftp://ftp.ncbi.nlm.nih.gov/genomes/all/GCF/000/321/045/GCF_000321045.1_ASM32104v2	Phytobacter.json			0.0		Phytobacter	genus
Pirellula staleyi DSM 6068 (530564.3)	1.0	Pirellula staleyi DSM 6068	Pirellula staleyi	Pirellula	Pirellulaceae	Pirellulales	Planctomycetia	Planctomycetes	Bacteria	Human	530564.0	530564.3	GCF_000025185.1	646311948.0	https://www.biorxiv.org/content/10.1101/691030v1	Literature research	0.0	0.0	Yes	0.0	Environmental	Aquatic	Unclassified	Freshwater	Gram-	Aerobe	0.0	Motile	0.0	6196199.0	4825.0	3560627.0	57.0	4773.0	98.92	ftp://ftp.ncbi.nlm.nih.gov/genomes/all/GCF/000/025/185/GCF_000025185.1_ASM2518v1	Pirellula.json	0.0				Pirellula	genus
	0.0	Planococcus massiliensis DSM 28915	Planococcus massiliensis	Planococcus	Planococcaceae	Bacillales	Bacilli	Firmicutes	Bacteria	Human	1499687.0		GCF_000821325.1		PMID:30745586	Literature research									Gram+											ftp.ncbi.nlm.nih.gov/genomes/all/GCF/000/821/325/GCF_000821325.1_PRJEB6479_assembly_1	Planococcus.json		GCF_000821325.1			Planococcus	genus
Plesiomonas shigelloides 302-73 (1315976.3)			Plesiomonas shigelloides	Plesiomonas	Enterobacteriaceae	Enterobacterales	Gammaproteobacteria	Proteobacteria	Bacteria	Human		1315976.3					0.0	0.0	Yes	0.0					Gram-	Facultative anaerobe	0.0		0.0								Plesiomonas.json	0.0		0.0		Plesiomonas	genus
				Pluralibacter	Enterobacteriaceae	Enterobacterales	Gammaproteobacteria	Proteobacteria	Bacteria	Human							0.0	0.0	Yes	0.0					Gram-	Facultative	0.0	Motile	0.0				57.0				Pluralibacter.json	0.0		0.0		Pluralibacter	genus
				Porphyromonas	Porphyromonadaceae	Bacteroidales	Bacteroidia	Bacteroidetes	Bacteria	Human							0.0	0.0	Yes	0.0					Gram-		0.0		0.0								Porphyromonas.json	0.0				Porphyromonas	genus
				Prevotella	Prevotellaceae	Bacteroidales	Bacteroidia	Bacteroidetes	Bacteria	Human							0.0	0.0	Yes	0.0					Gram-	Obligate anaerobe	0.0		0.0								Prevotella.json	0.0			0.0	Prevotella	genus
				Priestia	Bacillaceae	Bacillales	Bacilli	Firmicutes	Bacteria	Human							0.0	0.0	Yes	0.0					Gram+		0.0		0.0								Priestia.json	0.0		0.0	0.0	Priestia	genus
				Propionibacterium	Propionibacteriaceae	Propionibacteriales	Actinomycetia	Actinobacteria	Bacteria	Human							0.0	0.0	Yes	0.0					Gram+	Anaerobe			0.0								Propionibacterium.json					Propionibacterium	genus
Proteiniphilum acetatigenes DSM 18083 (1123008.3)	1.0	Proteiniphilum acetatigenes DSM 18083	Proteiniphilum acetatigenes	Proteiniphilum	Dysgonomonadaceae	Bacteroidales	Bacteroidia	Bacteroidetes	Bacteria	Human	1123008.0	1123008.3	GCF_000380985.1	2518645612.0	https://www.biorxiv.org/content/10.1101/691030v1	Literature research	0.0	0.0	Yes	0.0	Engineered	Wastewater	Unclassified	Unclassified	Gram-	Obligate anaerobe	0.0	Motile	0.0	4776693.0	3927.0	2060567.0	43.0	3867.0	98.47	ftp://ftp.ncbi.nlm.nih.gov/genomes/all/GCF/000/380/985/GCF_000380985.1_ASM38098v1	Proteiniphilum.json	0.0	GCF_000380985.1			Proteiniphilum	genus
				Proteus	Morganellaceae	Enterobacterales	Gammaproteobacteria	Proteobacteria	Bacteria	Human							0.0	0.0	Yes	0.0					Gram-	Facultative anaerobe	0.0		0.0								Proteus.json	0.0		0.0	0.0	Proteus	genus
				Providencia	Morganellaceae	Enterobacterales	Gammaproteobacteria	Proteobacteria	Bacteria	Human							0.0	0.0	Yes	0.0					Gram-	Facultative anaerobe	0.0		0.0								Providencia.json	0.0		0.0	0.0	Providencia	genus
Pseudoalteromonas arctica A 37-1-2 (1117313.3)			Pseudoalteromonas arctica	Pseudoalteromonas	Pseudoalteromonadaceae	Alteromonadales	Gammaproteobacteria	Proteobacteria	Bacteria	Human		1117313.3			https://www.biorxiv.org/content/10.1101/691030v1	Literature research	0.0	0.0	Yes	0.0					Gram-	Aerobe	0.0	0	0.0				39.0				Pseudoalteromonas.json	0.0			0.0	Pseudoalteromonas	genus
	0.0	Pseudobutyrivibrio ruminis AD2017	Pseudobutyrivibrio ruminis	Pseudobutyrivibrio	Lachnospiraceae	Eubacteriales	Clostridia	Firmicutes	Bacteria	Human	1280694.0		GCF_000424305.1	2524614685.0	PMID:20203603; PMID:24861948	AGORA 1.03	0.0	0.0	Yes	0.0	0	0	0	0	Gram+	Anaerobe	0.0	0	0.0	2912101.0	2640.0	1120335.0	38.0	2577.0	97.61	ftp://ftp.ncbi.nlm.nih.gov/genomes/all/GCF/000/424/305/GCF_000424305.1_ASM42430v1	Pseudobutyrivibrio.json	0.0	GCF_000259175.1	0.0	0.0	Pseudobutyrivibrio	genus
			Pseudoflavonifractor capillosus	Pseudoflavonifractor	Oscillospiraceae	Eubacteriales	Clostridia	Firmicutes	Bacteria	Human							0.0	0.0							Gram+	Anaerobe	0.0		0.0								Pseudoflavonifractor.json	0.0		0.0	0.0	Pseudoflavonifractor	genus
	0.0	Pseudoglutamicibacter albus DNF00011	Pseudoglutamicibacter albus	Pseudoglutamicibacter	Micrococcaceae	Micrococcales	Actinomycetia	Actinobacteria	Bacteria	Human	1401063.0		GCA_000758985.1		species in vaginal microbiome	Personal communication									Gram+	Obligate aerobe										https://www.ncbi.nlm.nih.gov/assembly/GCF_000758985.1/	Pseudoglutamicibacter.json		GCF_000758985.1			Pseudoglutamicibacter	genus
			Pseudoleptotrichia goodfellowii	Pseudoleptotrichia	Leptotrichiaceae	Fusobacteriales	Fusobacteriia	Fusobacteria	Bacteria	Human						Literature research	0.0	0.0							Gram-	Anaerobe	0.0		0.0								Pseudoleptotrichia.json	0.0		0.0	0.0	Pseudoleptotrichia	genus
				Pseudomonas	Pseudomonadaceae	Pseudomonadales	Gammaproteobacteria	Proteobacteria	Bacteria	Human							0.0	0.0	Yes	0.0					Gram-	Aerobe	0.0		0.0								Pseudomonas.json					Pseudomonas	genus
Pseudoramibacter alactolyticus ATCC 23263 (887929.3)	2.0	Pseudoramibacter alactolyticus ATCC 23263	Pseudoramibacter alactolyticus	Pseudoramibacter	Eubacteriaceae	Eubacteriales	Clostridia	Firmicutes	Bacteria	Human	887929.0	887929.3	GCF_000185505.1	649989993.0	PMID:20203603; PMID:24861948	AGORA 1.03	0.0	0.0	Yes	0.0	Host-associated	Human	Oral	Digestive system	Gram+	0	0.0	0	0.0	2327229.0	2572.0	1201643.0	52.0	2515.0	97.78	ftp://ftp.ncbi.nlm.nih.gov/genomes/all/GCF/000/185/505/GCF_000185505.1_ASM18550v1	Pseudoramibacter.json				0.0	Pseudoramibacter	genus
	0.0	Pseudoxanthomonas mexicana	Pseudoxanthomonas mexicana	Pseudoxanthomonas	Xanthomonadaceae	Xanthomonadales	Gammaproteobacteria	Proteobacteria	Bacteria	Human	128785.0		GCF_001556105.1	2834179893.0	https://www.biorxiv.org/content/10.1101/691030v1	Literature research	0.0	0.0	Yes	0.0	0	0	0	0	Gram-	0	0.0	0	0.0	3942209.0	3765.0	2623361.0	67.0	3695.0	98.14	ftp://ftp.ncbi.nlm.nih.gov/genomes/all/GCF/001/556/105/GCF_001556105.1_ASM155610v1	Pseudoxanthomonas.json	0.0	GCF_001556105.1	0.0	0.0	Pseudoxanthomonas	genus
Pyramidobacter piscolens W5455 (352165.3)	2.0	Pyramidobacter piscolens W5455	Pyramidobacter piscolens	Pyramidobacter	Synergistaceae	Synergistales	Synergistia	Synergistetes	Bacteria	Human	352165.0	352165.3	GCF_000177335.1	647000302.0	PMID:20203603; PMID:24861948	AGORA 1.03	0.0	0.0	Yes	0.0	Host-associated	Human	Unclassified	Skin	Gram-	Obligate anaerobe	0.0	Nonmotile	0.0	2562014.0	2815.0	1533128.0	60.0	2756.0	97.9	ftp://ftp.ncbi.nlm.nih.gov/genomes/all/GCF/000/177/335/GCF_000177335.1_ASM17733v1	Pyramidobacter.json					Pyramidobacter	genus
			Rahnella aquatilis	Rahnella	Yersiniaceae	Enterobacterales	Gammaproteobacteria	Proteobacteria	Bacteria	Human					PMID:31171880	Literature research	0.0	0.0							Gram-	Facultative anaerobe	0.0	0	0.0								Rahnella.json	0.0		0.0	0.0	Rahnella	genus
				Ralstonia	Burkholderiaceae	Burkholderiales	Betaproteobacteria	Proteobacteria	Bacteria	Human							0.0	0.0	Yes	0.0					Gram-		0.0		0.0								Ralstonia.json	0.0	GCF_001653935.1	0.0	0.0	Ralstonia	genus
				Raoultella	Enterobacteriaceae	Enterobacterales	Gammaproteobacteria	Proteobacteria	Bacteria	Human							0.0	0.0	Yes	0.0					Gram-	Facultative anaerobe	0.0		0.0								Raoultella.json				0.0	Raoultella	genus
Reyranella massiliensis 521 (1205680.3)				Reyranella	Reyranellaceae	Hyphomicrobiales	Alphaproteobacteria	Proteobacteria	Bacteria	Human		1205680.3		2551306131.0	https://www.biorxiv.org/content/10.1101/691030v1	Literature research	0.0	0.0	Yes	0.0	Environmental	Aquatic	Lotic	Freshwater	Gram-	0	0.0	0	0.0	5771094.0	5757.0	3743807.0	65.0	5699.0	98.99		Reyranella.json	0.0			0.0	Reyranella	genus
				Rhizobium	Rhizobiaceae	Hyphomicrobiales	Alphaproteobacteria	Proteobacteria	Bacteria	Human					https://www.biorxiv.org/content/10.1101/691030v1	Literature research	0.0	0.0	Yes	0.0					Gram-	Aerobe			0.0				61.0				Rhizobium.json		GCF_000379605.1			Rhizobium	genus
				Rhodococcus	Nocardiaceae	Corynebacteriales	Actinomycetia	Actinobacteria	Bacteria	Human							0.0	0.0	Yes						Gram+	Aerobe	0.0		0.0								Rhodococcus.json	0.0				Rhodococcus	genus
Does not have a strain ID	0.0	Rickettsiella grylli	Rickettsiella grylli	Rickettsiella	Coxiellaceae	Legionellales	Gammaproteobacteria	Proteobacteria	Bacteria	Human	59196.0		GCF_000168295.1	2562617066.0	https://www.biorxiv.org/content/10.1101/691030v1	Literature research	0.0	0.0	Yes	0.0	Host-associated	Insecta	Unclassified	Unclassified	Gram-	Facultative	0.0	Nonmotile	0.0	1581239.0	1460.0	598773.0	38.0	1410.0	96.58	ftp://ftp.ncbi.nlm.nih.gov/genomes/all/GCF/000/168/295/GCF_000168295.1_ASM16829v1	Rickettsiella.json	0.0				Rickettsiella	genus
	0.0	Rikenella microfusus DSM 15922	Rikenella microfusus	Rikenella	Rikenellaceae	Bacteroidales	Bacteroidia	Bacteroidetes	Bacteria	Mouse	880526.0		GCF_000427365.1	2509601020.0	Personal communication, Dr. Jan Krumsiek	Personal communication	0.0	0.0	Yes	0.0	Host-associated	Birds	Unclassified	Digestive system	Gram-	Obligate anaerobe	0.0	Nonmotile	0.0	2880076.0	2376.0	1641720.0	57.0	2317.0	97.52	ftp://ftp.ncbi.nlm.nih.gov/genomes/all/GCF/000/427/365/GCF_000427365.1_ASM42736v1	Rikenella.json	0.0				Rikenella	genus
	0.0	Risungbinella massiliensis	Risungbinella massiliensis	Risungbinella	Thermoactinomycetaceae	Bacillales	Bacilli	Firmicutes	Bacteria	Human	1329796.0		GCF_000942395.1		PMID:25567229	Literature research									Gram+	Aerobe										ftp://ftp.ncbi.nlm.nih.gov/genomes/all/GCF/000/942/395/GCF_000942395.1_Pytheasella_massiliensis	Risungbinella.json					Risungbinella	genus
	0.0	Robertmurraya massiliosenegalensis JC6	Robertmurraya massiliosenegalensis	Robertmurraya	Bacillaceae	Bacillales	Bacilli	Firmicutes	Bacteria	Human	1034347.0		GCF_000311725.1	2547132161.0	PMID:25567229	Literature research	0.0	0.0	Yes	0.0	Host-associated	Human	Large intestine	Digestive system	Gram+	Aerobe	0.0	Motile	0.0	4895941.0	5009.0	1839707.0	38.0	4903.0	97.88	ftp://ftp.ncbi.nlm.nih.gov/genomes/all/GCF/000/311/725/GCF_000311725.1_ASM31172v1	Robertmurraya.json		NZ_HE978511			Robertmurraya	genus
	0.0			Robinsoniella	Lachnospiraceae	Eubacteriales	Clostridia	Firmicutes	Bacteria								0.0	0.0							Gram+	Anaerobe	0.0	0	0.0								Robinsoniella.json	0.0		0.0	0.0	Robinsoniella	genus
	0.0	Rodentibacter pneumotropicus DSM 21403	Rodentibacter pneumotropicus	Rodentibacter	Pasteurellaceae	Pasteurellales	Gammaproteobacteria	Proteobacteria	Bacteria	Mouse	1122936.0		GCF_000379905.1	2515154191.0	Personal communication, Dr. Jan Krumsiek	Personal communication	0.0	0.0	Yes	0.0	Host-associated	Mammals	Unclassified	Unclassified	Gram-	Facultative	0.0	0		2259784.0	2154.0	898589.0	40.0	2080.0	96.56	ftp://ftp.ncbi.nlm.nih.gov/genomes/all/GCF/000/379/905/GCF_000379905.1_ASM37990v1	Rodentibacter.json		NZ_KB904040			Rodentibacter	genus
	0.0			Romboutsia	Peptostreptococcaceae	Eubacteriales	Clostridia	Firmicutes	Bacteria	Human			GCF_000499525.1	2619619272.0			0.0	0.0	Yes	0.0	0	0	0	0	Gram+		0.0		0.0	3735472.0	3901.0	1045296.0	28.0	3810.0	97.67		Romboutsia.json	0.0		0.0		Romboutsia	genus
				Roseburia	Lachnospiraceae	Eubacteriales	Clostridia	Firmicutes	Bacteria								0.0	0.0							Gram+	Anaerobe	0.0		0.0								Roseburia.json	0.0		0.0	0.0	Roseburia	genus
Roseomonas cervicalis ATCC 49957 (525371.3)				Roseomonas	Acetobacteraceae	Rhodospirillales	Alphaproteobacteria	Proteobacteria	Bacteria	Human		525371.3					0.0	0.0	Yes	0.0	Host-associated	Human			Gram-		0.0										Roseomonas.json					Roseomonas	genus
				Rothia	Micrococcaceae	Micrococcales	Actinomycetia	Actinobacteria	Bacteria	Human							0.0	0.0	Yes	0.0					Gram+	Aerobe	0.0	0	0.0								Rothia.json				0.0	Rothia	genus
	0.0	Rubeoparvulum massiliense DSM 100479	Rubeoparvulum massiliense	Rubeoparvulum	Bacillaceae	Bacillales	Bacilli	Firmicutes	Bacteria	Human	1631346.0		GCF_001049895.1		PMID:30745586	Literature research									Gram-											ftp.ncbi.nlm.nih.gov/genomes/all/GCF/001/049/895/GCF_001049895.1_Rubeoparvulum_massiliensis	Rubeoparvulum.json		GCF_001049895.1			Rubeoparvulum	genus
				Rubrobacter	Rubrobacteraceae	Rubrobacterales	Rubrobacteria	Actinobacteria	Bacteria	Mouse					Personal communication, Dr. Jan Krumsiek	Personal communication	0.0	0.0							Gram+	Aerobe	0.0		0.0								Rubrobacter.json	0.0	GCF_000231235.1	0.0	0.0	Rubrobacter	genus
Rudanella lutea DSM 19387 (1089547.3)	2.0	Rudanella lutea DSM 19387	Rudanella lutea	Rudanella	Cytophagaceae	Cytophagales	Cytophagia	Bacteroidetes	Bacteria	Human	1089547.0	1089547.3	GCF_000383955.1	2517093013.0	PMID:20203603; PMID:24861948	AGORA 1.03	0.0	0.0	Yes	0.0	Environmental	Air	Unclassified	Unclassified	Gram-	Obligate aerobe	0.0	0	0.0	6546036.0	5356.0	3557073.0	54.0	5307.0	99.09	ftp://ftp.ncbi.nlm.nih.gov/genomes/all/GCF/000/383/955/GCF_000383955.1_ASM38395v1	Rudanella.json	0.0	NZ_LEKH01000010		0.0	Rudanella	genus
				Ruminiclostridium	Oscillospiraceae	Eubacteriales	Clostridia	Firmicutes	Bacteria								0.0	0.0	Yes	0.0					Gram+	Anaerobe	0.0										Ruminiclostridium.json				0.0	Ruminiclostridium	genus
				Ruminococcus	Oscillospiraceae	Eubacteriales	Clostridia	Firmicutes	Bacteria	Human							0.0	0.0	Yes	0.0					Gram+				0.0								Ruminococcus.json	0.0				Ruminococcus	genus
	0.0	Ruthenibacterium lactatiformans	Ruthenibacterium lactatiformans	Ruthenibacterium	Oscillospiraceae	Eubacteriales	Clostridia	Firmicutes	Bacteria	Human	1550024.0			2630968832.0	PMID:31477907	Literature research	0.0	0.0	Yes	0.0	0	0	0	0	Gram+	0	0.0	0	0.0	4111078.0	3990.0	2323370.0	57.0	3926.0	98.4		Ruthenibacterium.json	0.0		0.0	0.0	Ruthenibacterium	genus
Sulfolobus solfataricus P2 (273057.1)	2.0	Saccharolobus solfataricus P2	Saccharolobus solfataricus	Saccharolobus	Sulfolobaceae	Sulfolobales	Thermoprotei	Crenarchaeota	Archaea	Human	273057.0	273057.1	GCF_000007005.1	638154518.0	PMID:20203603; PMID:24861948	AGORA 1.03	0.0		Yes	0.0	Environmental	Aquatic	Unclassified	Thermal springs	Gram-	Aerobe		Motile	0.0	2992245.0	3141.0	1070840.0	36.0	3048.0	97.04	ftp://ftp.ncbi.nlm.nih.gov/genomes/all/GCF/000/007/005/GCF_000007005.1_ASM700v1	Saccharolobus.json	0.0	GCF_000007005.1			Saccharolobus	genus
	0.0	Salinibacterium amurskyense	Salinibacterium amurskyense	Salinibacterium	Microbacteriaceae	Micrococcales	Actinomycetia	Actinobacteria	Bacteria	Human	205941.0		GCF_002797685.1	2728369736.0	https://www.biorxiv.org/content/10.1101/691030v1	Literature research	0.0	0.0	Yes	0.0	Environmental	Aquatic	Unclassified	Marine	Gram+	Aerobe	0.0	0	0.0	2776536.0	2682.0	1718007.0	62.0	2625.0	97.87	ftp://ftp.ncbi.nlm.nih.gov/genomes/all/GCF/002/797/685/GCF_002797685.1_ASM279768v1	Salinibacterium.json	0.0	GCF_002797685.1	0.0	0.0	Salinibacterium	genus
				Salmonella	Enterobacteriaceae	Enterobacterales	Gammaproteobacteria	Proteobacteria	Bacteria	Human							0.0	0.0	Yes	0.0					Gram-	Facultative anaerobe	0.0		0.0								Salmonella.json	0.0		0.0	0.0	Salmonella	genus
	0.0			Sarcina	Clostridiaceae	Eubacteriales	Clostridia	Firmicutes	Bacteria	Human					PMID:30718869	Forster et al. resource	0.0	0.0							Gram+		0.0	0	0.0								Sarcina.json	0.0		0.0	0.0	Sarcina	genus
				Scardovia	Bifidobacteriaceae	Bifidobacteriales	Actinomycetia	Actinobacteria	Bacteria	Human							0.0	0.0	Yes	0.0	Host-associated	Human	Oral	Digestive system	Gram+	Anaerobe	0.0	Nonmotile	0.0								Scardovia.json					Scardovia	genus
				Schaalia	Actinomycetaceae	Actinomycetales	Actinomycetia	Actinobacteria	Bacteria	Human							0.0	0.0	Yes	0.0	Host-associated	Human			Gram+		0.0		0.0								Schaalia.json					Schaalia	genus
Schlesneria paludicola DSM 18645 (1123242.3)	2.0	Schlesneria paludicola DSM 18645	Schlesneria paludicola	Schlesneria	Planctomycetaceae	Planctomycetales	Planctomycetia	Planctomycetes	Bacteria	Human	1123242.0	1123242.3	GCF_000255655.1	2548877001.0	PMID:20203603; PMID:24861948	AGORA 1.03	0.0	0.0	Yes	0.0	Environmental	Terrestrial	Wetlands	Soil	Gram-	0	0.0	0	0.0	8639329.0	6954.0	4808721.0	56.0	6860.0	98.65	ftp://ftp.ncbi.nlm.nih.gov/genomes/all/GCF/000/255/655/GCF_000255655.1_ASM25565v1	Schlesneria.json	0.0			0.0	Schlesneria	genus
	0.0	Schwartzia succinivorans DSM 10502	Schwartzia succinivorans	Schwartzia	Selenomonadaceae	Selenomonadales	Negativicutes	Firmicutes	Bacteria	Human	1123243.0		GCF_900129225.1	2582581261.0	https://www.biorxiv.org/content/10.1101/691030v1	Literature research	0.0	0.0	Yes	0.0	Host-associated	Mammals	Foregut	Digestive system	Gram-	Anaerobe	0.0	Motile	0.0	2659575.0	2511.0	1243798.0	47.0	2433.0	96.89	ftp://ftp.ncbi.nlm.nih.gov/genomes/all/GCF/900/129/225/GCF_900129225.1_IMG-taxon_2582581261_annotated_assembly	Schwartzia.json	0.0	GCF_900129225.1			Schwartzia	genus
	0.0	Sediminibacterium salmoneum NBRC 103935	Sediminibacterium salmoneum	Sediminibacterium	Chitinophagaceae	Chitinophagales	Chitinophagia	Bacteroidetes	Bacteria	Human	1400522.0		GCF_000511175.1	2585428137.0	https://www.biorxiv.org/content/10.1101/691030v1	Literature research	0.0	0.0	Yes	0.0	Environmental	Aquatic	Lentic	Freshwater	Gram-	Aerobe	0.0	Motile	0.0	3189154.0	3014.0	1252565.0	39.0	2964.0	98.34	ftp://ftp.ncbi.nlm.nih.gov/genomes/all/GCF/000/511/175/GCF_000511175.1_ASM51117v1	Sediminibacterium.json	0.0	GCF_000511175.1			Sediminibacterium	genus
				Selenomonas	Selenomonadaceae	Selenomonadales	Negativicutes	Firmicutes	Bacteria	Human							0.0	0.0	Yes	0.0					Gram-		0.0		0.0								Selenomonas.json	0.0		0.0	0.0	Selenomonas	genus
	0.0	Sellimonas intestinalis	Sellimonas intestinalis	Sellimonas	Lachnospiraceae	Eubacteriales	Clostridia	Firmicutes	Bacteria	Human	1653434.0		GCF_001280875.1	2648501785.0	PMID:31477907	Literature research	0.0	0.0	Yes	0.0	0	0	0	0	Gram+	Anaerobe	0.0	0	0.0	3185562.0	3107.0	1443581.0	45.0	3029.0	97.49	ftp://ftp.ncbi.nlm.nih.gov/genomes/all/GCF/001/280/875/GCF_001280875.1_ASM128087v1	Sellimonas.json	0.0		0.0	0.0	Sellimonas	genus
	0.0	Senegalimassilia anaerobia JC110	Senegalimassilia anaerobia	Senegalimassilia	Coriobacteriaceae	Coriobacteriales	Coriobacteriia	Actinobacteria	Bacteria	Mouse	1034345.0		GCF_000236865.1	2547132148.0	Personal communication, Dr. Jan Krumsiek	Personal communication	0.0	0.0	Yes	0.0	Host-associated	Human	Large intestine	Digestive system	Gram+	Anaerobe	0.0	Motile	0.0	2354438.0	2020.0	1461081.0	62.0	1953.0	96.68	ftp://ftp.ncbi.nlm.nih.gov/genomes/all/GCF/000/236/865/GCF_000236865.1_ASM23686v1	Senegalimassilia.json			0.0	0.0	Senegalimassilia	genus
				Serratia	Yersiniaceae	Enterobacterales	Gammaproteobacteria	Proteobacteria	Bacteria	Human							0.0	0.0	Yes	0.0					Gram-	Facultative anaerobe	0.0		0.0								Serratia.json	0.0		0.0	0.0	Serratia	genus
	1.0			Shewanella	Shewanellaceae	Alteromonadales	Gammaproteobacteria	Proteobacteria	Bacteria	Human					PMID:31092280	DAR genome selection	0.0	0.0	Yes	0.0					Gram-	Facultative		Motile	0.0								Shewanella.json	0.0				Shewanella	genus
				Shigella	Enterobacteriaceae	Enterobacterales	Gammaproteobacteria	Proteobacteria	Bacteria	Human							0.0	0.0	Yes	0.0					Gram-	Facultative anaerobe	0.0		0.0				51.0				Shigella.json	0.0			0.0	Shigella	genus
Shuttleworthia satelles DSM 14600 (626523.3)	1.0	Shuttleworthia satelles DSM 14600	Shuttleworthia satelles	Shuttleworthia	Lachnospiraceae	Eubacteriales	Clostridia	Firmicutes	Bacteria	Mouse	626523.0	626523.3	GCF_000160115.1	643886070.0	Personal communication, Dr. Jan Krumsiek	Personal communication	0.0	0.0	Yes	0.0	Host-associated	Human	Oral	Digestive system	Gram+	Anaerobe	0.0	Nonmotile		2168977.0	2321.0	1112443.0	51.0	2261.0	97.41	ftp://ftp.ncbi.nlm.nih.gov/genomes/all/GCF/000/160/115/GCF_000160115.1_ASM16011v1	Shuttleworthia.json					Shuttleworthia	genus
	0.0	Silanimonas lenta DSM 16282	Silanimonas lenta	Silanimonas	Xanthomonadaceae	Xanthomonadales	Gammaproteobacteria	Proteobacteria	Bacteria	Human	1123253.0		GCF_000429065.1	2524614862.0	PMID:20203603; PMID:24861948	AGORA 1.03	0.0	0.0	Yes	0.0	Environmental	Aquatic	Unclassified	Thermal springs	Gram-	Aerobe	0.0	Motile	0.0	2647044.0	2455.0	1879926.0	71.0	2392.0	97.43	ftp://ftp.ncbi.nlm.nih.gov/genomes/all/GCF/000/429/065/GCF_000429065.1_ASM42906v1	Silanimonas.json	0.0				Silanimonas	genus
Bacillus fordii DSM 16014 (1121090.3)	2.0	Siminovitchia fordii DSM 16014 = CIP 108821	Siminovitchia fordii	Siminovitchia	Bacillaceae	Bacillales	Bacilli	Firmicutes	Bacteria	Human	1121090.0	1121090.3	GCF_000374565.1	2517572148.0	PMID:20203603; PMID:24861948	AGORA 1.03	0.0	0.0	Yes	0.0	Engineered	Food production	Unclassified	Dairy products	Gram+	Obligate aerobe	0.0	Motile	0.0	4511199.0	4460.0	1858706.0	41.0	4358.0	97.71	ftp://ftp.ncbi.nlm.nih.gov/genomes/all/GCF/000/374/565/GCF_000374565.1_ASM37456v1	Siminovitchia.json	0.0				Siminovitchia	genus
	0.0	Sinobacterium caligoides	Sinobacterium caligoides	Sinobacterium	Spongiibacteraceae	Cellvibrionales	Gammaproteobacteria	Proteobacteria	Bacteria	Mouse	933926.0		GCF_003752585.1	2788499881.0	Personal communication, Dr. Jan Krumsiek	Personal communication	0.0	0.0	Yes	0.0	Environmental	Aquatic	Unclassified	Marine	Gram-	Aerobe	0.0	0	0.0	4398449.0	3940.0	2198003.0	50.0	3861.0	97.99	ftp://ftp.ncbi.nlm.nih.gov/genomes/all/GCF/003/752/585/GCF_003752585.1_ASM375258v1	Sinobacterium.json	0.0	GCF_003752585.1	0.0	0.0	Sinobacterium	genus
				Slackia	Eggerthellaceae	Eggerthellales	Coriobacteriia	Actinobacteria	Bacteria	Human							0.0	0.0							Gram+	Anaerobe	0.0		0.0								Slackia.json	0.0		0.0	0.0	Slackia	genus
	0.0			Sneathia	Leptotrichiaceae	Fusobacteriales	Fusobacteriia	Fusobacteria	Bacteria	Human															Gram-												Sneathia.json					Sneathia	genus
			Solobacterium moorei	Solobacterium	Erysipelotrichaceae	Erysipelotrichales	Erysipelotrichia	Firmicutes	Bacteria	Human					PMID:20203603; PMID:24861948	AGORA 1.03	0.0	0.0	Yes	0.0	Host-associated	Human		Digestive system	Gram+	Anaerobe	0.0	0	0.0				37.0				Solobacterium.json	0.0			0.0	Solobacterium	genus
	0.0	Sphingobacterium paucimobilis HER1398	Sphingobacterium paucimobilis	Sphingobacterium	Sphingobacteriaceae	Sphingobacteriales	Sphingobacteriia	Bacteroidetes	Bacteria	Human	1346330.0		GCF_000416985.1	2579779088.0	PMID:20203603; PMID:24861948	AGORA 1.03	0.0	0.0	Yes	0.0	Host-associated	Animal	Unclassified	Unclassified	Gram-	0	0.0	0	0.0	5126359.0	4432.0	2094393.0	41.0	4346.0	98.06	ftp://ftp.ncbi.nlm.nih.gov/genomes/all/GCF/000/416/985/GCF_000416985.1_23.k55	Sphingobacterium.json	0.0		0.0	0.0	Sphingobacterium	genus
	0.0	Sphingobium amiense NBRC 102518	Sphingobium amiense	Sphingobium	Sphingomonadaceae	Sphingomonadales	Alphaproteobacteria	Proteobacteria	Bacteria	Human	1223534.0		GCF_001591305.1	2731957645.0	https://www.biorxiv.org/content/10.1101/691030v1	Literature research	0.0	0.0	Yes	0.0	Environmental	Aquatic	Lotic	Freshwater	Gram-	0	0.0	0	0.0	4535760.0	4460.0	2936856.0	65.0	4397.0	98.59	ftp://ftp.ncbi.nlm.nih.gov/genomes/all/GCF/001/591/305/GCF_001591305.1_ASM159130v1	Sphingobium.json	0.0	GCF_001591305.1		0.0	Sphingobium	genus
	0.0	Sphingosinicella microcystinivorans	Sphingosinicella microcystinivorans	Sphingosinicella	Sphingosinicellaceae	Sphingomonadales	Alphaproteobacteria	Proteobacteria	Bacteria	Human	335406.0				https://www.biorxiv.org/content/10.1101/691030v1	Literature research	0.0	0.0	Yes	0.0					Gram-	Aerobe	0.0	0	0.0				64.0				Sphingosinicella.json	0.0		0.0	0.0	Sphingosinicella	genus
	0.0	Spiroplasma culicicola AES-1	Spiroplasma culicicola	Spiroplasma	Spiroplasmataceae	Entomoplasmatales	Mollicutes	Tenericutes	Bacteria	Mouse	1276246.0		GCF_000565175.1	2558860239.0	Personal communication, Dr. Jan Krumsiek	Personal communication	0.0	0.0	Yes	0.0	Host-associated	Insecta	Unclassified	Unclassified	Gram-	0	0.0	0	0.0	1175131.0	1103.0	309783.0	26.0	1071.0	97.1	ftp://ftp.ncbi.nlm.nih.gov/genomes/all/GCF/000/565/175/GCF_000565175.1_ASM56517v1	Spiroplasma.json	0.0			0.0	Spiroplasma	genus
Spirosoma linguale DSM 74 (504472.7)	2.0	Spirosoma linguale DSM 74	Spirosoma linguale	Spirosoma	Cytophagaceae	Cytophagales	Cytophagia	Bacteroidetes	Bacteria	Human	504472.0	504472.7	GCF_000024525.1	646311954.0	PMID:20203603; PMID:24861948	AGORA 1.03	0.0	0.0	Yes	0.0	Environmental	Aquatic	Drinking water	Freshwater	Gram-	Aerobe	0.0	Nonmotile	0.0	8491258.0	7130.0	4258276.0	50.0	7067.0	99.12	https://www.ncbi.nlm.nih.gov/assembly/GCF_000024525.1/	Spirosoma.json	0.0				Spirosoma	genus
	0.0	Sporobacter termitidis DSM 10068	Sporobacter termitidis	Sporobacter	Oscillospiraceae	Eubacteriales	Clostridia	Firmicutes	Bacteria	Mouse	1123282.0		GCF_900130065.1	2585428085.0	Personal communication, Dr. Jan Krumsiek	Personal communication	0.0	0.0	Yes	0.0	Host-associated	Insecta	Unclassified	Digestive system	Gram+	Obligate anaerobe	0.0	Nonmotile	0.0	4198214.0	3867.0	2376253.0	57.0	3793.0	98.09	ftp://ftp.ncbi.nlm.nih.gov/genomes/all/GCF/900/130/065/GCF_900130065.1_IMG-taxon_2585428085_annotated_assembly	Sporobacter.json					Sporobacter	genus
				Staphylococcus	Staphylococcaceae	Bacillales	Bacilli	Firmicutes	Bacteria	Human							0.0	0.0	Yes	0.0					Gram+	Facultative anaerobe	0.0		0.0								Staphylococcus.json	0.0		0.0	0.0	Staphylococcus	genus
				Stenotrophomonas	Xanthomonadaceae	Xanthomonadales	Gammaproteobacteria	Proteobacteria	Bacteria	Human							0.0	0.0	Yes	0.0					Gram-	Aerobe	0.0		0.0								Stenotrophomonas.json	0.0		0.0	0.0	Stenotrophomonas	genus
	0.0	Stomatobaculum longum	Stomatobaculum longum	Stomatobaculum	Lachnospiraceae	Eubacteriales	Clostridia	Firmicutes	Bacteria	Human	796942.0		GCF_000242235.1	2513237338.0	PMID:31171880	Literature research	0.0	0.0	Yes	0.0	Host-associated	Human	Unclassified	Unclassified	Gram+	Anaerobe	0.0	Nonmotile	0.0	2308581.0	2141.0	1270967.0	55.0	2071.0	96.73	ftp://ftp.ncbi.nlm.nih.gov/genomes/all/GCF/000/242/235/GCF_000242235.1_Lach_bact_ACC2_V1	Stomatobaculum.json					Stomatobaculum	genus
				Streptococcus	Streptococcaceae	Lactobacillales	Bacilli	Firmicutes	Bacteria								0.0	0.0	Yes	0.0					Gram+	Facultative anaerobe	0.0		0.0								Streptococcus.json	0.0		0.0	0.0	Streptococcus	genus
	0.0			Streptomyces	Streptomycetaceae	Streptomycetales	Actinomycetia	Actinobacteria	Bacteria	Human						Literature research									Gram+	0											Streptomyces.json					Streptomyces	genus
	1.0			Subdoligranulum	Oscillospiraceae	Eubacteriales	Clostridia	Firmicutes	Bacteria	Human							0.0	0.0	Yes	0.0	Host-associated	Human		Digestive system	Gram+	Anaerobe	0.0	Nonmotile	0.0								Subdoligranulum.json				0.0	Subdoligranulum	genus
Succinatimonas hippei YIT 12066 (762983.3)	2.0	Succinatimonas hippei YIT 12066	Succinatimonas hippei	Succinatimonas	Succinivibrionaceae	Aeromonadales	Gammaproteobacteria	Proteobacteria	Bacteria	Human	762983.0	762983.3	GCF_000188195.1	649990019.0	PMID:20203603; PMID:24861948	AGORA 1.03	0.0	0.0	Yes	0.0	Host-associated	Human	Large intestine	Digestive system	Gram-	Obligate anaerobe	0.0	Nonmotile		2305942.0	2223.0	928741.0	40.0	2169.0	97.57	ftp://ftp.ncbi.nlm.nih.gov/genomes/all/GCF/000/188/195/GCF_000188195.1_ASM18819v1	Succinatimonas.json					Succinatimonas	genus
	0.0		Succiniclasticum ruminis	Succiniclasticum	Acidaminococcaceae	Acidaminococcales	Negativicutes	Firmicutes	Bacteria	Human					https://www.biorxiv.org/content/10.1101/691030v1	Literature research	0.0	0.0	Yes	0.0	Host-associated	Mammals			Gram-	Anaerobe	0.0		0.0								Succiniclasticum.json	0.0		0.0	0.0	Succiniclasticum	genus
	0.0	Succinivibrio dextrinosolvens H5	Succinivibrio dextrinosolvens	Succinivibrio	Succinivibrionaceae	Aeromonadales	Gammaproteobacteria	Proteobacteria	Bacteria	Human	1410676.0		GCF_000702045.1	2562617003.0	PMID:20203603; PMID:24861948	AGORA 1.03	0.0	0.0	Yes	0.0	0	0	0	0	Gram-	0	0.0	0	0.0	2675466.0	2430.0	1040764.0	39.0	2350.0	96.71	ftp://ftp.ncbi.nlm.nih.gov/genomes/all/GCF/000/702/045/GCF_000702045.1_ASM70204v1	Succinivibrio.json	0.0		0.0	0.0	Succinivibrio	genus
				Sutterella	Sutterellaceae	Burkholderiales	Betaproteobacteria	Proteobacteria	Bacteria	Human							0.0	0.0	Yes	0.0	Host-associated	Human			Gram-	Anaerobe	0.0		0.0								Sutterella.json				0.0	Sutterella	genus
				Synergistes	Synergistaceae	Synergistales	Synergistia	Synergistetes	Bacteria	Human						Literature research	0.0	0.0	Yes	0.0	Host-associated			Digestive system	Gram-	Obligate anaerobe	0.0						56.0				Synergistes.json		GCF_000712295.1	0.0	0.0	Synergistes	genus
Syntrophus aciditrophicus SB (56780.15)				Syntrophus	Syntrophaceae	Syntrophales	Deltaproteobacteria	Proteobacteria	Bacteria	Mouse		56780.15			Personal communication, Dr. Jan Krumsiek	Personal communication	0.0	0.0	Yes	0.0	Engineered	Wastewater	Unclassified		Gram-	Anaerobe			0.0								Syntrophus.json	0.0				Syntrophus	genus
				Tannerella	Tannerellaceae	Bacteroidales	Bacteroidia	Bacteroidetes	Bacteria	Human							0.0	0.0	Yes		Host-associated	Human		Digestive system	Gram-	Anaerobe	0.0	Nonmotile									Tannerella.json		GCF_000411515.1			Tannerella	genus
	0.0	Tatumella ptyseos ATCC 33301	Tatumella ptyseos	Tatumella	Erwiniaceae	Enterobacterales	Gammaproteobacteria	Proteobacteria	Bacteria	Human	1005995.0		GCF_000735525.1	2671180926.0	PMID:20203603; PMID:24861948	AGORA 1.03	0.0	0.0	Yes	0.0	Host-associated	Animal	Unclassified	Respiratory system	Gram-	0	0.0	0	0.0	3539047.0	3405.0	1826182.0	52.0	3282.0	96.39	ftp://ftp.ncbi.nlm.nih.gov/genomes/all/GCF/000/735/525/GCF_000735525.1_GTPT_DRAFTv1	Tatumella.json	0.0			0.0	Tatumella	genus
Clostridium glycolicum ATCC 14880 (1121315.3)				Terrisporobacter	Peptostreptococcaceae	Eubacteriales	Clostridia	Firmicutes	Bacteria	Human		1121315.3	GCF_000373865.1	2515154199.0			0.0	0.0	Yes	0.0	Environmental	Terrestrial	Unclassified	Soil	Gram+		0.0		0.0	4003496.0	3918.0	1134072.0	28.0	3842.0	98.06		Terrisporobacter.json	0.0				Terrisporobacter	genus
	0.0	Tessaracoccus massiliensis	Tessaracoccus massiliensis	Tessaracoccus	Propionibacteriaceae	Propionibacteriales	Actinomycetia	Actinobacteria	Bacteria	Human	1522311.0		GCF_000826065.2	2636415402.0	PMID:25567229	Literature research	0.0	0.0	Yes	0.0	0	0	0	0	Gram+	Facultative	0.0	0	0.0	3211248.0	3119.0	2177721.0	68.0	3057.0	98.01	ftp://ftp.ncbi.nlm.nih.gov/genomes/all/GCF/000/826/065/GCF_000826065.2_Tessaracoccus_massiliensis_SIT6	Tessaracoccus.json	0.0		0.0	0.0	Tessaracoccus	genus
	0.0	Tetragenococcus koreensis	Tetragenococcus koreensis	Tetragenococcus	Enterococcaceae	Lactobacillales	Bacilli	Firmicutes	Bacteria	Human	290335.0			2836819050.0	https://www.biorxiv.org/content/10.1101/691030v1	Literature research	0.0	0.0	Yes	0.0	0	0	0	0	Gram+	Facultative anaerobe	0.0	0	0.0	2732026.0	2737.0	1008594.0	37.0	2589.0	94.59		Tetragenococcus.json	0.0		0.0	0.0	Tetragenococcus	genus
	0.0	Thalassobacillus sp. TM-1	Thalassobacillus massiliensis	Thalassobacillus	Bacillaceae	Bacillales	Bacilli	Firmicutes	Bacteria	Human	1462525.0		GCF_001368835.1		PMID:25567229	Literature research									Gram+											ftp://ftp.ncbi.nlm.nih.gov/genomes/all/GCF/001/368/835/GCF_001368835.1_Thalassobacillus_massiliensis	Thalassobacillus.json			0.0		Thalassobacillus	genus
Thermoanaerobacter pseudethanolicus ATCC 33223 (340099.6)	1.0	Thermoanaerobacter pseudethanolicus ATCC 33223	Thermoanaerobacter pseudethanolicus	Thermoanaerobacter	Thermoanaerobacteraceae	Thermoanaerobacterales	Clostridia	Firmicutes	Bacteria	Mouse	340099.0	340099.6	GCF_000019085.1	641522655.0	Personal communication, Dr. Jan Krumsiek	Personal communication	0.0	0.0	Yes	0.0	Environmental	Aquatic	Unclassified	Thermal springs	Gram+	Anaerobe		Motile	0.0	2362816.0	2363.0	815473.0	35.0	2291.0	96.95	ftp://ftp.ncbi.nlm.nih.gov/genomes/all/GCF/000/019/085/GCF_000019085.1_ASM1908v1	Thermoanaerobacter.json	0.0				Thermoanaerobacter	genus
			Thermoclostridium stercorarium	Thermoclostridium	Oscillospiraceae	Eubacteriales	Clostridia	Firmicutes	Bacteria	Human					https://www.biorxiv.org/content/10.1101/691030v1	Literature research	0.0	0.0							Gram+	Anaerobe	0.0	0	0.0								Thermoclostridium.json	0.0		0.0	0.0	Thermoclostridium	genus
			Thermus scotoductus	Thermus	Thermaceae	Thermales	Deinococci	Deinococcus-Thermus	Bacteria	Human					PMID:31171880	Literature research	0.0	0.0	Yes	0.0					Gram-	Facultative	0.0	0	0.0				65.0				Thermus.json	0.0			0.0	Thermus	genus
	0.0	Timonella senegalensis JC301	Timonella senegalensis	Timonella	unclassified Micrococcales	Micrococcales	Actinomycetia	Actinobacteria	Bacteria	Human	1095772.0		GCF_000312125.1	2547132155.0	PMID:25567229	Literature research	0.0	0.0	Yes	0.0	Host-associated	Human	Large intestine	Digestive system	Gram+	Aerobe	0.0	Motile	0.0	2986605.0	2817.0	1834645.0	61.0	2735.0	97.09	ftp://ftp.ncbi.nlm.nih.gov/genomes/all/GCF/000/312/125/GCF_000312125.1_ASM31212v1	Timonella.json		GCF_000312125.1			Timonella	genus
	0.0	Trabulsiella guamensis ATCC 49490	Trabulsiella guamensis	Trabulsiella	Enterobacteriaceae	Enterobacterales	Gammaproteobacteria	Proteobacteria	Bacteria	Human	1005994.0		GCF_000734965.1	2588253800.0	PMID:20203603; PMID:24861948	AGORA 1.03	0.0	0.0	Yes	0.0	Environmental	Unclassified	Unclassified	Unclassified	Gram-	0	0.0	0	0.0	4929751.0	4807.0	2641843.0	54.0	4740.0	98.61	ftp://ftp.ncbi.nlm.nih.gov/genomes/all/GCF/000/734/965/GCF_000734965.1_ASM73496v1	Trabulsiella.json	0.0		0.0	0.0	Trabulsiella	genus
				Treponema	Treponemataceae	Spirochaetales	Spirochaetia	Spirochaetes	Bacteria	Human						Literature research	0.0	0.0	Yes	0.0	Host-associated				Gram-		0.0		0.0								Treponema.json				0.0	Treponema	genus
	2.0		Tropheryma whipplei	Tropheryma	Tropherymataceae	Micrococcales	Actinomycetia	Actinobacteria	Bacteria	Human							0.0	0.0	Yes		Host-associated				Gram+	Aerobe	0.0	Nonmotile	0.0				46.0				Tropheryma.json	0.0				Tropheryma	genus
	0.0	Trueperella pyogenes MS249	Trueperella pyogenes	Trueperella	Actinomycetaceae	Actinomycetales	Actinomycetia	Actinobacteria	Bacteria	Human	1448141.0		GCF_000599565.1	2568526326.0	PMID:20203603; PMID:24861948	AGORA 1.03	0.0	0.0	Yes	0.0	0	0	0	0	Gram+	Facultative anaerobe	0.0	Nonmotile	0.0	2216617.0	2079.0	1326545.0	60.0	2020.0	97.16	ftp://ftp.ncbi.nlm.nih.gov/genomes/all/GCF/000/599/565/GCF_000599565.1_TruePyoMS2391.0	Trueperella.json	0.0	GCF_000196075.1	0.0	0.0	Trueperella	genus
				Turicibacter	Turicibacteraceae	Erysipelotrichales	Erysipelotrichia	Firmicutes	Bacteria								0.0	0.0							Gram+		0.0		0.0								Turicibacter.json	0.0		0.0	0.0	Turicibacter	genus
	0.0	Turicimonas muris	Turicimonas muris	Turicimonas	Sutterellaceae	Burkholderiales	Betaproteobacteria	Proteobacteria	Bacteria	Mouse	1796652.0		GCF_002221595.1	2757320705.0	PMID:27670113	Literature research	0.0	0.0	Yes	0.0	Host-associated	Mammals	Unclassified	Unclassified	Gram-	0	0.0	0	0.0	2886967.0	2634.0	1272915.0	44.0	2536.0	96.28	ftp://ftp.ncbi.nlm.nih.gov/genomes/all/GCF/002/221/595/GCF_002221595.1_ASM222159v1	Turicimonas.json	0.0		0.0	0.0	Turicimonas	genus
Clostridium nexile DSM 1787 (500632.7)				Tyzzerella	Lachnospiraceae	Eubacteriales	Clostridia	Firmicutes	Bacteria	Human		500632.7	GCF_000156035.2	642979369.0			0.0	0.0	Yes	0.0	Host-associated	Human	Large intestine	Digestive system	Gram+	Anaerobe	0.0		0.0	3861016.0	4297.0	1547976.0	40.0	4239.0	98.65		Tyzzerella.json					Tyzzerella	genus
				Ureaplasma	Mycoplasmataceae	Mycoplasmatales	Mollicutes	Tenericutes	Bacteria	Human							0.0	0.0	Yes		Host-associated		Unclassified		Gram-	Facultative anaerobe	0.0		0.0								Ureaplasma.json					Ureaplasma	genus
Ureibacillus thermosphaericus str. Thermo-BF (1160707.3)	2.0	Ureibacillus thermosphaericus str. Thermo-BF	Ureibacillus thermosphaericus	Ureibacillus	Planococcaceae	Bacillales	Bacilli	Firmicutes	Bacteria	Human	1160707.0	1160707.3	GCF_000284835.1	2548876990.0	PMID:20203603; PMID:24861948	AGORA 1.03	0.0	0.0	Yes	0.0	Environmental	Aquatic	Unclassified	Thermal springs	Gram+	Obligate aerobe	0.0	0	0.0	2846106.0	2809.0	1012645.0	36.0	2769.0	98.58	ftp://ftp.ncbi.nlm.nih.gov/genomes/all/GCF/000/284/835/GCF_000284835.1_UreThermo-BF	Ureibacillus.json	0.0	GCF_000169595.1	0.0	0.0	Ureibacillus	genus
	0.0		Vagococcus fluvialis	Vagococcus	Enterococcaceae	Lactobacillales	Bacilli	Firmicutes	Bacteria	Human					https://www.biorxiv.org/content/10.1101/691030v1	Literature research	0.0	0.0	Yes	0.0					Gram+	Facultative anaerobe	0.0	0	0.0								Vagococcus.json	0.0		0.0	0.0	Vagococcus	genus
	0.0			Vallitalea	Vallitaleaceae	Eubacteriales	Clostridia	Firmicutes	Bacteria	Mouse					Personal communication, Dr. Jan Krumsiek	Personal communication	0.0	0.0							Gram+	0	0.0	0	0.0								Vallitalea.json	0.0		0.0	0.0	Vallitalea	genus
	0.0		Varibaculum cambriense	Varibaculum	Actinomycetaceae	Actinomycetales	Actinomycetia	Actinobacteria	Bacteria	Human							0.0	0.0	Yes	0.0					Gram+	Anaerobe	0.0	0	0.0				53.0				Varibaculum.json	0.0	GCF_001553285.1	0.0	0.0	Varibaculum	genus
			Variovorax paradoxus	Variovorax	Comamonadaceae	Burkholderiales	Betaproteobacteria	Proteobacteria	Bacteria	Human					https://www.biorxiv.org/content/10.1101/691030v1	Literature research	0.0	0.0	Yes	0.0					Gram-	Aerobe	0.0		0.0								Variovorax.json	0.0		0.0	0.0	Variovorax	genus
				Veillonella	Veillonellaceae	Veillonellales	Negativicutes	Firmicutes	Bacteria	Human							0.0	0.0	Yes	0.0					Gram-		0.0										Veillonella.json					Veillonella	genus
				Vibrio	Vibrionaceae	Vibrionales	Gammaproteobacteria	Proteobacteria	Bacteria	Human							0.0	0.0	Yes						Gram-	Facultative anaerobe	0.0		0.0								Vibrio.json	0.0				Vibrio	genus
	0.0	Victivallis vadensis	Victivallis vadensis	Victivallis	Victivallaceae	Victivallales	Lentisphaeria	Lentisphaerae	Bacteria	Human	172901.0			2756170241.0	https://www.biorxiv.org/content/10.1101/691030v1	Literature research	0.0	0.0	Yes	0.0	Host-associated	Human	Large intestine	Digestive system	Gram-	Anaerobe	0.0	0	0.0	5199916.0	4127.0	3099222.0	60.0	4063.0	98.45		Victivallis.json	0.0		0.0	0.0	Victivallis	genus
	0.0			Virgibacillus	Bacillaceae	Bacillales	Bacilli	Firmicutes	Bacteria	Human					PMID:25567229	Literature research	0.0	0.0	Yes	0.0	0	0	0	0	Gram+	Aerobe	0.0	0	0.0								Virgibacillus.json	0.0		0.0	0.0	Virgibacillus	genus
	0.0	Vitreoscilla massiliensis CSUR P2036	Vitreoscilla massiliensis	Vitreoscilla	Neisseriaceae	Neisseriales	Betaproteobacteria	Proteobacteria	Bacteria	Human	1689272.0		GCF_001457815.1		PMID:30745586	Literature research									Gram-	Aerobe										ftp.ncbi.nlm.nih.gov/genomes/all/GCF/001/457/815/GCF_001457815.1_Vitreoscilla_massiliensis	Vitreoscilla.json		GCF_001457815.1			Vitreoscilla	genus
				Weissella	Lactobacillaceae	Lactobacillales	Bacilli	Firmicutes	Bacteria	Human							0.0	0.0	Yes	0.0					Gram+	Aerotolerant	0.0		0.0								Weissella.json	0.0		0.0	0.0	Weissella	genus
	0.0	Xanthomonas massiliensis CSUR P2129	Xanthomonas massiliensis	Xanthomonas	Xanthomonadaceae	Xanthomonadales	Gammaproteobacteria	Proteobacteria	Bacteria	Human	1720302.0		GCF_900018785.1		PMID:30745586	Literature research									Gram-	Aerobe										ftp.ncbi.nlm.nih.gov/genomes/all/GCF/900/018/785/GCF_900018785.1_Xanthomonas_massiliensis	Xanthomonas.json		GCF_900018785.1			Xanthomonas	genus
				Yersinia	Yersiniaceae	Enterobacterales	Gammaproteobacteria	Proteobacteria	Bacteria	Human							0.0	0.0	Yes						Gram-	Facultative anaerobe	0.0		0.0								Yersinia.json					Yersinia	genus
Yokenella regensburgei ATCC 43003 (1002368.3)	2.0	Yokenella regensburgei ATCC 43003	Yokenella regensburgei	Yokenella	Enterobacteriaceae	Enterobacterales	Gammaproteobacteria	Proteobacteria	Bacteria	Human	1002368.0	1002368.3	GCF_000239335.1	2534682241.0	PMID:20203603; PMID:24861948	AGORA 1.03	0.0	0.0	Yes	0.0	Host-associated	Human	Large intestine	Digestive system	Gram-	0	0.0	0	0.0	4681132.0	4795.0	2566283.0	55.0	4710.0	98.23	ftp://ftp.ncbi.nlm.nih.gov/genomes/all/GCF/000/239/335/GCF_000239335.1_ASM23933v1	Yokenella.json		GCF_000239335.1		0.0	Yokenella	genus
	0.0	Yoonia vestfoldensis SKA53	Yoonia vestfoldensis	Yoonia	Rhodobacteraceae	Rhodobacterales	Alphaproteobacteria	Proteobacteria	Bacteria	Human	314232.0		GCF_002158905.1	638341119.0	https://www.biorxiv.org/content/10.1101/691030v1	Literature research	0.0	0.0	Yes	0.0	Environmental	Aquatic	Unclassified	Marine	Gram-	Aerobe	0.0	Nonmotile	0.0	3063691.0	3117.0	1837039.0	60.0	3068.0	98.43	ftp://ftp.ncbi.nlm.nih.gov/genomes/all/GCF/002/158/905/GCF_002158905.1_ASM215890v1	Yoonia.json	0.0				Yoonia	genus
	0.0			unclassified Bacteria	unclassified Bacteria	unclassified Bacteria	unclassified Bacteria	unclassified Bacteria	Bacteria	Human					PMID:25567229	Literature research																					unclassified_Bacteria.json					unclassified_Bacteria	genus
	0.0	Bacteroidales	Bacteroidales nov. ERR2221200	unclassified Bacteroidales	unclassified Bacteroidales	Bacteroidales	Bacteroidia	Bacteroidetes	Bacteria	Human	171549.0				PMID:30718869	Forster et al. resource	0.0	0.0							Gram-	0	0.0	0	0.0							ftp.sra.ebi.ac.uk/vol1/fastq/ERR222/000/ERR2221200/ERR2221200_1.fastq.gz;ftp.sra.ebi.ac.uk/vol1/fastq/ERR222/000/ERR2221200/ERR2221200_2.fastq.gz	unclassified_Bacteroidales.json	0.0		0.0	0.0	unclassified_Bacteroidales	genus
Bacteroidetes oral taxon 274 str. F0058 (575590.3)				unclassified Bacteroidetes	unclassified Bacteroidetes	unclassified Bacteroidetes	unclassified Bacteroidetes	Bacteroidetes	Bacteria	Human		575590.3				Literature research	0.0	0.0	Yes	0.0	Host-associated	Human			Gram-	Anaerobe	0.0		0.0								unclassified_Bacteroidetes.json		GCF_000382465.1			unclassified_Bacteroidetes	genus
Burkholderiales bacterium 1_1_47 (469610.4)				unclassified Burkholderiales	unclassified Burkholderiales	Burkholderiales	Betaproteobacteria	Proteobacteria	Bacteria	Human		469610.4					0.0	0.0	Yes	0.0	Host-associated				Gram-		0.0		0.0								unclassified_Burkholderiales.json					unclassified_Burkholderiales	genus
	0.0	Candidatus Melainabacteria bacterium MEL.A1	Candidatus Melainabacterium	unclassified Candidatus Melainabacteria	unclassified Candidatus Melainabacteria	unclassified Candidatus Melainabacteria	unclassified Candidatus Melainabacteria	Candidatus Melainabacteria	Bacteria	Human	1899017.0		GCA_001765415.1		PMID:20203603; PMID:24861948	AGORA 1.03	0.0	0.0							Gram-	0	0.0	0	0.0							ftp://ftp.ncbi.nlm.nih.gov/genomes/all/GCA/001/765/415/GCA_001765415.1_ASM176541v1	unclassified_Candidatus_Melainabacteria.json	0.0	GCA_001765415.1	0.0	0.0	unclassified_Candidatus_Melainabacteria	genus
	0.0	Christensenella	Christensenellaceae nov. ERR1022455	unclassified Christensenellaceae	Christensenellaceae	Eubacteriales	Clostridia	Firmicutes	Bacteria	Human	990721.0				PMID:30718869	Forster et al. resource	0.0	0.0							Gram+	Obligate anaerobe	0.0	0	0.0							ftp.sra.ebi.ac.uk/vol1/fastq/ERR102/005/ERR1022455/ERR1022455_1.fastq.gz;ftp.sra.ebi.ac.uk/vol1/fastq/ERR102/005/ERR1022455/ERR1022455_2.fastq.gz	unclassified_Christensenellaceae.json	0.0		0.0	0.0	unclassified_Christensenellaceae	genus
	0.0			unclassified Clostridiaceae	Clostridiaceae	Eubacteriales	Clostridia	Firmicutes	Bacteria	Human							0.0	0.0							Gram+	0	0.0	0	0.0								unclassified_Clostridiaceae.json	0.0		0.0	0.0	unclassified_Clostridiaceae	genus
	2.0			unclassified Clostridiales	unclassified Clostridiales	Eubacteriales	Clostridia	Firmicutes	Bacteria	Human					PMID:20203603; PMID:24861948	AGORA 1.03	0.0	0.0	Yes	0.0	Host-associated	Human	Large intestine	Digestive system	Gram+		0.0		0.0								unclassified_Clostridiales.json					unclassified_Clostridiales	genus
				unclassified Clostridiales Incertae Sedis XIII	Eubacteriales Family XIII. Incertae Sedis	Eubacteriales	Clostridia	Firmicutes	Bacteria	Human					PMID:20203603; PMID:24861948	AGORA 1.03	0.0	0.0	Yes	0.0	Host-associated	Human	Oral	Digestive system	Gram+		0.0	0	0.0								unclassified_Clostridiales_Incertae_Sedis_XIII.json				0.0	unclassified_Clostridiales_Incertae_Sedis_XIII	genus
	0.0	Eubacteriales		unclassified Clostridiales incertae sedis	Clostridiales incertae sedis	Clostridiales	Clostridia	Firmicutes	Bacteria	Human	186802.0				PMID:30718869	Forster et al. resource	0.0	0.0							Gram+	0	0.0	0	0.0								unclassified_Clostridiales_incertae_sedis.json	0.0		0.0	0.0	unclassified_Clostridiales_incertae_sedis	genus
	0.0	Hugonella massiliensis AT8	Hugonella massiliensis	unclassified Eggerthellaceae	Eggerthellaceae	Eggerthellales	Coriobacteriia	Actinobacteria	Bacteria	Human	1720315.0		GCF_001486445.1		PMID:30745586	Literature research									Gram+											ftp.ncbi.nlm.nih.gov/genomes/all/GCA/001/486/445/GCA_001486445.1_Hugonella_massiliensis	unclassified_Eggerthellaceae.json		GCF_001486445.1			unclassified_Eggerthellaceae	genus
Enterobacteriaceae bacterium 9_2_54FAA (469613.3)	2.0	Enterobacteriaceae bacterium 9_2_54FAA	Enterobacteriaceae bacterium 9_2_54FAA	unclassified Enterobacteriaceae	Enterobacteriaceae	Enterobacterales	Gammaproteobacteria	Proteobacteria	Bacteria	Human	469613.0	469613.3	GCF_000185685.2	2562617162.0	PMID:20203603; PMID:24861948	AGORA 1.03	0.0	0.0	Yes	0.0	Host-associated	Human	Unclassified	Unclassified	Gram-	0	0.0	0	0.0	4497073.0	4170.0	2158874.0	48.0	4086.0	97.99	ftp://ftp.ncbi.nlm.nih.gov/genomes/all/GCF/000/185/685/GCF_000185685.2_Ente_bact_9_2_54FAA_V2	unclassified_Enterobacteriaceae.json				0.0	unclassified_Enterobacteriaceae	genus
				unclassified Erysipelotrichaceae	Erysipelotrichaceae	Erysipelotrichales	Erysipelotrichia	Firmicutes	Bacteria	Human							0.0	0.0	Yes	0.0	Host-associated				Gram+	0	0.0		0.0								unclassified_Erysipelotrichaceae.json				0.0	unclassified_Erysipelotrichaceae	genus
	0.0	Mediannikovella massiliensis mt11	Mediannikovella massiliensis	unclassified Eubacteriales	unclassified Eubacteriales	Eubacteriales	Clostridia	Firmicutes	Bacteria	Human	1686289.0		GCF_001282665.1		PMID:30745586	Literature research									Gram+											ftp.ncbi.nlm.nih.gov/genomes/all/GCA/001/282/665/GCA_001282665.1_Mediannikovella_massiliensis	unclassified_Eubacteriales.json		GCF_001282665.1			unclassified_Eubacteriales	genus
	0.0	Hungateiclostridiaceae bacterium KB18	Hungateiclostridiaceae bacterium KB18	unclassified Hungateiclostridiaceae	Oscillospiraceae	Eubacteriales	Clostridia	Firmicutes	Bacteria	Human	1834198.0		GCF_001688705.2	2721755613.0	PMID:31275260	Literature research	0.0	0.0	Yes	0.0	Host-associated	Mammals	Unclassified	Unclassified	Gram+	0	0.0	0	0.0	3802817.0	3877.0	2077942.0	55.0	3813.0	98.35	ftp://ftp.ncbi.nlm.nih.gov/genomes/all/GCF/001/688/705/GCF_001688705.2_ASM168870v2	unclassified_Hungateiclostridiaceae.json	0.0	GCF_001688705.2	0.0	0.0	unclassified_Hungateiclostridiaceae	genus
				unclassified Lachnospiraceae	Lachnospiraceae	Eubacteriales	Clostridia	Firmicutes	Bacteria	Human							0.0	0.0	Yes		Host-associated				Gram+	Anaerobe	0.0		0.0								unclassified_Lachnospiraceae.json					unclassified_Lachnospiraceae	genus
	0.0	Cloning vector yGALset401		unclassified Porphyromonadaceae	Porphyromonadaceae	Bacteroidales	Bacteroidia	Bacteroidetes	Bacteria	Human	71551.0				PMID:30718869	Forster et al. resource	0.0	0.0							Gram-	0	0.0	0	0.0								unclassified_Porphyromonadaceae.json	0.0		0.0	0.0	unclassified_Porphyromonadaceae	genus
	0.0	Prevotellaceae bacterium Marseille-P2826	Prevotellaceae bacterium Marseille-P2826	unclassified Prevotellaceae	Prevotellaceae	Bacteroidales	Bacteroidia	Bacteroidetes	Bacteria	Human	1852368.0		GCF_900095835.1		PMID:30745586	Literature research									Gram-											ftp.ncbi.nlm.nih.gov/genomes/all/GCA/900/095/835/GCA_900095835.1_PRJEB15302	unclassified_Prevotellaceae.json		GCF_900095835.1			unclassified_Prevotellaceae	genus
	0.0	Rikenellaceae		unclassified Rikenellaceae	Rikenellaceae	Bacteroidales	Bacteroidia	Bacteroidetes	Bacteria	Human	171550.0				PMID:30718869	Forster et al. resource	0.0	0.0							Gram-	Anaerobe	0.0	0	0.0								unclassified_Rikenellaceae.json	0.0		0.0	0.0	unclassified_Rikenellaceae	genus
				unclassified Ruminococcaceae		Eubacteriales	Clostridia	Firmicutes	Bacteria	Human							0.0	0.0	Yes	0.0					Gram+		0.0		0.0								unclassified_Ruminococcaceae.json					unclassified_Ruminococcaceae	genus
	0.0	Veillonellaceae	Veillonellaceae nov. ERR2221308	unclassified Veillonellaceae	Veillonellaceae	Veillonellales	Negativicutes	Firmicutes	Bacteria	Human	31977.0				PMID:30718869	Forster et al. resource	0.0	0.0							Gram-	0	0.0	0	0.0							ftp.sra.ebi.ac.uk/vol1/fastq/ERR222/008/ERR2221308/ERR2221308_1.fastq.gz;ftp.sra.ebi.ac.uk/vol1/fastq/ERR222/008/ERR2221308/ERR2221308_2.fastq.gz	unclassified_Veillonellaceae.json	0.0		0.0	0.0	unclassified_Veillonellaceae	genus
Eubacterium infirmum F0142 (883109.3)	1.0	Eubacterium infirmum F0142	[Eubacterium] infirmum	unclassified unclassified Clostridiales Incertae Sedis XIII	Eubacteriales Family XIII. Incertae Sedis	Eubacteriales	Clostridia	Firmicutes	Bacteria	Human	883109.0	883109.3	GCF_000242675.1	2513237384.0	PMID:31171880	Literature research	0.0	0.0	Yes	0.0	Host-associated	Human	Oral	Digestive system	Gram+	0	0.0	0		1900824.0	1812.0	762295.0	40.0	1765.0	97.41	ftp://ftp.ncbi.nlm.nih.gov/genomes/all/GCF/000/242/675/GCF_000242675.1_Euba_infi_F0142_V1	unclassified_unclassified_Clostridiales_Incertae_Sedis_XIII.json				0.0	unclassified_unclassified_Clostridiales_Incertae_Sedis_XIII	genus
